2026-09-15 19:31:33,829 - mcp_server.main - INFO - WebSocket connection accepted (subprotocol=None)
2026-09-15 19:31:33,834 - mcp_server.main - INFO - Received MCP request: tools/list (ID: 1)
2026-09-15 19:31:33,835 - mcp_server.main - INFO - Processing tools/list request
2026-09-15 19:31:33,836 - mcp_server.main - INFO - Tools list request completed
2026-09-15 19:31:33,838 - mcp_server.main - INFO - WebSocket connection disconnected
2026-09-15 19:35:11,954 - mcp_server.main - INFO - WebSocket connection accepted (subprotocol=None)
2026-09-15 19:35:11,956 - mcp_server.main - INFO - Received MCP request: tools/call (ID: 1)
2026-09-15 19:35:11,957 - mcp_server.main - INFO - Executing tool: list_integrations
2026-09-15 19:35:11,960 - mcp_server.tools - INFO - Tool _call_list_integrations called with params: {'limit': 1}
2026-09-15 19:35:11,961 - mcp_server.oic_client - INFO - Calling list_integrations - only_activated: None, limit: 1, page: None
2026-09-15 19:35:12,272 - mcp_server.oic_client - INFO - Fetching new OAuth token
2026-09-15 19:35:13,158 - httpx - INFO - HTTP Request: POST https://idcs-40ce518ee4354cb8b8a1f54926629fc0.identity.oraclecloud.com/oauth2/v1/token "HTTP/1.1 200 OK"
2026-09-15 19:35:13,162 - mcp_server.oic_client - INFO - OAuth token fetched successfully in 0.89s
2026-09-15 19:35:14,271 - httpx - INFO - HTTP Request: GET https://ap-ccs-oic-uat-axhknnpmgslz-si.integration.ap-singapore-1.ocp.oraclecloud.com/ic/api/integration/v1/integrations?limit=1&integrationInstance=ap-ccswacs-oic-dev-axhknnpmgslz-si "HTTP/1.1 307 Temporary Redirect"
2026-09-15 19:35:15,180 - httpx - INFO - HTTP Request: GET https://design.integration.ap-singapore-1.ocp.oraclecloud.com/ic/api/integration/v1/integrations?limit=1&integrationInstance=ap-ccswacs-oic-dev-axhknnpmgslz-si&integrationInstance=ap-ccs-oic-uat-axhknnpmgslz-si "HTTP/1.1 200 OK"
2026-09-15 19:35:15,183 - mcp_server.oic_client - INFO - HTTP request to /ic/api/integration/v1/integrations completed in 2.02s (Status: 200)
2026-09-15 19:35:15,183 - mcp_server.oic_client - INFO - list_integrations returned 0 items, total: 0, hasMore: False in 3.22s
2026-09-15 19:35:15,184 - mcp_server.tools - INFO - Tool _call_list_integrations completed in 3.22s
2026-09-15 19:35:15,184 - mcp_server.main - INFO - Tool list_integrations executed successfully in 3.22s
2026-09-15 19:35:15,185 - mcp_server.main - INFO - Tool list_integrations request completed in 3.23s total
2026-09-15 19:35:15,186 - mcp_server.main - INFO - WebSocket connection disconnected
2026-09-16 12:23:06,381 - mcp_server.main - INFO - WebSocket connection accepted (subprotocol='mcp')
2026-09-16 12:23:06,391 - mcp_server.main - INFO - Received MCP request: initialize (ID: 1)
2026-09-16 12:23:06,392 - mcp_server.main - INFO - Processing initialize request
2026-09-16 12:23:06,393 - mcp_server.main - INFO - Initialize request completed
2026-09-16 12:23:06,395 - mcp_server.main - INFO - WebSocket connection disconnected
2026-09-16 12:32:48,176 - mcp_server.main - INFO - WebSocket connection accepted (subprotocol=None)
2026-09-16 12:32:58,184 - mcp_server.main - ERROR - JSON decode error: Expecting value: line 1 column 1 (char 0)
2026-09-16 12:33:23,225 - mcp_server.main - ERROR - JSON decode error: Expecting value: line 1 column 1 (char 0)
2026-09-16 12:34:24,336 - mcp_server.main - INFO - WebSocket connection disconnected
2026-09-16 12:34:25,432 - mcp_server.main - INFO - WebSocket connection accepted (subprotocol=None)
2026-09-16 12:34:30,406 - mcp_server.main - ERROR - JSON decode error: Expecting value: line 1 column 1 (char 0)
2026-09-16 12:35:16,809 - mcp_server.main - INFO - Received MCP request: initialize (ID: 1)
2026-09-16 12:35:16,810 - mcp_server.main - INFO - Processing initialize request
2026-09-16 12:35:16,810 - mcp_server.main - INFO - Initialize request completed
2026-09-16 12:36:54,755 - mcp_server.main - INFO - Received MCP request: tools/call (ID: 3)
2026-09-16 12:36:54,755 - mcp_server.main - ERROR - Unknown tool: list_projects
2026-09-16 12:37:16,907 - mcp_server.main - INFO - WebSocket connection accepted (subprotocol='mcp')
2026-09-16 12:37:16,908 - mcp_server.main - INFO - Received MCP request: initialize (ID: 1)
2026-09-16 12:37:16,909 - mcp_server.main - INFO - Processing initialize request
2026-09-16 12:37:16,909 - mcp_server.main - INFO - Initialize request completed
2026-09-16 12:37:16,910 - mcp_server.main - INFO - Received MCP request: tools/list (ID: 2)
2026-09-16 12:37:16,910 - mcp_server.main - INFO - Processing tools/list request
2026-09-16 12:37:16,916 - mcp_server.main - INFO - Tools list request completed
2026-09-16 12:37:16,918 - mcp_server.main - INFO - WebSocket connection disconnected
2026-09-16 12:37:46,014 - mcp_server.main - INFO - Received MCP request: initialize (ID: 1)
2026-09-16 12:37:46,014 - mcp_server.main - INFO - Processing initialize request
2026-09-16 12:37:46,015 - mcp_server.main - INFO - Initialize request completed
2026-09-16 12:38:09,170 - mcp_server.main - INFO - Received MCP request: tools/list (ID: 2)
2026-09-16 12:38:09,170 - mcp_server.main - INFO - Processing tools/list request
2026-09-16 12:38:09,171 - mcp_server.main - INFO - Tools list request completed
2026-09-16 12:38:56,919 - mcp_server.main - INFO - Received MCP request: tools/call (ID: 3)
2026-09-16 12:38:56,919 - mcp_server.main - ERROR - Unknown tool: list_projects
2026-09-16 12:39:16,990 - mcp_server.main - INFO - Received MCP request: None (ID: None)
2026-09-16 12:39:16,990 - mcp_server.main - ERROR - Unknown method: None
2026-09-16 12:52:53,802 - mcp_server.main - INFO - WebSocket connection accepted (subprotocol='mcp')
2026-09-16 12:52:53,804 - mcp_server.main - INFO - Received MCP request: initialize (ID: 1)
2026-09-16 12:52:53,804 - mcp_server.main - INFO - Processing initialize request
2026-09-16 12:52:53,804 - mcp_server.main - INFO - Initialize request completed
2026-09-16 12:52:53,805 - mcp_server.main - INFO - WebSocket connection disconnected
2026-09-16 12:55:29,828 - mcp_server.main - INFO - WebSocket connection accepted (subprotocol=None)
2026-09-16 12:56:13,527 - mcp_server.main - INFO - WebSocket connection accepted (subprotocol='mcp')
2026-09-16 12:56:13,529 - mcp_server.main - INFO - Received MCP request: tools/list (ID: 1)
2026-09-16 12:56:13,529 - mcp_server.main - INFO - Processing tools/list request
2026-09-16 12:56:13,532 - mcp_server.main - INFO - Tools list request completed
2026-09-16 12:56:13,534 - mcp_server.main - INFO - WebSocket connection disconnected
2026-09-16 12:56:26,415 - mcp_server.main - INFO - WebSocket connection accepted (subprotocol='mcp')
2026-09-16 12:56:26,417 - mcp_server.main - INFO - Received MCP request: tools/call (ID: 1)
2026-09-16 12:56:26,418 - mcp_server.main - INFO - Executing tool: list_projects
2026-09-16 12:56:26,418 - mcp_server.tools - INFO - Tool _call_list_projects called with params: {'limit': 10}
2026-09-16 12:56:26,956 - mcp_server.oic_client - INFO - Fetching new OAuth token
2026-09-16 12:56:27,254 - httpx - INFO - HTTP Request: POST https://idcs-40ce518ee4354cb8b8a1f54926629fc0.identity.oraclecloud.com/oauth2/v1/token "HTTP/1.1 200 OK"
2026-09-16 12:56:27,259 - mcp_server.oic_client - INFO - OAuth token fetched successfully in 0.30s
2026-09-16 12:56:27,606 - httpx - INFO - HTTP Request: GET https://ap-ccs-oic-uat-axhknnpmgslz-si.integration.ap-singapore-1.ocp.oraclecloud.com/ic/api/integration/v1/projects?limit=10&integrationInstance=ap-ccswacs-oic-dev-axhknnpmgslz-si "HTTP/1.1 307 Temporary Redirect"
2026-09-16 12:56:28,792 - httpx - INFO - HTTP Request: GET https://design.integration.ap-singapore-1.ocp.oraclecloud.com/ic/api/integration/v1/projects?limit=10&integrationInstance=ap-ccswacs-oic-dev-axhknnpmgslz-si&integrationInstance=ap-ccs-oic-uat-axhknnpmgslz-si "HTTP/1.1 200 OK"
2026-09-16 12:56:28,796 - mcp_server.oic_client - INFO - HTTP request to /ic/api/integration/v1/projects completed in 1.54s (Status: 200)
2026-09-16 12:56:28,798 - mcp_server.tools - INFO - Tool _call_list_projects completed in 2.38s
2026-09-16 12:56:28,799 - mcp_server.main - INFO - Tool list_projects executed successfully in 2.38s
2026-09-16 12:56:28,801 - mcp_server.main - INFO - Tool list_projects request completed in 2.38s total
2026-09-16 12:56:28,803 - mcp_server.main - INFO - WebSocket connection disconnected
2026-09-16 12:57:04,483 - mcp_server.main - ERROR - JSON decode error: Expecting ',' delimiter: line 8 column 14 (char 217)
2026-09-16 12:57:13,010 - mcp_server.main - INFO - Received MCP request: tools/call (ID: 1)
2026-09-16 12:57:13,010 - mcp_server.main - INFO - Executing tool: list_projects
2026-09-16 12:57:13,011 - mcp_server.tools - INFO - Tool _call_list_projects called with params: {'limit': 10}
2026-09-16 12:57:14,043 - httpx - INFO - HTTP Request: GET https://ap-ccs-oic-uat-axhknnpmgslz-si.integration.ap-singapore-1.ocp.oraclecloud.com/ic/api/integration/v1/projects?limit=10&integrationInstance=ap-ccswacs-oic-dev-axhknnpmgslz-si "HTTP/1.1 307 Temporary Redirect"
2026-09-16 12:57:14,408 - httpx - INFO - HTTP Request: GET https://design.integration.ap-singapore-1.ocp.oraclecloud.com/ic/api/integration/v1/projects?limit=10&integrationInstance=ap-ccswacs-oic-dev-axhknnpmgslz-si&integrationInstance=ap-ccs-oic-uat-axhknnpmgslz-si "HTTP/1.1 200 OK"
2026-09-16 12:57:14,411 - mcp_server.oic_client - INFO - HTTP request to /ic/api/integration/v1/projects completed in 1.40s (Status: 200)
2026-09-16 12:57:14,412 - mcp_server.tools - INFO - Tool _call_list_projects completed in 1.40s
2026-09-16 12:57:14,413 - mcp_server.main - INFO - Tool list_projects executed successfully in 1.40s
2026-09-16 12:57:14,415 - mcp_server.main - INFO - Tool list_projects request completed in 1.41s total
2026-09-16 12:58:25,005 - mcp_server.main - INFO - Received MCP request: tools/call (ID: 1)
2026-09-16 12:58:25,005 - mcp_server.main - INFO - Executing tool: list_projects
2026-09-16 12:58:25,006 - mcp_server.tools - INFO - Tool _call_list_projects called with params: {'limit': 100}
2026-09-16 12:58:25,266 - httpx - INFO - HTTP Request: GET https://ap-ccs-oic-uat-axhknnpmgslz-si.integration.ap-singapore-1.ocp.oraclecloud.com/ic/api/integration/v1/projects?limit=100&integrationInstance=ap-ccswacs-oic-dev-axhknnpmgslz-si "HTTP/1.1 307 Temporary Redirect"
2026-09-16 12:58:26,483 - httpx - INFO - HTTP Request: GET https://design.integration.ap-singapore-1.ocp.oraclecloud.com/ic/api/integration/v1/projects?limit=100&integrationInstance=ap-ccswacs-oic-dev-axhknnpmgslz-si&integrationInstance=ap-ccs-oic-uat-axhknnpmgslz-si "HTTP/1.1 200 OK"
2026-09-16 12:58:26,486 - mcp_server.oic_client - INFO - HTTP request to /ic/api/integration/v1/projects completed in 1.48s (Status: 200)
2026-09-16 12:58:26,487 - mcp_server.tools - INFO - Tool _call_list_projects completed in 1.48s
2026-09-16 12:58:26,488 - mcp_server.main - INFO - Tool list_projects executed successfully in 1.48s
2026-09-16 12:58:26,490 - mcp_server.main - INFO - Tool list_projects request completed in 1.48s total
2026-09-16 12:59:36,215 - mcp_server.main - INFO - Received MCP request: tools/call (ID: 1)
2026-09-16 12:59:36,216 - mcp_server.main - INFO - Executing tool: list_project_integrations
2026-09-16 12:59:36,216 - mcp_server.tools - INFO - Tool _call_list_project_integrations called with params: {'projectId': 'APDU_WACS_COMMON', 'limit': 10}
2026-09-16 12:59:37,224 - httpx - INFO - HTTP Request: GET https://ap-ccs-oic-uat-axhknnpmgslz-si.integration.ap-singapore-1.ocp.oraclecloud.com/ic/api/integration/v1/projects/APDU_WACS_COMMON/integrations?limit=10&integrationInstance=ap-ccswacs-oic-dev-axhknnpmgslz-si "HTTP/1.1 307 Temporary Redirect"
2026-09-16 12:59:38,451 - httpx - INFO - HTTP Request: GET https://design.integration.ap-singapore-1.ocp.oraclecloud.com/ic/api/integration/v1/projects/APDU_WACS_COMMON/integrations?limit=10&integrationInstance=ap-ccswacs-oic-dev-axhknnpmgslz-si&integrationInstance=ap-ccs-oic-uat-axhknnpmgslz-si "HTTP/1.1 200 OK"
2026-09-16 12:59:38,456 - mcp_server.oic_client - INFO - HTTP request to /ic/api/integration/v1/projects/APDU_WACS_COMMON/integrations completed in 2.24s (Status: 200)
2026-09-16 12:59:38,458 - mcp_server.tools - INFO - Tool _call_list_project_integrations completed in 2.24s
2026-09-16 12:59:38,458 - mcp_server.main - INFO - Tool list_project_integrations executed successfully in 2.24s
2026-09-16 12:59:38,461 - mcp_server.main - INFO - Tool list_project_integrations request completed in 2.25s total
2026-09-16 16:10:47,421 - mcp_server.main - INFO - WebSocket connection disconnected
2026-09-16 16:10:48,208 - mcp_server.main - INFO - WebSocket connection accepted (subprotocol=None)
2026-09-16 16:10:50,152 - mcp_server.main - INFO - Received MCP request: tools/call (ID: 1)
2026-09-16 16:10:50,154 - mcp_server.main - INFO - Executing tool: list_project_integrations
2026-09-16 16:10:50,155 - mcp_server.tools - INFO - Tool _call_list_project_integrations called with params: {'projectId': 'APDU_WACS_COMMON', 'limit': 10}
2026-09-16 16:10:50,156 - mcp_server.oic_client - INFO - Fetching new OAuth token
2026-09-16 16:10:50,563 - httpx - INFO - HTTP Request: POST https://idcs-40ce518ee4354cb8b8a1f54926629fc0.identity.oraclecloud.com/oauth2/v1/token "HTTP/1.1 200 OK"
2026-09-16 16:10:50,569 - mcp_server.oic_client - INFO - OAuth token fetched successfully in 0.41s
2026-09-16 16:10:50,870 - httpx - INFO - HTTP Request: GET https://ap-ccs-oic-uat-axhknnpmgslz-si.integration.ap-singapore-1.ocp.oraclecloud.com/ic/api/integration/v1/projects/APDU_WACS_COMMON/integrations?limit=10&integrationInstance=ap-ccswacs-oic-dev-axhknnpmgslz-si "HTTP/1.1 307 Temporary Redirect"
2026-09-16 16:10:53,522 - httpx - INFO - HTTP Request: GET https://design.integration.ap-singapore-1.ocp.oraclecloud.com/ic/api/integration/v1/projects/APDU_WACS_COMMON/integrations?limit=10&integrationInstance=ap-ccswacs-oic-dev-axhknnpmgslz-si&integrationInstance=ap-ccs-oic-uat-axhknnpmgslz-si "HTTP/1.1 200 OK"
2026-09-16 16:10:53,525 - mcp_server.oic_client - INFO - HTTP request to /ic/api/integration/v1/projects/APDU_WACS_COMMON/integrations completed in 2.96s (Status: 200)
2026-09-16 16:10:53,527 - mcp_server.tools - INFO - Tool _call_list_project_integrations completed in 3.37s
2026-09-16 16:10:53,527 - mcp_server.main - INFO - Tool list_project_integrations executed successfully in 3.37s
2026-09-16 16:10:53,532 - mcp_server.main - INFO - Tool list_project_integrations request completed in 3.38s total
2026-09-16 16:36:50,976 - mcp_server.main - INFO - WebSocket connection accepted (subprotocol='mcp')
2026-09-16 16:36:51,067 - mcp_server.main - INFO - Received MCP request: initialize (ID: 0)
2026-09-16 16:36:51,076 - mcp_server.main - INFO - Processing initialize request
2026-09-16 16:36:51,084 - mcp_server.main - INFO - Initialize request completed
2026-09-16 16:36:51,091 - mcp_server.main - INFO - Received MCP request: notifications/initialized (ID: None)
2026-09-16 16:36:51,109 - mcp_server.main - ERROR - Unknown method: notifications/initialized
2026-09-16 16:36:51,114 - mcp_server.main - INFO - Received MCP request: tools/list (ID: 1)
2026-09-16 16:36:51,115 - mcp_server.main - INFO - Processing tools/list request
2026-09-16 16:36:51,117 - mcp_server.main - INFO - Tools list request completed
2026-09-16 16:36:51,431 - mcp_server.main - INFO - WebSocket connection accepted (subprotocol='mcp')
2026-09-16 16:36:51,451 - mcp_server.main - INFO - Received MCP request: initialize (ID: 0)
2026-09-16 16:36:51,498 - mcp_server.main - INFO - Processing initialize request
2026-09-16 16:36:51,563 - mcp_server.main - INFO - Initialize request completed
2026-09-16 16:36:51,588 - mcp_server.main - INFO - Received MCP request: notifications/initialized (ID: None)
2026-09-16 16:36:51,597 - mcp_server.main - ERROR - Unknown method: notifications/initialized
2026-09-16 16:36:51,600 - mcp_server.main - INFO - Received MCP request: tools/list (ID: 1)
2026-09-16 16:36:51,602 - mcp_server.main - INFO - Processing tools/list request
2026-09-16 16:36:51,604 - mcp_server.main - INFO - Tools list request completed
2026-09-16 16:41:21,535 - mcp_server.main - INFO - Received MCP request: tools/call (ID: 2)
2026-09-16 16:41:21,536 - mcp_server.main - INFO - Executing tool: list_projects
2026-09-16 16:41:21,536 - mcp_server.tools - INFO - Tool _call_list_projects called with params: {}
2026-09-16 16:41:22,039 - mcp_server.oic_client - INFO - Fetching new OAuth token
2026-09-16 16:41:22,380 - httpx - INFO - HTTP Request: POST https://idcs-40ce518ee4354cb8b8a1f54926629fc0.identity.oraclecloud.com/oauth2/v1/token "HTTP/1.1 200 OK"
2026-09-16 16:41:22,384 - mcp_server.oic_client - INFO - OAuth token fetched successfully in 0.34s
2026-09-16 16:41:22,923 - httpx - INFO - HTTP Request: GET https://ap-ccs-oic-uat-axhknnpmgslz-si.integration.ap-singapore-1.ocp.oraclecloud.com/ic/api/integration/v1/projects?integrationInstance=ap-ccswacs-oic-dev-axhknnpmgslz-si "HTTP/1.1 307 Temporary Redirect"
2026-09-16 16:41:23,566 - httpx - INFO - HTTP Request: GET https://design.integration.ap-singapore-1.ocp.oraclecloud.com/ic/api/integration/v1/projects?integrationInstance=ap-ccswacs-oic-dev-axhknnpmgslz-si&integrationInstance=ap-ccs-oic-uat-axhknnpmgslz-si "HTTP/1.1 200 OK"
2026-09-16 16:41:23,572 - mcp_server.oic_client - INFO - HTTP request to /ic/api/integration/v1/projects completed in 1.19s (Status: 200)
2026-09-16 16:41:23,572 - mcp_server.tools - INFO - Tool _call_list_projects completed in 2.04s
2026-09-16 16:41:23,573 - mcp_server.main - INFO - Tool list_projects executed successfully in 2.04s
2026-09-16 16:41:23,574 - mcp_server.main - INFO - Tool list_projects request completed in 2.04s total
2026-09-16 16:42:34,755 - mcp_server.main - INFO - Received MCP request: tools/call (ID: 3)
2026-09-16 16:42:34,756 - mcp_server.main - INFO - Executing tool: list_project_integrations
2026-09-16 16:42:34,756 - mcp_server.tools - INFO - Tool _call_list_project_integrations called with params: {'projectId': 'APDU_CCS_OFSC'}
2026-09-16 16:42:35,388 - httpx - INFO - HTTP Request: GET https://ap-ccs-oic-uat-axhknnpmgslz-si.integration.ap-singapore-1.ocp.oraclecloud.com/ic/api/integration/v1/projects/APDU_CCS_OFSC/integrations?integrationInstance=ap-ccswacs-oic-dev-axhknnpmgslz-si "HTTP/1.1 307 Temporary Redirect"
2026-09-16 16:42:36,154 - httpx - INFO - HTTP Request: GET https://design.integration.ap-singapore-1.ocp.oraclecloud.com/ic/api/integration/v1/projects/APDU_CCS_OFSC/integrations?integrationInstance=ap-ccswacs-oic-dev-axhknnpmgslz-si&integrationInstance=ap-ccs-oic-uat-axhknnpmgslz-si "HTTP/1.1 200 OK"
2026-09-16 16:42:36,165 - mcp_server.oic_client - INFO - HTTP request to /ic/api/integration/v1/projects/APDU_CCS_OFSC/integrations completed in 1.41s (Status: 200)
2026-09-16 16:42:36,166 - mcp_server.tools - INFO - Tool _call_list_project_integrations completed in 1.41s
2026-09-16 16:42:36,167 - mcp_server.main - INFO - Tool list_project_integrations executed successfully in 1.41s
2026-09-16 16:42:36,170 - mcp_server.main - INFO - Tool list_project_integrations request completed in 1.41s total
2026-09-16 16:43:23,348 - mcp_server.main - INFO - Received MCP request: tools/call (ID: 4)
2026-09-16 16:43:23,348 - mcp_server.main - INFO - Executing tool: summarize_integration
2026-09-16 16:43:23,349 - mcp_server.oic_client - INFO - Getting integration: OUTL-BA-OFSC_CCS_ACTIVITY_COMP, version: 01.25.0400
2026-09-16 16:43:23,975 - httpx - INFO - HTTP Request: GET https://ap-ccs-oic-uat-axhknnpmgslz-si.integration.ap-singapore-1.ocp.oraclecloud.com/ic/api/integration/v1/integrations/OUTL-BA-OFSC_CCS_ACTIVITY_COMP%7C01.25.0400?integrationInstance=ap-ccswacs-oic-dev-axhknnpmgslz-si "HTTP/1.1 307 Temporary Redirect"
2026-09-16 16:43:25,417 - httpx - INFO - HTTP Request: GET https://design.integration.ap-singapore-1.ocp.oraclecloud.com/ic/api/integration/v1/integrations/OUTL-BA-OFSC_CCS_ACTIVITY_COMP%7C01.25.0400?integrationInstance=ap-ccswacs-oic-dev-axhknnpmgslz-si&integrationInstance=ap-ccs-oic-uat-axhknnpmgslz-si "HTTP/1.1 404 Not Found"
2026-09-16 16:43:25,592 - mcp_server.oic_client - INFO - HTTP request to /ic/api/integration/v1/integrations/OUTL-BA-OFSC_CCS_ACTIVITY_COMP%7C01.25.0400 completed in 2.24s (Status: 404)
2026-09-16 16:43:25,693 - mcp_server.main - ERROR - Tool summarize_integration failed after 2.34s: Client error '404 Not Found' for url 'https://design.integration.ap-singapore-1.ocp.oraclecloud.com/ic/api/integration/v1/integrations/OUTL-BA-OFSC_CCS_ACTIVITY_COMP%7C01.25.0400?integrationInstance=ap-ccswacs-oic-dev-axhknnpmgslz-si&integrationInstance=ap-ccs-oic-uat-axhknnpmgslz-si'
For more information check: https://developer.mozilla.org/en-US/docs/Web/HTTP/Status/404
2026-09-16 16:43:26,464 - mcp_server.main - INFO - Received MCP request: tools/call (ID: 5)
2026-09-16 16:43:26,464 - mcp_server.main - INFO - Executing tool: summarize_integration
2026-09-16 16:43:26,465 - mcp_server.oic_client - INFO - Getting integration: OUTL-BA-OFSC_CCS_ACTIVITY_CREATE, version: 01.24.2000
2026-09-16 16:43:26,583 - httpx - INFO - HTTP Request: GET https://ap-ccs-oic-uat-axhknnpmgslz-si.integration.ap-singapore-1.ocp.oraclecloud.com/ic/api/integration/v1/integrations/OUTL-BA-OFSC_CCS_ACTIVITY_CREATE%7C01.24.2000?integrationInstance=ap-ccswacs-oic-dev-axhknnpmgslz-si "HTTP/1.1 307 Temporary Redirect"
2026-09-16 16:43:26,921 - httpx - INFO - HTTP Request: GET https://design.integration.ap-singapore-1.ocp.oraclecloud.com/ic/api/integration/v1/integrations/OUTL-BA-OFSC_CCS_ACTIVITY_CREATE%7C01.24.2000?integrationInstance=ap-ccswacs-oic-dev-axhknnpmgslz-si&integrationInstance=ap-ccs-oic-uat-axhknnpmgslz-si "HTTP/1.1 404 Not Found"
2026-09-16 16:43:26,925 - mcp_server.oic_client - INFO - HTTP request to /ic/api/integration/v1/integrations/OUTL-BA-OFSC_CCS_ACTIVITY_CREATE%7C01.24.2000 completed in 0.46s (Status: 404)
2026-09-16 16:43:26,925 - mcp_server.main - ERROR - Tool summarize_integration failed after 0.46s: Client error '404 Not Found' for url 'https://design.integration.ap-singapore-1.ocp.oraclecloud.com/ic/api/integration/v1/integrations/OUTL-BA-OFSC_CCS_ACTIVITY_CREATE%7C01.24.2000?integrationInstance=ap-ccswacs-oic-dev-axhknnpmgslz-si&integrationInstance=ap-ccs-oic-uat-axhknnpmgslz-si'
For more information check: https://developer.mozilla.org/en-US/docs/Web/HTTP/Status/404
2026-09-16 16:43:27,614 - mcp_server.main - INFO - Received MCP request: tools/call (ID: 6)
2026-09-16 16:43:27,614 - mcp_server.main - INFO - Executing tool: summarize_integration
2026-09-16 16:43:27,614 - mcp_server.oic_client - INFO - Getting integration: OUTL-BA-CCS_OFSC_ACTIVITY_PROCES, version: 01.25.0400
2026-09-16 16:43:27,747 - httpx - INFO - HTTP Request: GET https://ap-ccs-oic-uat-axhknnpmgslz-si.integration.ap-singapore-1.ocp.oraclecloud.com/ic/api/integration/v1/integrations/OUTL-BA-CCS_OFSC_ACTIVITY_PROCES%7C01.25.0400?integrationInstance=ap-ccswacs-oic-dev-axhknnpmgslz-si "HTTP/1.1 307 Temporary Redirect"
2026-09-16 16:43:28,148 - httpx - INFO - HTTP Request: GET https://design.integration.ap-singapore-1.ocp.oraclecloud.com/ic/api/integration/v1/integrations/OUTL-BA-CCS_OFSC_ACTIVITY_PROCES%7C01.25.0400?integrationInstance=ap-ccswacs-oic-dev-axhknnpmgslz-si&integrationInstance=ap-ccs-oic-uat-axhknnpmgslz-si "HTTP/1.1 404 Not Found"
2026-09-16 16:43:28,151 - mcp_server.oic_client - INFO - HTTP request to /ic/api/integration/v1/integrations/OUTL-BA-CCS_OFSC_ACTIVITY_PROCES%7C01.25.0400 completed in 0.54s (Status: 404)
2026-09-16 16:43:28,151 - mcp_server.main - ERROR - Tool summarize_integration failed after 0.54s: Client error '404 Not Found' for url 'https://design.integration.ap-singapore-1.ocp.oraclecloud.com/ic/api/integration/v1/integrations/OUTL-BA-CCS_OFSC_ACTIVITY_PROCES%7C01.25.0400?integrationInstance=ap-ccswacs-oic-dev-axhknnpmgslz-si&integrationInstance=ap-ccs-oic-uat-axhknnpmgslz-si'
For more information check: https://developer.mozilla.org/en-US/docs/Web/HTTP/Status/404
2026-09-16 16:43:29,051 - mcp_server.main - INFO - Received MCP request: tools/call (ID: 7)
2026-09-16 16:43:29,052 - mcp_server.main - INFO - Executing tool: summarize_integration
2026-09-16 16:43:29,052 - mcp_server.oic_client - INFO - Getting integration: OUTL-BA-CCS_OFSC_ACTIVITY_STATUS, version: 01.24.2000
2026-09-16 16:43:29,185 - httpx - INFO - HTTP Request: GET https://ap-ccs-oic-uat-axhknnpmgslz-si.integration.ap-singapore-1.ocp.oraclecloud.com/ic/api/integration/v1/integrations/OUTL-BA-CCS_OFSC_ACTIVITY_STATUS%7C01.24.2000?integrationInstance=ap-ccswacs-oic-dev-axhknnpmgslz-si "HTTP/1.1 307 Temporary Redirect"
2026-09-16 16:43:29,637 - httpx - INFO - HTTP Request: GET https://design.integration.ap-singapore-1.ocp.oraclecloud.com/ic/api/integration/v1/integrations/OUTL-BA-CCS_OFSC_ACTIVITY_STATUS%7C01.24.2000?integrationInstance=ap-ccswacs-oic-dev-axhknnpmgslz-si&integrationInstance=ap-ccs-oic-uat-axhknnpmgslz-si "HTTP/1.1 404 Not Found"
2026-09-16 16:43:29,639 - mcp_server.oic_client - INFO - HTTP request to /ic/api/integration/v1/integrations/OUTL-BA-CCS_OFSC_ACTIVITY_STATUS%7C01.24.2000 completed in 0.59s (Status: 404)
2026-09-16 16:43:29,639 - mcp_server.main - ERROR - Tool summarize_integration failed after 0.59s: Client error '404 Not Found' for url 'https://design.integration.ap-singapore-1.ocp.oraclecloud.com/ic/api/integration/v1/integrations/OUTL-BA-CCS_OFSC_ACTIVITY_STATUS%7C01.24.2000?integrationInstance=ap-ccswacs-oic-dev-axhknnpmgslz-si&integrationInstance=ap-ccs-oic-uat-axhknnpmgslz-si'
For more information check: https://developer.mozilla.org/en-US/docs/Web/HTTP/Status/404
2026-09-16 16:43:30,376 - mcp_server.main - INFO - Received MCP request: tools/call (ID: 8)
2026-09-16 16:43:30,377 - mcp_server.main - INFO - Executing tool: summarize_integration
2026-09-16 16:43:30,377 - mcp_server.oic_client - INFO - Getting integration: OUTL-BA-CCS_OFSC_APPMT_GET, version: 01.25.0400
2026-09-16 16:43:30,493 - httpx - INFO - HTTP Request: GET https://ap-ccs-oic-uat-axhknnpmgslz-si.integration.ap-singapore-1.ocp.oraclecloud.com/ic/api/integration/v1/integrations/OUTL-BA-CCS_OFSC_APPMT_GET%7C01.25.0400?integrationInstance=ap-ccswacs-oic-dev-axhknnpmgslz-si "HTTP/1.1 307 Temporary Redirect"
2026-09-16 16:43:30,823 - httpx - INFO - HTTP Request: GET https://design.integration.ap-singapore-1.ocp.oraclecloud.com/ic/api/integration/v1/integrations/OUTL-BA-CCS_OFSC_APPMT_GET%7C01.25.0400?integrationInstance=ap-ccswacs-oic-dev-axhknnpmgslz-si&integrationInstance=ap-ccs-oic-uat-axhknnpmgslz-si "HTTP/1.1 404 Not Found"
2026-09-16 16:43:30,825 - mcp_server.oic_client - INFO - HTTP request to /ic/api/integration/v1/integrations/OUTL-BA-CCS_OFSC_APPMT_GET%7C01.25.0400 completed in 0.45s (Status: 404)
2026-09-16 16:43:30,825 - mcp_server.main - ERROR - Tool summarize_integration failed after 0.45s: Client error '404 Not Found' for url 'https://design.integration.ap-singapore-1.ocp.oraclecloud.com/ic/api/integration/v1/integrations/OUTL-BA-CCS_OFSC_APPMT_GET%7C01.25.0400?integrationInstance=ap-ccswacs-oic-dev-axhknnpmgslz-si&integrationInstance=ap-ccs-oic-uat-axhknnpmgslz-si'
For more information check: https://developer.mozilla.org/en-US/docs/Web/HTTP/Status/404
2026-09-16 16:43:31,532 - mcp_server.main - INFO - Received MCP request: tools/call (ID: 9)
2026-09-16 16:43:31,532 - mcp_server.main - INFO - Executing tool: summarize_integration
2026-09-16 16:43:31,532 - mcp_server.oic_client - INFO - Getting integration: OUTL-BA-CCS_OFSC_ADMIN_SYNC, version: 01.24.2000
2026-09-16 16:43:31,665 - httpx - INFO - HTTP Request: GET https://ap-ccs-oic-uat-axhknnpmgslz-si.integration.ap-singapore-1.ocp.oraclecloud.com/ic/api/integration/v1/integrations/OUTL-BA-CCS_OFSC_ADMIN_SYNC%7C01.24.2000?integrationInstance=ap-ccswacs-oic-dev-axhknnpmgslz-si "HTTP/1.1 307 Temporary Redirect"
2026-09-16 16:43:31,987 - httpx - INFO - HTTP Request: GET https://design.integration.ap-singapore-1.ocp.oraclecloud.com/ic/api/integration/v1/integrations/OUTL-BA-CCS_OFSC_ADMIN_SYNC%7C01.24.2000?integrationInstance=ap-ccswacs-oic-dev-axhknnpmgslz-si&integrationInstance=ap-ccs-oic-uat-axhknnpmgslz-si "HTTP/1.1 404 Not Found"
2026-09-16 16:43:31,989 - mcp_server.oic_client - INFO - HTTP request to /ic/api/integration/v1/integrations/OUTL-BA-CCS_OFSC_ADMIN_SYNC%7C01.24.2000 completed in 0.46s (Status: 404)
2026-09-16 16:43:31,989 - mcp_server.main - ERROR - Tool summarize_integration failed after 0.46s: Client error '404 Not Found' for url 'https://design.integration.ap-singapore-1.ocp.oraclecloud.com/ic/api/integration/v1/integrations/OUTL-BA-CCS_OFSC_ADMIN_SYNC%7C01.24.2000?integrationInstance=ap-ccswacs-oic-dev-axhknnpmgslz-si&integrationInstance=ap-ccs-oic-uat-axhknnpmgslz-si'
For more information check: https://developer.mozilla.org/en-US/docs/Web/HTTP/Status/404
2026-09-16 16:43:32,659 - mcp_server.main - INFO - Received MCP request: tools/call (ID: 10)
2026-09-16 16:43:32,660 - mcp_server.main - INFO - Executing tool: summarize_integration
2026-09-16 16:43:32,661 - mcp_server.oic_client - INFO - Getting integration: OUTL-BA-CCS_OFSC_DEVICE_VERIFY, version: 01.24.2000
2026-09-16 16:43:32,775 - httpx - INFO - HTTP Request: GET https://ap-ccs-oic-uat-axhknnpmgslz-si.integration.ap-singapore-1.ocp.oraclecloud.com/ic/api/integration/v1/integrations/OUTL-BA-CCS_OFSC_DEVICE_VERIFY%7C01.24.2000?integrationInstance=ap-ccswacs-oic-dev-axhknnpmgslz-si "HTTP/1.1 307 Temporary Redirect"
2026-09-16 16:43:33,135 - httpx - INFO - HTTP Request: GET https://design.integration.ap-singapore-1.ocp.oraclecloud.com/ic/api/integration/v1/integrations/OUTL-BA-CCS_OFSC_DEVICE_VERIFY%7C01.24.2000?integrationInstance=ap-ccswacs-oic-dev-axhknnpmgslz-si&integrationInstance=ap-ccs-oic-uat-axhknnpmgslz-si "HTTP/1.1 404 Not Found"
2026-09-16 16:43:33,137 - mcp_server.oic_client - INFO - HTTP request to /ic/api/integration/v1/integrations/OUTL-BA-CCS_OFSC_DEVICE_VERIFY%7C01.24.2000 completed in 0.48s (Status: 404)
2026-09-16 16:43:33,137 - mcp_server.main - ERROR - Tool summarize_integration failed after 0.48s: Client error '404 Not Found' for url 'https://design.integration.ap-singapore-1.ocp.oraclecloud.com/ic/api/integration/v1/integrations/OUTL-BA-CCS_OFSC_DEVICE_VERIFY%7C01.24.2000?integrationInstance=ap-ccswacs-oic-dev-axhknnpmgslz-si&integrationInstance=ap-ccs-oic-uat-axhknnpmgslz-si'
For more information check: https://developer.mozilla.org/en-US/docs/Web/HTTP/Status/404
2026-09-16 16:43:33,937 - mcp_server.main - INFO - Received MCP request: tools/call (ID: 11)
2026-09-16 16:43:33,938 - mcp_server.main - INFO - Executing tool: summarize_integration
2026-09-16 16:43:33,938 - mcp_server.oic_client - INFO - Getting integration: OUTL-BA-CCS_OFSC_SP_QUERY, version: 01.24.2000
2026-09-16 16:43:34,101 - httpx - INFO - HTTP Request: GET https://ap-ccs-oic-uat-axhknnpmgslz-si.integration.ap-singapore-1.ocp.oraclecloud.com/ic/api/integration/v1/integrations/OUTL-BA-CCS_OFSC_SP_QUERY%7C01.24.2000?integrationInstance=ap-ccswacs-oic-dev-axhknnpmgslz-si "HTTP/1.1 307 Temporary Redirect"
2026-09-16 16:43:34,456 - httpx - INFO - HTTP Request: GET https://design.integration.ap-singapore-1.ocp.oraclecloud.com/ic/api/integration/v1/integrations/OUTL-BA-CCS_OFSC_SP_QUERY%7C01.24.2000?integrationInstance=ap-ccswacs-oic-dev-axhknnpmgslz-si&integrationInstance=ap-ccs-oic-uat-axhknnpmgslz-si "HTTP/1.1 404 Not Found"
2026-09-16 16:43:34,457 - mcp_server.oic_client - INFO - HTTP request to /ic/api/integration/v1/integrations/OUTL-BA-CCS_OFSC_SP_QUERY%7C01.24.2000 completed in 0.52s (Status: 404)
2026-09-16 16:43:34,458 - mcp_server.main - ERROR - Tool summarize_integration failed after 0.52s: Client error '404 Not Found' for url 'https://design.integration.ap-singapore-1.ocp.oraclecloud.com/ic/api/integration/v1/integrations/OUTL-BA-CCS_OFSC_SP_QUERY%7C01.24.2000?integrationInstance=ap-ccswacs-oic-dev-axhknnpmgslz-si&integrationInstance=ap-ccs-oic-uat-axhknnpmgslz-si'
For more information check: https://developer.mozilla.org/en-US/docs/Web/HTTP/Status/404
2026-09-16 16:43:37,849 - mcp_server.main - INFO - Received MCP request: tools/call (ID: 12)
2026-09-16 16:43:37,849 - mcp_server.main - INFO - Executing tool: summarize_integration
2026-09-16 16:43:37,850 - mcp_server.oic_client - INFO - Getting integration: OUTL-BA-OFSC_CCS_ACTIVITY_COMP, version: None
2026-09-16 16:43:37,850 - mcp_server.oic_client - INFO - Resolving latest version for code: OUTL-BA-OFSC_CCS_ACTIVITY_COMP
2026-09-16 16:43:37,850 - mcp_server.oic_client - INFO - Starting list_all_integrations - only_activated: None, max_pages: 50, per_page: 100
2026-09-16 16:43:37,967 - httpx - INFO - HTTP Request: GET https://ap-ccs-oic-uat-axhknnpmgslz-si.integration.ap-singapore-1.ocp.oraclecloud.com/ic/api/integration/v1/projects?limit=100&integrationInstance=ap-ccswacs-oic-dev-axhknnpmgslz-si "HTTP/1.1 307 Temporary Redirect"
2026-09-16 16:43:38,391 - httpx - INFO - HTTP Request: GET https://design.integration.ap-singapore-1.ocp.oraclecloud.com/ic/api/integration/v1/projects?limit=100&integrationInstance=ap-ccswacs-oic-dev-axhknnpmgslz-si&integrationInstance=ap-ccs-oic-uat-axhknnpmgslz-si "HTTP/1.1 200 OK"
2026-09-16 16:43:38,396 - mcp_server.oic_client - INFO - HTTP request to /ic/api/integration/v1/projects completed in 0.55s (Status: 200)
2026-09-16 16:43:38,553 - httpx - INFO - HTTP Request: GET https://ap-ccs-oic-uat-axhknnpmgslz-si.integration.ap-singapore-1.ocp.oraclecloud.com/ic/api/integration/v1/projects/APDU_WACS_OFSC/integrations?limit=100&integrationInstance=ap-ccswacs-oic-dev-axhknnpmgslz-si "HTTP/1.1 307 Temporary Redirect"
2026-09-16 16:43:39,447 - httpx - INFO - HTTP Request: GET https://design.integration.ap-singapore-1.ocp.oraclecloud.com/ic/api/integration/v1/projects/APDU_WACS_OFSC/integrations?limit=100&integrationInstance=ap-ccswacs-oic-dev-axhknnpmgslz-si&integrationInstance=ap-ccs-oic-uat-axhknnpmgslz-si "HTTP/1.1 200 OK"
2026-09-16 16:43:39,453 - mcp_server.oic_client - INFO - HTTP request to /ic/api/integration/v1/projects/APDU_WACS_OFSC/integrations completed in 1.06s (Status: 200)
2026-09-16 16:43:39,579 - httpx - INFO - HTTP Request: GET https://ap-ccs-oic-uat-axhknnpmgslz-si.integration.ap-singapore-1.ocp.oraclecloud.com/ic/api/integration/v1/projects/APDU_CBS_OFSC_FUSIONPA/integrations?limit=100&integrationInstance=ap-ccswacs-oic-dev-axhknnpmgslz-si "HTTP/1.1 307 Temporary Redirect"
2026-09-16 16:43:39,995 - httpx - INFO - HTTP Request: GET https://design.integration.ap-singapore-1.ocp.oraclecloud.com/ic/api/integration/v1/projects/APDU_CBS_OFSC_FUSIONPA/integrations?limit=100&integrationInstance=ap-ccswacs-oic-dev-axhknnpmgslz-si&integrationInstance=ap-ccs-oic-uat-axhknnpmgslz-si "HTTP/1.1 200 OK"
2026-09-16 16:43:39,997 - mcp_server.oic_client - INFO - HTTP request to /ic/api/integration/v1/projects/APDU_CBS_OFSC_FUSIONPA/integrations completed in 0.54s (Status: 200)
2026-09-16 16:43:40,113 - httpx - INFO - HTTP Request: GET https://ap-ccs-oic-uat-axhknnpmgslz-si.integration.ap-singapore-1.ocp.oraclecloud.com/ic/api/integration/v1/projects/APDU_WACS_COMMON/integrations?limit=100&integrationInstance=ap-ccswacs-oic-dev-axhknnpmgslz-si "HTTP/1.1 307 Temporary Redirect"
2026-09-16 16:43:40,538 - httpx - INFO - HTTP Request: GET https://design.integration.ap-singapore-1.ocp.oraclecloud.com/ic/api/integration/v1/projects/APDU_WACS_COMMON/integrations?limit=100&integrationInstance=ap-ccswacs-oic-dev-axhknnpmgslz-si&integrationInstance=ap-ccs-oic-uat-axhknnpmgslz-si "HTTP/1.1 200 OK"
2026-09-16 16:43:40,540 - mcp_server.oic_client - INFO - HTTP request to /ic/api/integration/v1/projects/APDU_WACS_COMMON/integrations completed in 0.54s (Status: 200)
2026-09-16 16:43:40,642 - httpx - INFO - HTTP Request: GET https://ap-ccs-oic-uat-axhknnpmgslz-si.integration.ap-singapore-1.ocp.oraclecloud.com/ic/api/integration/v1/projects/TEST_AI/integrations?limit=100&integrationInstance=ap-ccswacs-oic-dev-axhknnpmgslz-si "HTTP/1.1 307 Temporary Redirect"
2026-09-16 16:43:41,045 - httpx - INFO - HTTP Request: GET https://design.integration.ap-singapore-1.ocp.oraclecloud.com/ic/api/integration/v1/projects/TEST_AI/integrations?limit=100&integrationInstance=ap-ccswacs-oic-dev-axhknnpmgslz-si&integrationInstance=ap-ccs-oic-uat-axhknnpmgslz-si "HTTP/1.1 200 OK"
2026-09-16 16:43:41,048 - mcp_server.oic_client - INFO - HTTP request to /ic/api/integration/v1/projects/TEST_AI/integrations completed in 0.51s (Status: 200)
2026-09-16 16:43:41,110 - httpx - INFO - HTTP Request: GET https://ap-ccs-oic-uat-axhknnpmgslz-si.integration.ap-singapore-1.ocp.oraclecloud.com/ic/api/integration/v1/projects/APDU_OFSC_ZENDESK/integrations?limit=100&integrationInstance=ap-ccswacs-oic-dev-axhknnpmgslz-si "HTTP/1.1 307 Temporary Redirect"
2026-09-16 16:43:41,537 - httpx - INFO - HTTP Request: GET https://design.integration.ap-singapore-1.ocp.oraclecloud.com/ic/api/integration/v1/projects/APDU_OFSC_ZENDESK/integrations?limit=100&integrationInstance=ap-ccswacs-oic-dev-axhknnpmgslz-si&integrationInstance=ap-ccs-oic-uat-axhknnpmgslz-si "HTTP/1.1 200 OK"
2026-09-16 16:43:41,539 - mcp_server.oic_client - INFO - HTTP request to /ic/api/integration/v1/projects/APDU_OFSC_ZENDESK/integrations completed in 0.49s (Status: 200)
2026-09-16 16:43:41,657 - httpx - INFO - HTTP Request: GET https://ap-ccs-oic-uat-axhknnpmgslz-si.integration.ap-singapore-1.ocp.oraclecloud.com/ic/api/integration/v1/projects/APDU_WACS_DXI_GIS/integrations?limit=100&integrationInstance=ap-ccswacs-oic-dev-axhknnpmgslz-si "HTTP/1.1 307 Temporary Redirect"
2026-09-16 16:43:42,151 - httpx - INFO - HTTP Request: GET https://design.integration.ap-singapore-1.ocp.oraclecloud.com/ic/api/integration/v1/projects/APDU_WACS_DXI_GIS/integrations?limit=100&integrationInstance=ap-ccswacs-oic-dev-axhknnpmgslz-si&integrationInstance=ap-ccs-oic-uat-axhknnpmgslz-si "HTTP/1.1 200 OK"
2026-09-16 16:43:42,153 - mcp_server.oic_client - INFO - HTTP request to /ic/api/integration/v1/projects/APDU_WACS_DXI_GIS/integrations completed in 0.61s (Status: 200)
2026-09-16 16:43:42,363 - httpx - INFO - HTTP Request: GET https://ap-ccs-oic-uat-axhknnpmgslz-si.integration.ap-singapore-1.ocp.oraclecloud.com/ic/api/integration/v1/projects/APDU_WACS_ARCGIS/integrations?limit=100&integrationInstance=ap-ccswacs-oic-dev-axhknnpmgslz-si "HTTP/1.1 307 Temporary Redirect"
2026-09-16 16:43:42,883 - httpx - INFO - HTTP Request: GET https://design.integration.ap-singapore-1.ocp.oraclecloud.com/ic/api/integration/v1/projects/APDU_WACS_ARCGIS/integrations?limit=100&integrationInstance=ap-ccswacs-oic-dev-axhknnpmgslz-si&integrationInstance=ap-ccs-oic-uat-axhknnpmgslz-si "HTTP/1.1 200 OK"
2026-09-16 16:43:42,888 - mcp_server.oic_client - INFO - HTTP request to /ic/api/integration/v1/projects/APDU_WACS_ARCGIS/integrations completed in 0.73s (Status: 200)
2026-09-16 16:43:43,013 - httpx - INFO - HTTP Request: GET https://ap-ccs-oic-uat-axhknnpmgslz-si.integration.ap-singapore-1.ocp.oraclecloud.com/ic/api/integration/v1/projects/KAFKA_TEST/integrations?limit=100&integrationInstance=ap-ccswacs-oic-dev-axhknnpmgslz-si "HTTP/1.1 307 Temporary Redirect"
2026-09-16 16:43:43,414 - httpx - INFO - HTTP Request: GET https://design.integration.ap-singapore-1.ocp.oraclecloud.com/ic/api/integration/v1/projects/KAFKA_TEST/integrations?limit=100&integrationInstance=ap-ccswacs-oic-dev-axhknnpmgslz-si&integrationInstance=ap-ccs-oic-uat-axhknnpmgslz-si "HTTP/1.1 200 OK"
2026-09-16 16:43:43,416 - mcp_server.oic_client - INFO - HTTP request to /ic/api/integration/v1/projects/KAFKA_TEST/integrations completed in 0.53s (Status: 200)
2026-09-16 16:43:43,525 - httpx - INFO - HTTP Request: GET https://ap-ccs-oic-uat-axhknnpmgslz-si.integration.ap-singapore-1.ocp.oraclecloud.com/ic/api/integration/v1/projects/ORDEREVENTPROJECT/integrations?limit=100&integrationInstance=ap-ccswacs-oic-dev-axhknnpmgslz-si "HTTP/1.1 307 Temporary Redirect"
2026-09-16 16:43:43,943 - httpx - INFO - HTTP Request: GET https://design.integration.ap-singapore-1.ocp.oraclecloud.com/ic/api/integration/v1/projects/ORDEREVENTPROJECT/integrations?limit=100&integrationInstance=ap-ccswacs-oic-dev-axhknnpmgslz-si&integrationInstance=ap-ccs-oic-uat-axhknnpmgslz-si "HTTP/1.1 200 OK"
2026-09-16 16:43:43,945 - mcp_server.oic_client - INFO - HTTP request to /ic/api/integration/v1/projects/ORDEREVENTPROJECT/integrations completed in 0.53s (Status: 200)
2026-09-16 16:43:44,039 - httpx - INFO - HTTP Request: GET https://ap-ccs-oic-uat-axhknnpmgslz-si.integration.ap-singapore-1.ocp.oraclecloud.com/ic/api/integration/v1/projects/EXPENSE_APPROVAL_PROJECT/integrations?limit=100&integrationInstance=ap-ccswacs-oic-dev-axhknnpmgslz-si "HTTP/1.1 307 Temporary Redirect"
2026-09-16 16:43:44,644 - httpx - INFO - HTTP Request: GET https://design.integration.ap-singapore-1.ocp.oraclecloud.com/ic/api/integration/v1/projects/EXPENSE_APPROVAL_PROJECT/integrations?limit=100&integrationInstance=ap-ccswacs-oic-dev-axhknnpmgslz-si&integrationInstance=ap-ccs-oic-uat-axhknnpmgslz-si "HTTP/1.1 200 OK"
2026-09-16 16:43:44,646 - mcp_server.oic_client - INFO - HTTP request to /ic/api/integration/v1/projects/EXPENSE_APPROVAL_PROJECT/integrations completed in 0.70s (Status: 200)
2026-09-16 16:43:44,832 - httpx - INFO - HTTP Request: GET https://ap-ccs-oic-uat-axhknnpmgslz-si.integration.ap-singapore-1.ocp.oraclecloud.com/ic/api/integration/v1/projects/EMPLOYEEONBOARDINGPROJECT/integrations?limit=100&integrationInstance=ap-ccswacs-oic-dev-axhknnpmgslz-si "HTTP/1.1 307 Temporary Redirect"
2026-09-16 16:43:45,279 - httpx - INFO - HTTP Request: GET https://design.integration.ap-singapore-1.ocp.oraclecloud.com/ic/api/integration/v1/projects/EMPLOYEEONBOARDINGPROJECT/integrations?limit=100&integrationInstance=ap-ccswacs-oic-dev-axhknnpmgslz-si&integrationInstance=ap-ccs-oic-uat-axhknnpmgslz-si "HTTP/1.1 200 OK"
2026-09-16 16:43:45,281 - mcp_server.oic_client - INFO - HTTP request to /ic/api/integration/v1/projects/EMPLOYEEONBOARDINGPROJECT/integrations completed in 0.63s (Status: 200)
2026-09-16 16:43:45,417 - httpx - INFO - HTTP Request: GET https://ap-ccs-oic-uat-axhknnpmgslz-si.integration.ap-singapore-1.ocp.oraclecloud.com/ic/api/integration/v1/projects/OUTL-BA-WACS_OFSC/integrations?limit=100&integrationInstance=ap-ccswacs-oic-dev-axhknnpmgslz-si "HTTP/1.1 307 Temporary Redirect"
2026-09-16 16:43:46,014 - httpx - INFO - HTTP Request: GET https://design.integration.ap-singapore-1.ocp.oraclecloud.com/ic/api/integration/v1/projects/OUTL-BA-WACS_OFSC/integrations?limit=100&integrationInstance=ap-ccswacs-oic-dev-axhknnpmgslz-si&integrationInstance=ap-ccs-oic-uat-axhknnpmgslz-si "HTTP/1.1 200 OK"
2026-09-16 16:43:46,016 - mcp_server.oic_client - INFO - HTTP request to /ic/api/integration/v1/projects/OUTL-BA-WACS_OFSC/integrations completed in 0.74s (Status: 200)
2026-09-16 16:43:46,154 - httpx - INFO - HTTP Request: GET https://ap-ccs-oic-uat-axhknnpmgslz-si.integration.ap-singapore-1.ocp.oraclecloud.com/ic/api/integration/v1/projects/OUTL-BA-WACS_ERPSCM/integrations?limit=100&integrationInstance=ap-ccswacs-oic-dev-axhknnpmgslz-si "HTTP/1.1 307 Temporary Redirect"
2026-09-16 16:43:47,014 - httpx - INFO - HTTP Request: GET https://design.integration.ap-singapore-1.ocp.oraclecloud.com/ic/api/integration/v1/projects/OUTL-BA-WACS_ERPSCM/integrations?limit=100&integrationInstance=ap-ccswacs-oic-dev-axhknnpmgslz-si&integrationInstance=ap-ccs-oic-uat-axhknnpmgslz-si "HTTP/1.1 200 OK"
2026-09-16 16:43:47,016 - mcp_server.oic_client - INFO - HTTP request to /ic/api/integration/v1/projects/OUTL-BA-WACS_ERPSCM/integrations completed in 1.00s (Status: 200)
2026-09-16 16:43:47,156 - httpx - INFO - HTTP Request: GET https://ap-ccs-oic-uat-axhknnpmgslz-si.integration.ap-singapore-1.ocp.oraclecloud.com/ic/api/integration/v1/projects/APDU_ODM_MDM/integrations?limit=100&integrationInstance=ap-ccswacs-oic-dev-axhknnpmgslz-si "HTTP/1.1 307 Temporary Redirect"
2026-09-16 16:43:47,670 - httpx - INFO - HTTP Request: GET https://design.integration.ap-singapore-1.ocp.oraclecloud.com/ic/api/integration/v1/projects/APDU_ODM_MDM/integrations?limit=100&integrationInstance=ap-ccswacs-oic-dev-axhknnpmgslz-si&integrationInstance=ap-ccs-oic-uat-axhknnpmgslz-si "HTTP/1.1 200 OK"
2026-09-16 16:43:47,672 - mcp_server.oic_client - INFO - HTTP request to /ic/api/integration/v1/projects/APDU_ODM_MDM/integrations completed in 0.65s (Status: 200)
2026-09-16 16:43:47,783 - httpx - INFO - HTTP Request: GET https://ap-ccs-oic-uat-axhknnpmgslz-si.integration.ap-singapore-1.ocp.oraclecloud.com/ic/api/integration/v1/projects/APDU_CCS_OFSC/integrations?limit=100&integrationInstance=ap-ccswacs-oic-dev-axhknnpmgslz-si "HTTP/1.1 307 Temporary Redirect"
2026-09-16 16:43:48,231 - httpx - INFO - HTTP Request: GET https://design.integration.ap-singapore-1.ocp.oraclecloud.com/ic/api/integration/v1/projects/APDU_CCS_OFSC/integrations?limit=100&integrationInstance=ap-ccswacs-oic-dev-axhknnpmgslz-si&integrationInstance=ap-ccs-oic-uat-axhknnpmgslz-si "HTTP/1.1 200 OK"
2026-09-16 16:43:48,235 - mcp_server.oic_client - INFO - HTTP request to /ic/api/integration/v1/projects/APDU_CCS_OFSC/integrations completed in 0.56s (Status: 200)
2026-09-16 16:43:48,371 - httpx - INFO - HTTP Request: GET https://ap-ccs-oic-uat-axhknnpmgslz-si.integration.ap-singapore-1.ocp.oraclecloud.com/ic/api/integration/v1/projects/OUTL-BA-CCS_OFSC/integrations?limit=100&integrationInstance=ap-ccswacs-oic-dev-axhknnpmgslz-si "HTTP/1.1 307 Temporary Redirect"
2026-09-16 16:43:48,940 - httpx - INFO - HTTP Request: GET https://design.integration.ap-singapore-1.ocp.oraclecloud.com/ic/api/integration/v1/projects/OUTL-BA-CCS_OFSC/integrations?limit=100&integrationInstance=ap-ccswacs-oic-dev-axhknnpmgslz-si&integrationInstance=ap-ccs-oic-uat-axhknnpmgslz-si "HTTP/1.1 200 OK"
2026-09-16 16:43:48,942 - mcp_server.oic_client - INFO - HTTP request to /ic/api/integration/v1/projects/OUTL-BA-CCS_OFSC/integrations completed in 0.71s (Status: 200)
2026-09-16 16:43:49,069 - httpx - INFO - HTTP Request: GET https://ap-ccs-oic-uat-axhknnpmgslz-si.integration.ap-singapore-1.ocp.oraclecloud.com/ic/api/integration/v1/projects/APDU_WACS_CCS/integrations?limit=100&integrationInstance=ap-ccswacs-oic-dev-axhknnpmgslz-si "HTTP/1.1 307 Temporary Redirect"
2026-09-16 16:43:49,544 - httpx - INFO - HTTP Request: GET https://design.integration.ap-singapore-1.ocp.oraclecloud.com/ic/api/integration/v1/projects/APDU_WACS_CCS/integrations?limit=100&integrationInstance=ap-ccswacs-oic-dev-axhknnpmgslz-si&integrationInstance=ap-ccs-oic-uat-axhknnpmgslz-si "HTTP/1.1 200 OK"
2026-09-16 16:43:49,546 - mcp_server.oic_client - INFO - HTTP request to /ic/api/integration/v1/projects/APDU_WACS_CCS/integrations completed in 0.60s (Status: 200)
2026-09-16 16:43:49,668 - httpx - INFO - HTTP Request: GET https://ap-ccs-oic-uat-axhknnpmgslz-si.integration.ap-singapore-1.ocp.oraclecloud.com/ic/api/integration/v1/projects/OUTL-BA-ARCGIS_WACS/integrations?limit=100&integrationInstance=ap-ccswacs-oic-dev-axhknnpmgslz-si "HTTP/1.1 307 Temporary Redirect"
2026-09-16 16:43:50,231 - httpx - INFO - HTTP Request: GET https://design.integration.ap-singapore-1.ocp.oraclecloud.com/ic/api/integration/v1/projects/OUTL-BA-ARCGIS_WACS/integrations?limit=100&integrationInstance=ap-ccswacs-oic-dev-axhknnpmgslz-si&integrationInstance=ap-ccs-oic-uat-axhknnpmgslz-si "HTTP/1.1 200 OK"
2026-09-16 16:43:50,233 - mcp_server.oic_client - INFO - HTTP request to /ic/api/integration/v1/projects/OUTL-BA-ARCGIS_WACS/integrations completed in 0.69s (Status: 200)
2026-09-16 16:43:50,234 - mcp_server.oic_client - INFO - Calling list_integrations - only_activated: None, limit: None, page: None
2026-09-16 16:43:50,351 - httpx - INFO - HTTP Request: GET https://ap-ccs-oic-uat-axhknnpmgslz-si.integration.ap-singapore-1.ocp.oraclecloud.com/ic/api/integration/v1/integrations?integrationInstance=ap-ccswacs-oic-dev-axhknnpmgslz-si "HTTP/1.1 307 Temporary Redirect"
2026-09-16 16:43:50,734 - httpx - INFO - HTTP Request: GET https://design.integration.ap-singapore-1.ocp.oraclecloud.com/ic/api/integration/v1/integrations?integrationInstance=ap-ccswacs-oic-dev-axhknnpmgslz-si&integrationInstance=ap-ccs-oic-uat-axhknnpmgslz-si "HTTP/1.1 200 OK"
2026-09-16 16:43:50,735 - mcp_server.oic_client - INFO - HTTP request to /ic/api/integration/v1/integrations completed in 0.50s (Status: 200)
2026-09-16 16:43:50,736 - mcp_server.oic_client - INFO - list_integrations returned 0 items, total: 0, hasMore: False in 0.50s
2026-09-16 16:43:50,736 - mcp_server.oic_client - INFO - Fetching page 1/50
2026-09-16 16:43:50,736 - mcp_server.oic_client - INFO - Calling list_integrations - only_activated: None, limit: 100, page: 1
2026-09-16 16:43:50,953 - httpx - INFO - HTTP Request: GET https://ap-ccs-oic-uat-axhknnpmgslz-si.integration.ap-singapore-1.ocp.oraclecloud.com/ic/api/integration/v1/integrations?limit=100&page=1&integrationInstance=ap-ccswacs-oic-dev-axhknnpmgslz-si "HTTP/1.1 307 Temporary Redirect"
2026-09-16 16:43:51,302 - httpx - INFO - HTTP Request: GET https://design.integration.ap-singapore-1.ocp.oraclecloud.com/ic/api/integration/v1/integrations?limit=100&page=1&integrationInstance=ap-ccswacs-oic-dev-axhknnpmgslz-si&integrationInstance=ap-ccs-oic-uat-axhknnpmgslz-si "HTTP/1.1 200 OK"
2026-09-16 16:43:51,303 - mcp_server.oic_client - INFO - HTTP request to /ic/api/integration/v1/integrations completed in 0.57s (Status: 200)
2026-09-16 16:43:51,303 - mcp_server.oic_client - INFO - list_integrations returned 0 items, total: 0, hasMore: False in 0.57s
2026-09-16 16:43:51,303 - mcp_server.oic_client - INFO - Page 1: API returned 0 items, totalResults: 0, hasMore: False
2026-09-16 16:43:51,304 - mcp_server.oic_client - INFO - No items found on page 1, stopping pagination
2026-09-16 16:43:51,304 - mcp_server.oic_client - INFO - list_all_integrations completed: fetched 95 unique integrations from 0 pages in 13.45s
2026-09-16 16:43:51,304 - mcp_server.oic_client - INFO - Found latest version for OUTL-BA-OFSC_CCS_ACTIVITY_COMP: 01.25.0400 in 13.45s
2026-09-16 16:43:51,380 - httpx - INFO - HTTP Request: GET https://ap-ccs-oic-uat-axhknnpmgslz-si.integration.ap-singapore-1.ocp.oraclecloud.com/ic/api/integration/v1/integrations/OUTL-BA-OFSC_CCS_ACTIVITY_COMP%7C01.25.0400?integrationInstance=ap-ccswacs-oic-dev-axhknnpmgslz-si "HTTP/1.1 307 Temporary Redirect"
2026-09-16 16:43:51,644 - httpx - INFO - HTTP Request: GET https://design.integration.ap-singapore-1.ocp.oraclecloud.com/ic/api/integration/v1/integrations/OUTL-BA-OFSC_CCS_ACTIVITY_COMP%7C01.25.0400?integrationInstance=ap-ccswacs-oic-dev-axhknnpmgslz-si&integrationInstance=ap-ccs-oic-uat-axhknnpmgslz-si "HTTP/1.1 404 Not Found"
2026-09-16 16:43:51,647 - mcp_server.oic_client - INFO - HTTP request to /ic/api/integration/v1/integrations/OUTL-BA-OFSC_CCS_ACTIVITY_COMP%7C01.25.0400 completed in 0.34s (Status: 404)
2026-09-16 16:43:51,647 - mcp_server.main - ERROR - Tool summarize_integration failed after 13.80s: Client error '404 Not Found' for url 'https://design.integration.ap-singapore-1.ocp.oraclecloud.com/ic/api/integration/v1/integrations/OUTL-BA-OFSC_CCS_ACTIVITY_COMP%7C01.25.0400?integrationInstance=ap-ccswacs-oic-dev-axhknnpmgslz-si&integrationInstance=ap-ccs-oic-uat-axhknnpmgslz-si'
For more information check: https://developer.mozilla.org/en-US/docs/Web/HTTP/Status/404
2026-09-16 16:43:57,476 - mcp_server.main - INFO - Received MCP request: tools/call (ID: 13)
2026-09-16 16:43:57,476 - mcp_server.main - INFO - Executing tool: list_connections
2026-09-16 16:43:58,527 - httpx - INFO - HTTP Request: GET https://ap-ccs-oic-uat-axhknnpmgslz-si.integration.ap-singapore-1.ocp.oraclecloud.com/ic/api/integration/v1/connections?integrationInstance=ap-ccswacs-oic-dev-axhknnpmgslz-si "HTTP/1.1 307 Temporary Redirect"
2026-09-16 16:43:59,633 - httpx - INFO - HTTP Request: GET https://design.integration.ap-singapore-1.ocp.oraclecloud.com/ic/api/integration/v1/connections?integrationInstance=ap-ccswacs-oic-dev-axhknnpmgslz-si&integrationInstance=ap-ccs-oic-uat-axhknnpmgslz-si "HTTP/1.1 200 OK"
2026-09-16 16:43:59,635 - mcp_server.oic_client - INFO - HTTP request to /ic/api/integration/v1/connections completed in 2.16s (Status: 200)
2026-09-16 16:43:59,636 - mcp_server.main - INFO - Tool list_connections executed successfully in 2.16s
2026-09-16 16:43:59,647 - mcp_server.main - INFO - Tool list_connections request completed in 2.17s total
2026-09-16 16:44:24,212 - mcp_server.main - INFO - Received MCP request: tools/call (ID: 14)
2026-09-16 16:44:24,213 - mcp_server.main - INFO - Executing tool: summarize_integration
2026-09-16 16:44:24,213 - mcp_server.oic_client - INFO - Getting integration: OUTL-BA-OFSC_CCS_ACTIVITY_COMP, version: None
2026-09-16 16:44:24,213 - mcp_server.oic_client - INFO - Resolving latest version for code: OUTL-BA-OFSC_CCS_ACTIVITY_COMP
2026-09-16 16:44:24,213 - mcp_server.oic_client - INFO - Starting list_all_integrations - only_activated: None, max_pages: 50, per_page: 100
2026-09-16 16:44:25,223 - httpx - INFO - HTTP Request: GET https://ap-ccs-oic-uat-axhknnpmgslz-si.integration.ap-singapore-1.ocp.oraclecloud.com/ic/api/integration/v1/projects?limit=100&integrationInstance=ap-ccswacs-oic-dev-axhknnpmgslz-si "HTTP/1.1 307 Temporary Redirect"
2026-09-16 16:44:26,373 - httpx - INFO - HTTP Request: GET https://design.integration.ap-singapore-1.ocp.oraclecloud.com/ic/api/integration/v1/projects?limit=100&integrationInstance=ap-ccswacs-oic-dev-axhknnpmgslz-si&integrationInstance=ap-ccs-oic-uat-axhknnpmgslz-si "HTTP/1.1 200 OK"
2026-09-16 16:44:26,378 - mcp_server.oic_client - INFO - HTTP request to /ic/api/integration/v1/projects completed in 2.16s (Status: 200)
2026-09-16 16:44:26,629 - httpx - INFO - HTTP Request: GET https://ap-ccs-oic-uat-axhknnpmgslz-si.integration.ap-singapore-1.ocp.oraclecloud.com/ic/api/integration/v1/projects/APDU_WACS_OFSC/integrations?limit=100&integrationInstance=ap-ccswacs-oic-dev-axhknnpmgslz-si "HTTP/1.1 307 Temporary Redirect"
2026-09-16 16:44:27,512 - httpx - INFO - HTTP Request: GET https://design.integration.ap-singapore-1.ocp.oraclecloud.com/ic/api/integration/v1/projects/APDU_WACS_OFSC/integrations?limit=100&integrationInstance=ap-ccswacs-oic-dev-axhknnpmgslz-si&integrationInstance=ap-ccs-oic-uat-axhknnpmgslz-si "HTTP/1.1 200 OK"
2026-09-16 16:44:27,515 - mcp_server.oic_client - INFO - HTTP request to /ic/api/integration/v1/projects/APDU_WACS_OFSC/integrations completed in 1.14s (Status: 200)
2026-09-16 16:44:27,768 - httpx - INFO - HTTP Request: GET https://ap-ccs-oic-uat-axhknnpmgslz-si.integration.ap-singapore-1.ocp.oraclecloud.com/ic/api/integration/v1/projects/APDU_CBS_OFSC_FUSIONPA/integrations?limit=100&integrationInstance=ap-ccswacs-oic-dev-axhknnpmgslz-si "HTTP/1.1 307 Temporary Redirect"
2026-09-16 16:44:28,082 - httpx - INFO - HTTP Request: GET https://design.integration.ap-singapore-1.ocp.oraclecloud.com/ic/api/integration/v1/projects/APDU_CBS_OFSC_FUSIONPA/integrations?limit=100&integrationInstance=ap-ccswacs-oic-dev-axhknnpmgslz-si&integrationInstance=ap-ccs-oic-uat-axhknnpmgslz-si "HTTP/1.1 200 OK"
2026-09-16 16:44:28,086 - mcp_server.oic_client - INFO - HTTP request to /ic/api/integration/v1/projects/APDU_CBS_OFSC_FUSIONPA/integrations completed in 0.56s (Status: 200)
2026-09-16 16:44:28,340 - httpx - INFO - HTTP Request: GET https://ap-ccs-oic-uat-axhknnpmgslz-si.integration.ap-singapore-1.ocp.oraclecloud.com/ic/api/integration/v1/projects/APDU_WACS_COMMON/integrations?limit=100&integrationInstance=ap-ccswacs-oic-dev-axhknnpmgslz-si "HTTP/1.1 307 Temporary Redirect"
2026-09-16 16:44:28,725 - httpx - INFO - HTTP Request: GET https://design.integration.ap-singapore-1.ocp.oraclecloud.com/ic/api/integration/v1/projects/APDU_WACS_COMMON/integrations?limit=100&integrationInstance=ap-ccswacs-oic-dev-axhknnpmgslz-si&integrationInstance=ap-ccs-oic-uat-axhknnpmgslz-si "HTTP/1.1 200 OK"
2026-09-16 16:44:28,727 - mcp_server.oic_client - INFO - HTTP request to /ic/api/integration/v1/projects/APDU_WACS_COMMON/integrations completed in 0.64s (Status: 200)
2026-09-16 16:44:28,974 - httpx - INFO - HTTP Request: GET https://ap-ccs-oic-uat-axhknnpmgslz-si.integration.ap-singapore-1.ocp.oraclecloud.com/ic/api/integration/v1/projects/TEST_AI/integrations?limit=100&integrationInstance=ap-ccswacs-oic-dev-axhknnpmgslz-si "HTTP/1.1 307 Temporary Redirect"
2026-09-16 16:44:29,275 - httpx - INFO - HTTP Request: GET https://design.integration.ap-singapore-1.ocp.oraclecloud.com/ic/api/integration/v1/projects/TEST_AI/integrations?limit=100&integrationInstance=ap-ccswacs-oic-dev-axhknnpmgslz-si&integrationInstance=ap-ccs-oic-uat-axhknnpmgslz-si "HTTP/1.1 200 OK"
2026-09-16 16:44:29,278 - mcp_server.oic_client - INFO - HTTP request to /ic/api/integration/v1/projects/TEST_AI/integrations completed in 0.55s (Status: 200)
2026-09-16 16:44:29,527 - httpx - INFO - HTTP Request: GET https://ap-ccs-oic-uat-axhknnpmgslz-si.integration.ap-singapore-1.ocp.oraclecloud.com/ic/api/integration/v1/projects/APDU_OFSC_ZENDESK/integrations?limit=100&integrationInstance=ap-ccswacs-oic-dev-axhknnpmgslz-si "HTTP/1.1 307 Temporary Redirect"
2026-09-16 16:44:29,846 - httpx - INFO - HTTP Request: GET https://design.integration.ap-singapore-1.ocp.oraclecloud.com/ic/api/integration/v1/projects/APDU_OFSC_ZENDESK/integrations?limit=100&integrationInstance=ap-ccswacs-oic-dev-axhknnpmgslz-si&integrationInstance=ap-ccs-oic-uat-axhknnpmgslz-si "HTTP/1.1 200 OK"
2026-09-16 16:44:29,848 - mcp_server.oic_client - INFO - HTTP request to /ic/api/integration/v1/projects/APDU_OFSC_ZENDESK/integrations completed in 0.57s (Status: 200)
2026-09-16 16:44:30,098 - httpx - INFO - HTTP Request: GET https://ap-ccs-oic-uat-axhknnpmgslz-si.integration.ap-singapore-1.ocp.oraclecloud.com/ic/api/integration/v1/projects/APDU_WACS_DXI_GIS/integrations?limit=100&integrationInstance=ap-ccswacs-oic-dev-axhknnpmgslz-si "HTTP/1.1 307 Temporary Redirect"
2026-09-16 16:44:30,505 - httpx - INFO - HTTP Request: GET https://design.integration.ap-singapore-1.ocp.oraclecloud.com/ic/api/integration/v1/projects/APDU_WACS_DXI_GIS/integrations?limit=100&integrationInstance=ap-ccswacs-oic-dev-axhknnpmgslz-si&integrationInstance=ap-ccs-oic-uat-axhknnpmgslz-si "HTTP/1.1 200 OK"
2026-09-16 16:44:30,507 - mcp_server.oic_client - INFO - HTTP request to /ic/api/integration/v1/projects/APDU_WACS_DXI_GIS/integrations completed in 0.66s (Status: 200)
2026-09-16 16:44:30,754 - httpx - INFO - HTTP Request: GET https://ap-ccs-oic-uat-axhknnpmgslz-si.integration.ap-singapore-1.ocp.oraclecloud.com/ic/api/integration/v1/projects/APDU_WACS_ARCGIS/integrations?limit=100&integrationInstance=ap-ccswacs-oic-dev-axhknnpmgslz-si "HTTP/1.1 307 Temporary Redirect"
2026-09-16 16:44:31,202 - httpx - INFO - HTTP Request: GET https://design.integration.ap-singapore-1.ocp.oraclecloud.com/ic/api/integration/v1/projects/APDU_WACS_ARCGIS/integrations?limit=100&integrationInstance=ap-ccswacs-oic-dev-axhknnpmgslz-si&integrationInstance=ap-ccs-oic-uat-axhknnpmgslz-si "HTTP/1.1 200 OK"
2026-09-16 16:44:31,204 - mcp_server.oic_client - INFO - HTTP request to /ic/api/integration/v1/projects/APDU_WACS_ARCGIS/integrations completed in 0.70s (Status: 200)
2026-09-16 16:44:31,456 - httpx - INFO - HTTP Request: GET https://ap-ccs-oic-uat-axhknnpmgslz-si.integration.ap-singapore-1.ocp.oraclecloud.com/ic/api/integration/v1/projects/KAFKA_TEST/integrations?limit=100&integrationInstance=ap-ccswacs-oic-dev-axhknnpmgslz-si "HTTP/1.1 307 Temporary Redirect"
2026-09-16 16:44:31,742 - httpx - INFO - HTTP Request: GET https://design.integration.ap-singapore-1.ocp.oraclecloud.com/ic/api/integration/v1/projects/KAFKA_TEST/integrations?limit=100&integrationInstance=ap-ccswacs-oic-dev-axhknnpmgslz-si&integrationInstance=ap-ccs-oic-uat-axhknnpmgslz-si "HTTP/1.1 200 OK"
2026-09-16 16:44:31,745 - mcp_server.oic_client - INFO - HTTP request to /ic/api/integration/v1/projects/KAFKA_TEST/integrations completed in 0.54s (Status: 200)
2026-09-16 16:44:31,993 - httpx - INFO - HTTP Request: GET https://ap-ccs-oic-uat-axhknnpmgslz-si.integration.ap-singapore-1.ocp.oraclecloud.com/ic/api/integration/v1/projects/ORDEREVENTPROJECT/integrations?limit=100&integrationInstance=ap-ccswacs-oic-dev-axhknnpmgslz-si "HTTP/1.1 307 Temporary Redirect"
2026-09-16 16:44:32,285 - httpx - INFO - HTTP Request: GET https://design.integration.ap-singapore-1.ocp.oraclecloud.com/ic/api/integration/v1/projects/ORDEREVENTPROJECT/integrations?limit=100&integrationInstance=ap-ccswacs-oic-dev-axhknnpmgslz-si&integrationInstance=ap-ccs-oic-uat-axhknnpmgslz-si "HTTP/1.1 200 OK"
2026-09-16 16:44:32,287 - mcp_server.oic_client - INFO - HTTP request to /ic/api/integration/v1/projects/ORDEREVENTPROJECT/integrations completed in 0.54s (Status: 200)
2026-09-16 16:44:32,533 - httpx - INFO - HTTP Request: GET https://ap-ccs-oic-uat-axhknnpmgslz-si.integration.ap-singapore-1.ocp.oraclecloud.com/ic/api/integration/v1/projects/EXPENSE_APPROVAL_PROJECT/integrations?limit=100&integrationInstance=ap-ccswacs-oic-dev-axhknnpmgslz-si "HTTP/1.1 307 Temporary Redirect"
2026-09-16 16:44:32,905 - httpx - INFO - HTTP Request: GET https://design.integration.ap-singapore-1.ocp.oraclecloud.com/ic/api/integration/v1/projects/EXPENSE_APPROVAL_PROJECT/integrations?limit=100&integrationInstance=ap-ccswacs-oic-dev-axhknnpmgslz-si&integrationInstance=ap-ccs-oic-uat-axhknnpmgslz-si "HTTP/1.1 200 OK"
2026-09-16 16:44:32,910 - mcp_server.oic_client - INFO - HTTP request to /ic/api/integration/v1/projects/EXPENSE_APPROVAL_PROJECT/integrations completed in 0.62s (Status: 200)
2026-09-16 16:44:33,158 - httpx - INFO - HTTP Request: GET https://ap-ccs-oic-uat-axhknnpmgslz-si.integration.ap-singapore-1.ocp.oraclecloud.com/ic/api/integration/v1/projects/EMPLOYEEONBOARDINGPROJECT/integrations?limit=100&integrationInstance=ap-ccswacs-oic-dev-axhknnpmgslz-si "HTTP/1.1 307 Temporary Redirect"
2026-09-16 16:44:33,470 - httpx - INFO - HTTP Request: GET https://design.integration.ap-singapore-1.ocp.oraclecloud.com/ic/api/integration/v1/projects/EMPLOYEEONBOARDINGPROJECT/integrations?limit=100&integrationInstance=ap-ccswacs-oic-dev-axhknnpmgslz-si&integrationInstance=ap-ccs-oic-uat-axhknnpmgslz-si "HTTP/1.1 200 OK"
2026-09-16 16:44:33,471 - mcp_server.oic_client - INFO - HTTP request to /ic/api/integration/v1/projects/EMPLOYEEONBOARDINGPROJECT/integrations completed in 0.56s (Status: 200)
2026-09-16 16:44:33,717 - httpx - INFO - HTTP Request: GET https://ap-ccs-oic-uat-axhknnpmgslz-si.integration.ap-singapore-1.ocp.oraclecloud.com/ic/api/integration/v1/projects/OUTL-BA-WACS_OFSC/integrations?limit=100&integrationInstance=ap-ccswacs-oic-dev-axhknnpmgslz-si "HTTP/1.1 307 Temporary Redirect"
2026-09-16 16:44:34,221 - httpx - INFO - HTTP Request: GET https://design.integration.ap-singapore-1.ocp.oraclecloud.com/ic/api/integration/v1/projects/OUTL-BA-WACS_OFSC/integrations?limit=100&integrationInstance=ap-ccswacs-oic-dev-axhknnpmgslz-si&integrationInstance=ap-ccs-oic-uat-axhknnpmgslz-si "HTTP/1.1 200 OK"
2026-09-16 16:44:34,226 - mcp_server.oic_client - INFO - HTTP request to /ic/api/integration/v1/projects/OUTL-BA-WACS_OFSC/integrations completed in 0.75s (Status: 200)
2026-09-16 16:44:34,476 - httpx - INFO - HTTP Request: GET https://ap-ccs-oic-uat-axhknnpmgslz-si.integration.ap-singapore-1.ocp.oraclecloud.com/ic/api/integration/v1/projects/OUTL-BA-WACS_ERPSCM/integrations?limit=100&integrationInstance=ap-ccswacs-oic-dev-axhknnpmgslz-si "HTTP/1.1 307 Temporary Redirect"
2026-09-16 16:44:35,003 - httpx - INFO - HTTP Request: GET https://design.integration.ap-singapore-1.ocp.oraclecloud.com/ic/api/integration/v1/projects/OUTL-BA-WACS_ERPSCM/integrations?limit=100&integrationInstance=ap-ccswacs-oic-dev-axhknnpmgslz-si&integrationInstance=ap-ccs-oic-uat-axhknnpmgslz-si "HTTP/1.1 200 OK"
2026-09-16 16:44:35,007 - mcp_server.oic_client - INFO - HTTP request to /ic/api/integration/v1/projects/OUTL-BA-WACS_ERPSCM/integrations completed in 0.78s (Status: 200)
2026-09-16 16:44:35,258 - httpx - INFO - HTTP Request: GET https://ap-ccs-oic-uat-axhknnpmgslz-si.integration.ap-singapore-1.ocp.oraclecloud.com/ic/api/integration/v1/projects/APDU_ODM_MDM/integrations?limit=100&integrationInstance=ap-ccswacs-oic-dev-axhknnpmgslz-si "HTTP/1.1 307 Temporary Redirect"
2026-09-16 16:44:35,645 - httpx - INFO - HTTP Request: GET https://design.integration.ap-singapore-1.ocp.oraclecloud.com/ic/api/integration/v1/projects/APDU_ODM_MDM/integrations?limit=100&integrationInstance=ap-ccswacs-oic-dev-axhknnpmgslz-si&integrationInstance=ap-ccs-oic-uat-axhknnpmgslz-si "HTTP/1.1 200 OK"
2026-09-16 16:44:35,647 - mcp_server.oic_client - INFO - HTTP request to /ic/api/integration/v1/projects/APDU_ODM_MDM/integrations completed in 0.64s (Status: 200)
2026-09-16 16:44:35,895 - httpx - INFO - HTTP Request: GET https://ap-ccs-oic-uat-axhknnpmgslz-si.integration.ap-singapore-1.ocp.oraclecloud.com/ic/api/integration/v1/projects/APDU_CCS_OFSC/integrations?limit=100&integrationInstance=ap-ccswacs-oic-dev-axhknnpmgslz-si "HTTP/1.1 307 Temporary Redirect"
2026-09-16 16:44:36,245 - httpx - INFO - HTTP Request: GET https://design.integration.ap-singapore-1.ocp.oraclecloud.com/ic/api/integration/v1/projects/APDU_CCS_OFSC/integrations?limit=100&integrationInstance=ap-ccswacs-oic-dev-axhknnpmgslz-si&integrationInstance=ap-ccs-oic-uat-axhknnpmgslz-si "HTTP/1.1 200 OK"
2026-09-16 16:44:36,247 - mcp_server.oic_client - INFO - HTTP request to /ic/api/integration/v1/projects/APDU_CCS_OFSC/integrations completed in 0.60s (Status: 200)
2026-09-16 16:44:36,493 - httpx - INFO - HTTP Request: GET https://ap-ccs-oic-uat-axhknnpmgslz-si.integration.ap-singapore-1.ocp.oraclecloud.com/ic/api/integration/v1/projects/OUTL-BA-CCS_OFSC/integrations?limit=100&integrationInstance=ap-ccswacs-oic-dev-axhknnpmgslz-si "HTTP/1.1 307 Temporary Redirect"
2026-09-16 16:44:36,903 - httpx - INFO - HTTP Request: GET https://design.integration.ap-singapore-1.ocp.oraclecloud.com/ic/api/integration/v1/projects/OUTL-BA-CCS_OFSC/integrations?limit=100&integrationInstance=ap-ccswacs-oic-dev-axhknnpmgslz-si&integrationInstance=ap-ccs-oic-uat-axhknnpmgslz-si "HTTP/1.1 200 OK"
2026-09-16 16:44:36,906 - mcp_server.oic_client - INFO - HTTP request to /ic/api/integration/v1/projects/OUTL-BA-CCS_OFSC/integrations completed in 0.66s (Status: 200)
2026-09-16 16:44:37,156 - httpx - INFO - HTTP Request: GET https://ap-ccs-oic-uat-axhknnpmgslz-si.integration.ap-singapore-1.ocp.oraclecloud.com/ic/api/integration/v1/projects/APDU_WACS_CCS/integrations?limit=100&integrationInstance=ap-ccswacs-oic-dev-axhknnpmgslz-si "HTTP/1.1 307 Temporary Redirect"
2026-09-16 16:44:37,463 - httpx - INFO - HTTP Request: GET https://design.integration.ap-singapore-1.ocp.oraclecloud.com/ic/api/integration/v1/projects/APDU_WACS_CCS/integrations?limit=100&integrationInstance=ap-ccswacs-oic-dev-axhknnpmgslz-si&integrationInstance=ap-ccs-oic-uat-axhknnpmgslz-si "HTTP/1.1 200 OK"
2026-09-16 16:44:37,465 - mcp_server.oic_client - INFO - HTTP request to /ic/api/integration/v1/projects/APDU_WACS_CCS/integrations completed in 0.56s (Status: 200)
2026-09-16 16:44:37,716 - httpx - INFO - HTTP Request: GET https://ap-ccs-oic-uat-axhknnpmgslz-si.integration.ap-singapore-1.ocp.oraclecloud.com/ic/api/integration/v1/projects/OUTL-BA-ARCGIS_WACS/integrations?limit=100&integrationInstance=ap-ccswacs-oic-dev-axhknnpmgslz-si "HTTP/1.1 307 Temporary Redirect"
2026-09-16 16:44:38,179 - httpx - INFO - HTTP Request: GET https://design.integration.ap-singapore-1.ocp.oraclecloud.com/ic/api/integration/v1/projects/OUTL-BA-ARCGIS_WACS/integrations?limit=100&integrationInstance=ap-ccswacs-oic-dev-axhknnpmgslz-si&integrationInstance=ap-ccs-oic-uat-axhknnpmgslz-si "HTTP/1.1 200 OK"
2026-09-16 16:44:38,182 - mcp_server.oic_client - INFO - HTTP request to /ic/api/integration/v1/projects/OUTL-BA-ARCGIS_WACS/integrations completed in 0.72s (Status: 200)
2026-09-16 16:44:38,184 - mcp_server.oic_client - INFO - Calling list_integrations - only_activated: None, limit: None, page: None
2026-09-16 16:44:38,438 - httpx - INFO - HTTP Request: GET https://ap-ccs-oic-uat-axhknnpmgslz-si.integration.ap-singapore-1.ocp.oraclecloud.com/ic/api/integration/v1/integrations?integrationInstance=ap-ccswacs-oic-dev-axhknnpmgslz-si "HTTP/1.1 307 Temporary Redirect"
2026-09-16 16:44:38,727 - httpx - INFO - HTTP Request: GET https://design.integration.ap-singapore-1.ocp.oraclecloud.com/ic/api/integration/v1/integrations?integrationInstance=ap-ccswacs-oic-dev-axhknnpmgslz-si&integrationInstance=ap-ccs-oic-uat-axhknnpmgslz-si "HTTP/1.1 200 OK"
2026-09-16 16:44:38,729 - mcp_server.oic_client - INFO - HTTP request to /ic/api/integration/v1/integrations completed in 0.54s (Status: 200)
2026-09-16 16:44:38,729 - mcp_server.oic_client - INFO - list_integrations returned 0 items, total: 0, hasMore: False in 0.54s
2026-09-16 16:44:38,730 - mcp_server.oic_client - INFO - Fetching page 1/50
2026-09-16 16:44:38,731 - mcp_server.oic_client - INFO - Calling list_integrations - only_activated: None, limit: 100, page: 1
2026-09-16 16:44:38,979 - httpx - INFO - HTTP Request: GET https://ap-ccs-oic-uat-axhknnpmgslz-si.integration.ap-singapore-1.ocp.oraclecloud.com/ic/api/integration/v1/integrations?limit=100&page=1&integrationInstance=ap-ccswacs-oic-dev-axhknnpmgslz-si "HTTP/1.1 307 Temporary Redirect"
2026-09-16 16:44:39,262 - httpx - INFO - HTTP Request: GET https://design.integration.ap-singapore-1.ocp.oraclecloud.com/ic/api/integration/v1/integrations?limit=100&page=1&integrationInstance=ap-ccswacs-oic-dev-axhknnpmgslz-si&integrationInstance=ap-ccs-oic-uat-axhknnpmgslz-si "HTTP/1.1 200 OK"
2026-09-16 16:44:39,263 - mcp_server.oic_client - INFO - HTTP request to /ic/api/integration/v1/integrations completed in 0.53s (Status: 200)
2026-09-16 16:44:39,264 - mcp_server.oic_client - INFO - list_integrations returned 0 items, total: 0, hasMore: False in 0.53s
2026-09-16 16:44:39,264 - mcp_server.oic_client - INFO - Page 1: API returned 0 items, totalResults: 0, hasMore: False
2026-09-16 16:44:39,264 - mcp_server.oic_client - INFO - No items found on page 1, stopping pagination
2026-09-16 16:44:39,265 - mcp_server.oic_client - INFO - list_all_integrations completed: fetched 95 unique integrations from 0 pages in 15.05s
2026-09-16 16:44:39,265 - mcp_server.oic_client - INFO - Found latest version for OUTL-BA-OFSC_CCS_ACTIVITY_COMP: 01.25.0400 in 15.05s
2026-09-16 16:44:39,512 - httpx - INFO - HTTP Request: GET https://ap-ccs-oic-uat-axhknnpmgslz-si.integration.ap-singapore-1.ocp.oraclecloud.com/ic/api/integration/v1/integrations/OUTL-BA-OFSC_CCS_ACTIVITY_COMP%7C01.25.0400?integrationInstance=ap-ccswacs-oic-dev-axhknnpmgslz-si "HTTP/1.1 307 Temporary Redirect"
2026-09-16 16:44:39,781 - httpx - INFO - HTTP Request: GET https://design.integration.ap-singapore-1.ocp.oraclecloud.com/ic/api/integration/v1/integrations/OUTL-BA-OFSC_CCS_ACTIVITY_COMP%7C01.25.0400?integrationInstance=ap-ccswacs-oic-dev-axhknnpmgslz-si&integrationInstance=ap-ccs-oic-uat-axhknnpmgslz-si "HTTP/1.1 404 Not Found"
2026-09-16 16:44:39,782 - mcp_server.oic_client - INFO - HTTP request to /ic/api/integration/v1/integrations/OUTL-BA-OFSC_CCS_ACTIVITY_COMP%7C01.25.0400 completed in 0.52s (Status: 404)
2026-09-16 16:44:39,783 - mcp_server.main - ERROR - Tool summarize_integration failed after 15.57s: Client error '404 Not Found' for url 'https://design.integration.ap-singapore-1.ocp.oraclecloud.com/ic/api/integration/v1/integrations/OUTL-BA-OFSC_CCS_ACTIVITY_COMP%7C01.25.0400?integrationInstance=ap-ccswacs-oic-dev-axhknnpmgslz-si&integrationInstance=ap-ccs-oic-uat-axhknnpmgslz-si'
For more information check: https://developer.mozilla.org/en-US/docs/Web/HTTP/Status/404
2026-09-16 17:06:26,150 - mcp_server.main - INFO - WebSocket connection disconnected
2026-09-16 17:06:26,151 - mcp_server.main - INFO - WebSocket connection disconnected
2026-09-16 17:09:24,991 - __main__ - INFO - WebSocket connection accepted (subprotocol=None)
2026-09-16 17:09:33,418 - __main__ - INFO - WebSocket connection accepted (subprotocol=None)
2026-09-16 17:09:33,420 - __main__ - INFO - Received MCP request: initialize (ID: 1)
2026-09-16 17:09:33,420 - __main__ - INFO - Processing initialize request
2026-09-16 17:09:33,421 - __main__ - INFO - Initialize request completed
2026-09-16 17:09:33,423 - __main__ - INFO - WebSocket connection disconnected
2026-09-16 17:11:10,610 - __main__ - INFO - WebSocket connection accepted (subprotocol='mcp')
2026-09-16 17:11:10,618 - __main__ - INFO - Received MCP request: initialize (ID: 0)
2026-09-16 17:11:10,619 - __main__ - INFO - Processing initialize request
2026-09-16 17:11:10,619 - __main__ - INFO - Initialize request completed
2026-09-16 17:11:10,622 - __main__ - INFO - Received MCP request: notifications/initialized (ID: None)
2026-09-16 17:11:10,622 - __main__ - ERROR - Unknown method: notifications/initialized
2026-09-16 17:11:10,623 - __main__ - INFO - Received MCP request: tools/list (ID: 1)
2026-09-16 17:11:10,624 - __main__ - INFO - Processing tools/list request
2026-09-16 17:11:10,625 - __main__ - INFO - Tools list request completed
2026-09-16 17:11:10,629 - __main__ - INFO - Received MCP request: tools/call (ID: 2)
2026-09-16 17:11:10,629 - __main__ - INFO - Executing tool: list_project_integrations
2026-09-16 17:11:10,630 - mcp_server.tools - INFO - Tool _call_list_project_integrations called with params: {'projectId': 'APDU_WACS_OFSC'}
2026-09-16 17:11:11,216 - mcp_server.oic_client - INFO - Fetching new OAuth token
2026-09-16 17:11:11,568 - httpx - INFO - HTTP Request: POST https://idcs-40ce518ee4354cb8b8a1f54926629fc0.identity.oraclecloud.com/oauth2/v1/token "HTTP/1.1 200 OK"
2026-09-16 17:11:11,573 - mcp_server.oic_client - INFO - OAuth token fetched successfully in 0.36s
2026-09-16 17:11:11,829 - httpx - INFO - HTTP Request: GET https://ap-ccs-oic-uat-axhknnpmgslz-si.integration.ap-singapore-1.ocp.oraclecloud.com/ic/api/integration/v1/projects/APDU_WACS_OFSC/integrations?integrationInstance=ap-ccswacs-oic-dev-axhknnpmgslz-si "HTTP/1.1 307 Temporary Redirect"
2026-09-16 17:11:12,691 - httpx - INFO - HTTP Request: GET https://design.integration.ap-singapore-1.ocp.oraclecloud.com/ic/api/integration/v1/projects/APDU_WACS_OFSC/integrations?integrationInstance=ap-ccswacs-oic-dev-axhknnpmgslz-si&integrationInstance=ap-ccs-oic-uat-axhknnpmgslz-si "HTTP/1.1 200 OK"
2026-09-16 17:11:12,700 - mcp_server.oic_client - INFO - HTTP request to /ic/api/integration/v1/projects/APDU_WACS_OFSC/integrations completed in 1.13s (Status: 200)
2026-09-16 17:11:12,708 - mcp_server.tools - INFO - Tool _call_list_project_integrations completed in 2.08s
2026-09-16 17:11:12,709 - __main__ - INFO - Tool list_project_integrations executed successfully in 2.08s
2026-09-16 17:11:12,720 - __main__ - INFO - Tool list_project_integrations request completed in 2.09s total
2026-09-16 17:12:10,787 - __main__ - INFO - Received MCP request: tools/call (ID: 3)
2026-09-16 17:12:10,788 - __main__ - INFO - Executing tool: list_project_integrations
2026-09-16 17:12:10,788 - mcp_server.tools - INFO - Tool _call_list_project_integrations called with params: {'limit': 3, 'page': 1, 'projectId': 'APDU_WACS_OFSC'}
2026-09-16 17:12:11,971 - httpx - INFO - HTTP Request: GET https://ap-ccs-oic-uat-axhknnpmgslz-si.integration.ap-singapore-1.ocp.oraclecloud.com/ic/api/integration/v1/projects/APDU_WACS_OFSC/integrations?limit=3&page=1&integrationInstance=ap-ccswacs-oic-dev-axhknnpmgslz-si "HTTP/1.1 307 Temporary Redirect"
2026-09-16 17:12:12,460 - httpx - INFO - HTTP Request: GET https://design.integration.ap-singapore-1.ocp.oraclecloud.com/ic/api/integration/v1/projects/APDU_WACS_OFSC/integrations?limit=3&page=1&integrationInstance=ap-ccswacs-oic-dev-axhknnpmgslz-si&integrationInstance=ap-ccs-oic-uat-axhknnpmgslz-si "HTTP/1.1 200 OK"
2026-09-16 17:12:12,462 - mcp_server.oic_client - INFO - HTTP request to /ic/api/integration/v1/projects/APDU_WACS_OFSC/integrations completed in 1.67s (Status: 200)
2026-09-16 17:12:12,462 - mcp_server.tools - INFO - Tool _call_list_project_integrations completed in 1.67s
2026-09-16 17:12:12,463 - __main__ - INFO - Tool list_project_integrations executed successfully in 1.67s
2026-09-16 17:12:12,464 - __main__ - INFO - Tool list_project_integrations request completed in 1.68s total
2026-09-16 17:12:31,823 - __main__ - INFO - Received MCP request: tools/call (ID: 4)
2026-09-16 17:12:31,824 - __main__ - INFO - Executing tool: list_project_integrations
2026-09-16 17:12:31,824 - mcp_server.tools - INFO - Tool _call_list_project_integrations called with params: {'limit': 10, 'page': 1, 'projectId': 'APDU_WACS_OFSC'}
2026-09-16 17:12:32,892 - httpx - INFO - HTTP Request: GET https://ap-ccs-oic-uat-axhknnpmgslz-si.integration.ap-singapore-1.ocp.oraclecloud.com/ic/api/integration/v1/projects/APDU_WACS_OFSC/integrations?limit=10&page=1&integrationInstance=ap-ccswacs-oic-dev-axhknnpmgslz-si "HTTP/1.1 307 Temporary Redirect"
2026-09-16 17:12:34,328 - httpx - INFO - HTTP Request: GET https://design.integration.ap-singapore-1.ocp.oraclecloud.com/ic/api/integration/v1/projects/APDU_WACS_OFSC/integrations?limit=10&page=1&integrationInstance=ap-ccswacs-oic-dev-axhknnpmgslz-si&integrationInstance=ap-ccs-oic-uat-axhknnpmgslz-si "HTTP/1.1 200 OK"
2026-09-16 17:12:34,330 - mcp_server.oic_client - INFO - HTTP request to /ic/api/integration/v1/projects/APDU_WACS_OFSC/integrations completed in 2.51s (Status: 200)
2026-09-16 17:12:34,331 - mcp_server.tools - INFO - Tool _call_list_project_integrations completed in 2.51s
2026-09-16 17:12:34,332 - __main__ - INFO - Tool list_project_integrations executed successfully in 2.51s
2026-09-16 17:12:34,339 - __main__ - INFO - Tool list_project_integrations request completed in 2.52s total
2026-09-16 17:12:35,262 - __main__ - INFO - Received MCP request: tools/call (ID: 5)
2026-09-16 17:12:35,262 - __main__ - INFO - Executing tool: list_project_integrations
2026-09-16 17:12:35,263 - mcp_server.tools - INFO - Tool _call_list_project_integrations called with params: {'limit': 10, 'page': 2, 'projectId': 'APDU_WACS_OFSC'}
2026-09-16 17:12:35,521 - httpx - INFO - HTTP Request: GET https://ap-ccs-oic-uat-axhknnpmgslz-si.integration.ap-singapore-1.ocp.oraclecloud.com/ic/api/integration/v1/projects/APDU_WACS_OFSC/integrations?limit=10&page=2&integrationInstance=ap-ccswacs-oic-dev-axhknnpmgslz-si "HTTP/1.1 307 Temporary Redirect"
2026-09-16 17:12:36,036 - httpx - INFO - HTTP Request: GET https://design.integration.ap-singapore-1.ocp.oraclecloud.com/ic/api/integration/v1/projects/APDU_WACS_OFSC/integrations?limit=10&page=2&integrationInstance=ap-ccswacs-oic-dev-axhknnpmgslz-si&integrationInstance=ap-ccs-oic-uat-axhknnpmgslz-si "HTTP/1.1 200 OK"
2026-09-16 17:12:36,038 - mcp_server.oic_client - INFO - HTTP request to /ic/api/integration/v1/projects/APDU_WACS_OFSC/integrations completed in 0.78s (Status: 200)
2026-09-16 17:12:36,039 - mcp_server.tools - INFO - Tool _call_list_project_integrations completed in 0.78s
2026-09-16 17:12:36,039 - __main__ - INFO - Tool list_project_integrations executed successfully in 0.78s
2026-09-16 17:12:36,042 - __main__ - INFO - Tool list_project_integrations request completed in 0.78s total
2026-09-16 17:12:36,998 - __main__ - INFO - Received MCP request: tools/call (ID: 6)
2026-09-16 17:12:36,999 - __main__ - INFO - Executing tool: list_project_integrations
2026-09-16 17:12:36,999 - mcp_server.tools - INFO - Tool _call_list_project_integrations called with params: {'limit': 10, 'page': 3, 'projectId': 'APDU_WACS_OFSC'}
2026-09-16 17:12:37,259 - httpx - INFO - HTTP Request: GET https://ap-ccs-oic-uat-axhknnpmgslz-si.integration.ap-singapore-1.ocp.oraclecloud.com/ic/api/integration/v1/projects/APDU_WACS_OFSC/integrations?limit=10&page=3&integrationInstance=ap-ccswacs-oic-dev-axhknnpmgslz-si "HTTP/1.1 307 Temporary Redirect"
2026-09-16 17:12:37,743 - httpx - INFO - HTTP Request: GET https://design.integration.ap-singapore-1.ocp.oraclecloud.com/ic/api/integration/v1/projects/APDU_WACS_OFSC/integrations?limit=10&page=3&integrationInstance=ap-ccswacs-oic-dev-axhknnpmgslz-si&integrationInstance=ap-ccs-oic-uat-axhknnpmgslz-si "HTTP/1.1 200 OK"
2026-09-16 17:12:37,745 - mcp_server.oic_client - INFO - HTTP request to /ic/api/integration/v1/projects/APDU_WACS_OFSC/integrations completed in 0.75s (Status: 200)
2026-09-16 17:12:37,746 - mcp_server.tools - INFO - Tool _call_list_project_integrations completed in 0.75s
2026-09-16 17:12:37,746 - __main__ - INFO - Tool list_project_integrations executed successfully in 0.75s
2026-09-16 17:12:37,749 - __main__ - INFO - Tool list_project_integrations request completed in 0.75s total
2026-09-16 17:12:38,725 - __main__ - INFO - Received MCP request: tools/call (ID: 7)
2026-09-16 17:12:38,725 - __main__ - INFO - Executing tool: list_project_integrations
2026-09-16 17:12:38,726 - mcp_server.tools - INFO - Tool _call_list_project_integrations called with params: {'limit': 10, 'page': 4, 'projectId': 'APDU_WACS_OFSC'}
2026-09-16 17:12:38,983 - httpx - INFO - HTTP Request: GET https://ap-ccs-oic-uat-axhknnpmgslz-si.integration.ap-singapore-1.ocp.oraclecloud.com/ic/api/integration/v1/projects/APDU_WACS_OFSC/integrations?limit=10&page=4&integrationInstance=ap-ccswacs-oic-dev-axhknnpmgslz-si "HTTP/1.1 307 Temporary Redirect"
2026-09-16 17:12:39,440 - httpx - INFO - HTTP Request: GET https://design.integration.ap-singapore-1.ocp.oraclecloud.com/ic/api/integration/v1/projects/APDU_WACS_OFSC/integrations?limit=10&page=4&integrationInstance=ap-ccswacs-oic-dev-axhknnpmgslz-si&integrationInstance=ap-ccs-oic-uat-axhknnpmgslz-si "HTTP/1.1 200 OK"
2026-09-16 17:12:39,442 - mcp_server.oic_client - INFO - HTTP request to /ic/api/integration/v1/projects/APDU_WACS_OFSC/integrations completed in 0.72s (Status: 200)
2026-09-16 17:12:39,443 - mcp_server.tools - INFO - Tool _call_list_project_integrations completed in 0.72s
2026-09-16 17:12:39,443 - __main__ - INFO - Tool list_project_integrations executed successfully in 0.72s
2026-09-16 17:12:39,447 - __main__ - INFO - Tool list_project_integrations request completed in 0.72s total
2026-09-16 17:12:40,401 - __main__ - INFO - Received MCP request: tools/call (ID: 8)
2026-09-16 17:12:40,401 - __main__ - INFO - Executing tool: list_project_integrations
2026-09-16 17:12:40,401 - mcp_server.tools - INFO - Tool _call_list_project_integrations called with params: {'limit': 10, 'page': 5, 'projectId': 'APDU_WACS_OFSC'}
2026-09-16 17:12:40,655 - httpx - INFO - HTTP Request: GET https://ap-ccs-oic-uat-axhknnpmgslz-si.integration.ap-singapore-1.ocp.oraclecloud.com/ic/api/integration/v1/projects/APDU_WACS_OFSC/integrations?limit=10&page=5&integrationInstance=ap-ccswacs-oic-dev-axhknnpmgslz-si "HTTP/1.1 307 Temporary Redirect"
2026-09-16 17:12:41,066 - httpx - INFO - HTTP Request: GET https://design.integration.ap-singapore-1.ocp.oraclecloud.com/ic/api/integration/v1/projects/APDU_WACS_OFSC/integrations?limit=10&page=5&integrationInstance=ap-ccswacs-oic-dev-axhknnpmgslz-si&integrationInstance=ap-ccs-oic-uat-axhknnpmgslz-si "HTTP/1.1 200 OK"
2026-09-16 17:12:41,069 - mcp_server.oic_client - INFO - HTTP request to /ic/api/integration/v1/projects/APDU_WACS_OFSC/integrations completed in 0.67s (Status: 200)
2026-09-16 17:12:41,071 - mcp_server.tools - INFO - Tool _call_list_project_integrations completed in 0.67s
2026-09-16 17:12:41,072 - __main__ - INFO - Tool list_project_integrations executed successfully in 0.67s
2026-09-16 17:12:41,076 - __main__ - INFO - Tool list_project_integrations request completed in 0.68s total
2026-09-16 17:13:20,684 - __main__ - INFO - Received MCP request: tools/call (ID: 9)
2026-09-16 17:13:20,684 - __main__ - INFO - Executing tool: list_project_integrations
2026-09-16 17:13:20,685 - mcp_server.tools - INFO - Tool _call_list_project_integrations called with params: {'limit': 3, 'page': 2, 'projectId': 'APDU_WACS_OFSC'}
2026-09-16 17:13:20,932 - httpx - INFO - HTTP Request: GET https://ap-ccs-oic-uat-axhknnpmgslz-si.integration.ap-singapore-1.ocp.oraclecloud.com/ic/api/integration/v1/projects/APDU_WACS_OFSC/integrations?limit=3&page=2&integrationInstance=ap-ccswacs-oic-dev-axhknnpmgslz-si "HTTP/1.1 307 Temporary Redirect"
2026-09-16 17:13:21,361 - httpx - INFO - HTTP Request: GET https://design.integration.ap-singapore-1.ocp.oraclecloud.com/ic/api/integration/v1/projects/APDU_WACS_OFSC/integrations?limit=3&page=2&integrationInstance=ap-ccswacs-oic-dev-axhknnpmgslz-si&integrationInstance=ap-ccs-oic-uat-axhknnpmgslz-si "HTTP/1.1 200 OK"
2026-09-16 17:13:21,364 - mcp_server.oic_client - INFO - HTTP request to /ic/api/integration/v1/projects/APDU_WACS_OFSC/integrations completed in 0.68s (Status: 200)
2026-09-16 17:13:21,365 - mcp_server.tools - INFO - Tool _call_list_project_integrations completed in 0.68s
2026-09-16 17:13:21,366 - __main__ - INFO - Tool list_project_integrations executed successfully in 0.68s
2026-09-16 17:13:21,367 - __main__ - INFO - Tool list_project_integrations request completed in 0.68s total
2026-09-16 17:13:31,800 - __main__ - INFO - Received MCP request: tools/call (ID: 10)
2026-09-16 17:13:31,800 - __main__ - INFO - Executing tool: list_integrations
2026-09-16 17:13:31,800 - mcp_server.tools - INFO - Tool _call_list_integrations called with params: {'limit': 200, 'onlyActivated': True}
2026-09-16 17:13:31,801 - mcp_server.oic_client - INFO - Calling list_integrations - only_activated: True, limit: 200, page: None
2026-09-16 17:13:32,046 - httpx - INFO - HTTP Request: GET https://ap-ccs-oic-uat-axhknnpmgslz-si.integration.ap-singapore-1.ocp.oraclecloud.com/ic/api/integration/v1/integrations?onlyActivated=true&limit=200&integrationInstance=ap-ccswacs-oic-dev-axhknnpmgslz-si "HTTP/1.1 307 Temporary Redirect"
2026-09-16 17:13:32,395 - httpx - INFO - HTTP Request: GET https://design.integration.ap-singapore-1.ocp.oraclecloud.com/ic/api/integration/v1/integrations?onlyActivated=true&limit=200&integrationInstance=ap-ccswacs-oic-dev-axhknnpmgslz-si&integrationInstance=ap-ccs-oic-uat-axhknnpmgslz-si "HTTP/1.1 200 OK"
2026-09-16 17:13:32,398 - mcp_server.oic_client - INFO - HTTP request to /ic/api/integration/v1/integrations completed in 0.60s (Status: 200)
2026-09-16 17:13:32,398 - mcp_server.oic_client - INFO - list_integrations returned 0 items, total: 0, hasMore: False in 0.60s
2026-09-16 17:13:32,399 - mcp_server.tools - INFO - Tool _call_list_integrations completed in 0.60s
2026-09-16 17:13:32,399 - __main__ - INFO - Tool list_integrations executed successfully in 0.60s
2026-09-16 17:13:32,399 - __main__ - INFO - Tool list_integrations request completed in 0.60s total
2026-09-16 17:13:35,094 - __main__ - INFO - Received MCP request: tools/call (ID: 11)
2026-09-16 17:13:35,095 - __main__ - INFO - Executing tool: list_integrations
2026-09-16 17:13:35,095 - mcp_server.tools - INFO - Tool _call_list_integrations called with params: {}
2026-09-16 17:13:35,095 - mcp_server.oic_client - INFO - Calling list_integrations - only_activated: None, limit: None, page: None
2026-09-16 17:13:35,154 - httpx - INFO - HTTP Request: GET https://ap-ccs-oic-uat-axhknnpmgslz-si.integration.ap-singapore-1.ocp.oraclecloud.com/ic/api/integration/v1/integrations?integrationInstance=ap-ccswacs-oic-dev-axhknnpmgslz-si "HTTP/1.1 307 Temporary Redirect"
2026-09-16 17:13:35,244 - httpx - INFO - HTTP Request: GET https://design.integration.ap-singapore-1.ocp.oraclecloud.com/ic/api/integration/v1/integrations?integrationInstance=ap-ccswacs-oic-dev-axhknnpmgslz-si&integrationInstance=ap-ccs-oic-uat-axhknnpmgslz-si "HTTP/1.1 200 OK"
2026-09-16 17:13:35,246 - mcp_server.oic_client - INFO - HTTP request to /ic/api/integration/v1/integrations completed in 0.15s (Status: 200)
2026-09-16 17:13:35,247 - mcp_server.oic_client - INFO - list_integrations returned 0 items, total: 0, hasMore: False in 0.15s
2026-09-16 17:13:35,247 - mcp_server.tools - INFO - Tool _call_list_integrations completed in 0.15s
2026-09-16 17:13:35,247 - __main__ - INFO - Tool list_integrations executed successfully in 0.15s
2026-09-16 17:13:35,248 - __main__ - INFO - Tool list_integrations request completed in 0.15s total
2026-09-16 17:13:41,764 - __main__ - INFO - Received MCP request: tools/call (ID: 12)
2026-09-16 17:13:41,765 - __main__ - INFO - Executing tool: list_integrations_search
2026-09-16 17:13:41,765 - mcp_server.tools - INFO - Starting list_integrations_search with terms: ['WACS_OFSC', 'OFSC_WACS'], max_pages: 20, per_page: 50
2026-09-16 17:13:41,766 - mcp_server.tools - INFO - Searching page 1/20
2026-09-16 17:13:41,766 - mcp_server.oic_client - INFO - Calling list_integrations - only_activated: True, limit: 50, page: 1
2026-09-16 17:13:42,769 - httpx - INFO - HTTP Request: GET https://ap-ccs-oic-uat-axhknnpmgslz-si.integration.ap-singapore-1.ocp.oraclecloud.com/ic/api/integration/v1/integrations?onlyActivated=true&limit=50&page=1&integrationInstance=ap-ccswacs-oic-dev-axhknnpmgslz-si "HTTP/1.1 307 Temporary Redirect"
2026-09-16 17:13:43,881 - httpx - INFO - HTTP Request: GET https://design.integration.ap-singapore-1.ocp.oraclecloud.com/ic/api/integration/v1/integrations?onlyActivated=true&limit=50&page=1&integrationInstance=ap-ccswacs-oic-dev-axhknnpmgslz-si&integrationInstance=ap-ccs-oic-uat-axhknnpmgslz-si "HTTP/1.1 200 OK"
2026-09-16 17:13:43,883 - mcp_server.oic_client - INFO - HTTP request to /ic/api/integration/v1/integrations completed in 2.12s (Status: 200)
2026-09-16 17:13:43,883 - mcp_server.oic_client - INFO - list_integrations returned 0 items, total: 0, hasMore: False in 2.12s
2026-09-16 17:13:43,883 - mcp_server.tools - INFO - No items found on page 1, stopping search
2026-09-16 17:13:43,883 - mcp_server.tools - INFO - Search completed: found 0 matches across 0 pages
2026-09-16 17:13:43,884 - __main__ - INFO - Tool list_integrations_search executed successfully in 2.12s
2026-09-16 17:13:43,884 - __main__ - INFO - Tool list_integrations_search request completed in 2.12s total
2026-09-16 17:14:50,671 - __main__ - INFO - Received MCP request: tools/call (ID: 13)
2026-09-16 17:14:50,671 - __main__ - INFO - Executing tool: list_activated_integrations
2026-09-16 17:14:50,671 - mcp_server.oic_client - INFO - Calling list_integrations - only_activated: True, limit: 200, page: None
2026-09-16 17:14:50,902 - httpx - INFO - HTTP Request: GET https://ap-ccs-oic-uat-axhknnpmgslz-si.integration.ap-singapore-1.ocp.oraclecloud.com/ic/api/integration/v1/integrations?onlyActivated=true&limit=200&integrationInstance=ap-ccswacs-oic-dev-axhknnpmgslz-si "HTTP/1.1 307 Temporary Redirect"
2026-09-16 17:14:51,988 - httpx - INFO - HTTP Request: GET https://design.integration.ap-singapore-1.ocp.oraclecloud.com/ic/api/integration/v1/integrations?onlyActivated=true&limit=200&integrationInstance=ap-ccswacs-oic-dev-axhknnpmgslz-si&integrationInstance=ap-ccs-oic-uat-axhknnpmgslz-si "HTTP/1.1 200 OK"
2026-09-16 17:14:51,992 - mcp_server.oic_client - INFO - HTTP request to /ic/api/integration/v1/integrations completed in 1.32s (Status: 200)
2026-09-16 17:14:51,993 - mcp_server.oic_client - INFO - list_integrations returned 0 items, total: 0, hasMore: False in 1.32s
2026-09-16 17:14:51,993 - __main__ - INFO - Tool list_activated_integrations executed successfully in 1.32s
2026-09-16 17:14:51,994 - __main__ - INFO - Tool list_activated_integrations request completed in 1.32s total
2026-09-16 17:14:57,137 - __main__ - INFO - Received MCP request: tools/call (ID: 14)
2026-09-16 17:14:57,137 - __main__ - INFO - Executing tool: list_project_integrations
2026-09-16 17:14:57,138 - mcp_server.tools - INFO - Tool _call_list_project_integrations called with params: {'limit': 1, 'page': 1, 'projectId': 'APDU_WACS_OFSC'}
2026-09-16 17:14:58,164 - httpx - INFO - HTTP Request: GET https://ap-ccs-oic-uat-axhknnpmgslz-si.integration.ap-singapore-1.ocp.oraclecloud.com/ic/api/integration/v1/projects/APDU_WACS_OFSC/integrations?limit=1&page=1&integrationInstance=ap-ccswacs-oic-dev-axhknnpmgslz-si "HTTP/1.1 307 Temporary Redirect"
2026-09-16 17:14:58,733 - httpx - INFO - HTTP Request: GET https://design.integration.ap-singapore-1.ocp.oraclecloud.com/ic/api/integration/v1/projects/APDU_WACS_OFSC/integrations?limit=1&page=1&integrationInstance=ap-ccswacs-oic-dev-axhknnpmgslz-si&integrationInstance=ap-ccs-oic-uat-axhknnpmgslz-si "HTTP/1.1 200 OK"
2026-09-16 17:14:58,735 - mcp_server.oic_client - INFO - HTTP request to /ic/api/integration/v1/projects/APDU_WACS_OFSC/integrations completed in 1.60s (Status: 200)
2026-09-16 17:14:58,736 - mcp_server.tools - INFO - Tool _call_list_project_integrations completed in 1.60s
2026-09-16 17:14:58,736 - __main__ - INFO - Tool list_project_integrations executed successfully in 1.60s
2026-09-16 17:14:58,737 - __main__ - INFO - Tool list_project_integrations request completed in 1.60s total
2026-09-16 17:14:59,380 - __main__ - INFO - Received MCP request: tools/call (ID: 15)
2026-09-16 17:14:59,380 - __main__ - INFO - Executing tool: list_project_integrations
2026-09-16 17:14:59,380 - mcp_server.tools - INFO - Tool _call_list_project_integrations called with params: {'limit': 1, 'page': 2, 'projectId': 'APDU_WACS_OFSC'}
2026-09-16 17:14:59,632 - httpx - INFO - HTTP Request: GET https://ap-ccs-oic-uat-axhknnpmgslz-si.integration.ap-singapore-1.ocp.oraclecloud.com/ic/api/integration/v1/projects/APDU_WACS_OFSC/integrations?limit=1&page=2&integrationInstance=ap-ccswacs-oic-dev-axhknnpmgslz-si "HTTP/1.1 307 Temporary Redirect"
2026-09-16 17:15:00,003 - httpx - INFO - HTTP Request: GET https://design.integration.ap-singapore-1.ocp.oraclecloud.com/ic/api/integration/v1/projects/APDU_WACS_OFSC/integrations?limit=1&page=2&integrationInstance=ap-ccswacs-oic-dev-axhknnpmgslz-si&integrationInstance=ap-ccs-oic-uat-axhknnpmgslz-si "HTTP/1.1 200 OK"
2026-09-16 17:15:00,005 - mcp_server.oic_client - INFO - HTTP request to /ic/api/integration/v1/projects/APDU_WACS_OFSC/integrations completed in 0.62s (Status: 200)
2026-09-16 17:15:00,005 - mcp_server.tools - INFO - Tool _call_list_project_integrations completed in 0.62s
2026-09-16 17:15:00,006 - __main__ - INFO - Tool list_project_integrations executed successfully in 0.63s
2026-09-16 17:15:00,006 - __main__ - INFO - Tool list_project_integrations request completed in 0.63s total
2026-09-16 17:15:09,359 - __main__ - INFO - Received MCP request: tools/call (ID: 16)
2026-09-16 17:15:09,359 - __main__ - INFO - Executing tool: search_integrations_by_pattern
2026-09-16 17:15:09,359 - mcp_server.tools - INFO - Tool _call_search_integrations_by_pattern called with params: {'pattern': 'WACS_OFSC'}
2026-09-16 17:15:09,360 - mcp_server.tools - INFO - Starting search_integrations_by_pattern with pattern=WACS_OFSC, max_pages=50, per_page=100
2026-09-16 17:15:09,360 - mcp_server.oic_client - INFO - Searching integrations by pattern: WACS_OFSC
2026-09-16 17:15:09,360 - mcp_server.oic_client - INFO - Starting list_all_integrations - only_activated: None, max_pages: 50, per_page: 100
2026-09-16 17:15:09,600 - httpx - INFO - HTTP Request: GET https://ap-ccs-oic-uat-axhknnpmgslz-si.integration.ap-singapore-1.ocp.oraclecloud.com/ic/api/integration/v1/projects?limit=100&integrationInstance=ap-ccswacs-oic-dev-axhknnpmgslz-si "HTTP/1.1 307 Temporary Redirect"
2026-09-16 17:15:10,780 - httpx - INFO - HTTP Request: GET https://design.integration.ap-singapore-1.ocp.oraclecloud.com/ic/api/integration/v1/projects?limit=100&integrationInstance=ap-ccswacs-oic-dev-axhknnpmgslz-si&integrationInstance=ap-ccs-oic-uat-axhknnpmgslz-si "HTTP/1.1 200 OK"
2026-09-16 17:15:10,782 - mcp_server.oic_client - INFO - HTTP request to /ic/api/integration/v1/projects completed in 1.42s (Status: 200)
2026-09-16 17:15:10,842 - httpx - INFO - HTTP Request: GET https://ap-ccs-oic-uat-axhknnpmgslz-si.integration.ap-singapore-1.ocp.oraclecloud.com/ic/api/integration/v1/projects/APDU_WACS_OFSC/integrations?limit=100&integrationInstance=ap-ccswacs-oic-dev-axhknnpmgslz-si "HTTP/1.1 307 Temporary Redirect"
2026-09-16 17:15:11,654 - httpx - INFO - HTTP Request: GET https://design.integration.ap-singapore-1.ocp.oraclecloud.com/ic/api/integration/v1/projects/APDU_WACS_OFSC/integrations?limit=100&integrationInstance=ap-ccswacs-oic-dev-axhknnpmgslz-si&integrationInstance=ap-ccs-oic-uat-axhknnpmgslz-si "HTTP/1.1 200 OK"
2026-09-16 17:15:11,658 - mcp_server.oic_client - INFO - HTTP request to /ic/api/integration/v1/projects/APDU_WACS_OFSC/integrations completed in 0.87s (Status: 200)
2026-09-16 17:15:11,727 - httpx - INFO - HTTP Request: GET https://ap-ccs-oic-uat-axhknnpmgslz-si.integration.ap-singapore-1.ocp.oraclecloud.com/ic/api/integration/v1/projects/APDU_CBS_OFSC_FUSIONPA/integrations?limit=100&integrationInstance=ap-ccswacs-oic-dev-axhknnpmgslz-si "HTTP/1.1 307 Temporary Redirect"
2026-09-16 17:15:12,075 - httpx - INFO - HTTP Request: GET https://design.integration.ap-singapore-1.ocp.oraclecloud.com/ic/api/integration/v1/projects/APDU_CBS_OFSC_FUSIONPA/integrations?limit=100&integrationInstance=ap-ccswacs-oic-dev-axhknnpmgslz-si&integrationInstance=ap-ccs-oic-uat-axhknnpmgslz-si "HTTP/1.1 200 OK"
2026-09-16 17:15:12,078 - mcp_server.oic_client - INFO - HTTP request to /ic/api/integration/v1/projects/APDU_CBS_OFSC_FUSIONPA/integrations completed in 0.41s (Status: 200)
2026-09-16 17:15:12,138 - httpx - INFO - HTTP Request: GET https://ap-ccs-oic-uat-axhknnpmgslz-si.integration.ap-singapore-1.ocp.oraclecloud.com/ic/api/integration/v1/projects/APDU_WACS_COMMON/integrations?limit=100&integrationInstance=ap-ccswacs-oic-dev-axhknnpmgslz-si "HTTP/1.1 307 Temporary Redirect"
2026-09-16 17:15:12,465 - httpx - INFO - HTTP Request: GET https://design.integration.ap-singapore-1.ocp.oraclecloud.com/ic/api/integration/v1/projects/APDU_WACS_COMMON/integrations?limit=100&integrationInstance=ap-ccswacs-oic-dev-axhknnpmgslz-si&integrationInstance=ap-ccs-oic-uat-axhknnpmgslz-si "HTTP/1.1 200 OK"
2026-09-16 17:15:12,467 - mcp_server.oic_client - INFO - HTTP request to /ic/api/integration/v1/projects/APDU_WACS_COMMON/integrations completed in 0.39s (Status: 200)
2026-09-16 17:15:12,524 - httpx - INFO - HTTP Request: GET https://ap-ccs-oic-uat-axhknnpmgslz-si.integration.ap-singapore-1.ocp.oraclecloud.com/ic/api/integration/v1/projects/TEST_AI/integrations?limit=100&integrationInstance=ap-ccswacs-oic-dev-axhknnpmgslz-si "HTTP/1.1 307 Temporary Redirect"
2026-09-16 17:15:12,824 - httpx - INFO - HTTP Request: GET https://design.integration.ap-singapore-1.ocp.oraclecloud.com/ic/api/integration/v1/projects/TEST_AI/integrations?limit=100&integrationInstance=ap-ccswacs-oic-dev-axhknnpmgslz-si&integrationInstance=ap-ccs-oic-uat-axhknnpmgslz-si "HTTP/1.1 200 OK"
2026-09-16 17:15:12,826 - mcp_server.oic_client - INFO - HTTP request to /ic/api/integration/v1/projects/TEST_AI/integrations completed in 0.36s (Status: 200)
2026-09-16 17:15:12,885 - httpx - INFO - HTTP Request: GET https://ap-ccs-oic-uat-axhknnpmgslz-si.integration.ap-singapore-1.ocp.oraclecloud.com/ic/api/integration/v1/projects/APDU_OFSC_ZENDESK/integrations?limit=100&integrationInstance=ap-ccswacs-oic-dev-axhknnpmgslz-si "HTTP/1.1 307 Temporary Redirect"
2026-09-16 17:15:13,223 - httpx - INFO - HTTP Request: GET https://design.integration.ap-singapore-1.ocp.oraclecloud.com/ic/api/integration/v1/projects/APDU_OFSC_ZENDESK/integrations?limit=100&integrationInstance=ap-ccswacs-oic-dev-axhknnpmgslz-si&integrationInstance=ap-ccs-oic-uat-axhknnpmgslz-si "HTTP/1.1 200 OK"
2026-09-16 17:15:13,226 - mcp_server.oic_client - INFO - HTTP request to /ic/api/integration/v1/projects/APDU_OFSC_ZENDESK/integrations completed in 0.40s (Status: 200)
2026-09-16 17:15:13,287 - httpx - INFO - HTTP Request: GET https://ap-ccs-oic-uat-axhknnpmgslz-si.integration.ap-singapore-1.ocp.oraclecloud.com/ic/api/integration/v1/projects/APDU_WACS_DXI_GIS/integrations?limit=100&integrationInstance=ap-ccswacs-oic-dev-axhknnpmgslz-si "HTTP/1.1 307 Temporary Redirect"
2026-09-16 17:15:13,619 - httpx - INFO - HTTP Request: GET https://design.integration.ap-singapore-1.ocp.oraclecloud.com/ic/api/integration/v1/projects/APDU_WACS_DXI_GIS/integrations?limit=100&integrationInstance=ap-ccswacs-oic-dev-axhknnpmgslz-si&integrationInstance=ap-ccs-oic-uat-axhknnpmgslz-si "HTTP/1.1 200 OK"
2026-09-16 17:15:13,621 - mcp_server.oic_client - INFO - HTTP request to /ic/api/integration/v1/projects/APDU_WACS_DXI_GIS/integrations completed in 0.39s (Status: 200)
2026-09-16 17:15:13,688 - httpx - INFO - HTTP Request: GET https://ap-ccs-oic-uat-axhknnpmgslz-si.integration.ap-singapore-1.ocp.oraclecloud.com/ic/api/integration/v1/projects/APDU_WACS_ARCGIS/integrations?limit=100&integrationInstance=ap-ccswacs-oic-dev-axhknnpmgslz-si "HTTP/1.1 307 Temporary Redirect"
2026-09-16 17:15:14,168 - httpx - INFO - HTTP Request: GET https://design.integration.ap-singapore-1.ocp.oraclecloud.com/ic/api/integration/v1/projects/APDU_WACS_ARCGIS/integrations?limit=100&integrationInstance=ap-ccswacs-oic-dev-axhknnpmgslz-si&integrationInstance=ap-ccs-oic-uat-axhknnpmgslz-si "HTTP/1.1 200 OK"
2026-09-16 17:15:14,170 - mcp_server.oic_client - INFO - HTTP request to /ic/api/integration/v1/projects/APDU_WACS_ARCGIS/integrations completed in 0.55s (Status: 200)
2026-09-16 17:15:14,229 - httpx - INFO - HTTP Request: GET https://ap-ccs-oic-uat-axhknnpmgslz-si.integration.ap-singapore-1.ocp.oraclecloud.com/ic/api/integration/v1/projects/KAFKA_TEST/integrations?limit=100&integrationInstance=ap-ccswacs-oic-dev-axhknnpmgslz-si "HTTP/1.1 307 Temporary Redirect"
2026-09-16 17:15:14,509 - httpx - INFO - HTTP Request: GET https://design.integration.ap-singapore-1.ocp.oraclecloud.com/ic/api/integration/v1/projects/KAFKA_TEST/integrations?limit=100&integrationInstance=ap-ccswacs-oic-dev-axhknnpmgslz-si&integrationInstance=ap-ccs-oic-uat-axhknnpmgslz-si "HTTP/1.1 200 OK"
2026-09-16 17:15:14,511 - mcp_server.oic_client - INFO - HTTP request to /ic/api/integration/v1/projects/KAFKA_TEST/integrations completed in 0.34s (Status: 200)
2026-09-16 17:15:14,569 - httpx - INFO - HTTP Request: GET https://ap-ccs-oic-uat-axhknnpmgslz-si.integration.ap-singapore-1.ocp.oraclecloud.com/ic/api/integration/v1/projects/ORDEREVENTPROJECT/integrations?limit=100&integrationInstance=ap-ccswacs-oic-dev-axhknnpmgslz-si "HTTP/1.1 307 Temporary Redirect"
2026-09-16 17:15:14,844 - httpx - INFO - HTTP Request: GET https://design.integration.ap-singapore-1.ocp.oraclecloud.com/ic/api/integration/v1/projects/ORDEREVENTPROJECT/integrations?limit=100&integrationInstance=ap-ccswacs-oic-dev-axhknnpmgslz-si&integrationInstance=ap-ccs-oic-uat-axhknnpmgslz-si "HTTP/1.1 200 OK"
2026-09-16 17:15:14,846 - mcp_server.oic_client - INFO - HTTP request to /ic/api/integration/v1/projects/ORDEREVENTPROJECT/integrations completed in 0.33s (Status: 200)
2026-09-16 17:15:14,903 - httpx - INFO - HTTP Request: GET https://ap-ccs-oic-uat-axhknnpmgslz-si.integration.ap-singapore-1.ocp.oraclecloud.com/ic/api/integration/v1/projects/EXPENSE_APPROVAL_PROJECT/integrations?limit=100&integrationInstance=ap-ccswacs-oic-dev-axhknnpmgslz-si "HTTP/1.1 307 Temporary Redirect"
2026-09-16 17:15:15,255 - httpx - INFO - HTTP Request: GET https://design.integration.ap-singapore-1.ocp.oraclecloud.com/ic/api/integration/v1/projects/EXPENSE_APPROVAL_PROJECT/integrations?limit=100&integrationInstance=ap-ccswacs-oic-dev-axhknnpmgslz-si&integrationInstance=ap-ccs-oic-uat-axhknnpmgslz-si "HTTP/1.1 200 OK"
2026-09-16 17:15:15,258 - mcp_server.oic_client - INFO - HTTP request to /ic/api/integration/v1/projects/EXPENSE_APPROVAL_PROJECT/integrations completed in 0.41s (Status: 200)
2026-09-16 17:15:15,319 - httpx - INFO - HTTP Request: GET https://ap-ccs-oic-uat-axhknnpmgslz-si.integration.ap-singapore-1.ocp.oraclecloud.com/ic/api/integration/v1/projects/EMPLOYEEONBOARDINGPROJECT/integrations?limit=100&integrationInstance=ap-ccswacs-oic-dev-axhknnpmgslz-si "HTTP/1.1 307 Temporary Redirect"
2026-09-16 17:15:15,636 - httpx - INFO - HTTP Request: GET https://design.integration.ap-singapore-1.ocp.oraclecloud.com/ic/api/integration/v1/projects/EMPLOYEEONBOARDINGPROJECT/integrations?limit=100&integrationInstance=ap-ccswacs-oic-dev-axhknnpmgslz-si&integrationInstance=ap-ccs-oic-uat-axhknnpmgslz-si "HTTP/1.1 200 OK"
2026-09-16 17:15:15,639 - mcp_server.oic_client - INFO - HTTP request to /ic/api/integration/v1/projects/EMPLOYEEONBOARDINGPROJECT/integrations completed in 0.38s (Status: 200)
2026-09-16 17:15:15,703 - httpx - INFO - HTTP Request: GET https://ap-ccs-oic-uat-axhknnpmgslz-si.integration.ap-singapore-1.ocp.oraclecloud.com/ic/api/integration/v1/projects/OUTL-BA-WACS_OFSC/integrations?limit=100&integrationInstance=ap-ccswacs-oic-dev-axhknnpmgslz-si "HTTP/1.1 307 Temporary Redirect"
2026-09-16 17:15:16,139 - httpx - INFO - HTTP Request: GET https://design.integration.ap-singapore-1.ocp.oraclecloud.com/ic/api/integration/v1/projects/OUTL-BA-WACS_OFSC/integrations?limit=100&integrationInstance=ap-ccswacs-oic-dev-axhknnpmgslz-si&integrationInstance=ap-ccs-oic-uat-axhknnpmgslz-si "HTTP/1.1 200 OK"
2026-09-16 17:15:16,142 - mcp_server.oic_client - INFO - HTTP request to /ic/api/integration/v1/projects/OUTL-BA-WACS_OFSC/integrations completed in 0.50s (Status: 200)
2026-09-16 17:15:16,203 - httpx - INFO - HTTP Request: GET https://ap-ccs-oic-uat-axhknnpmgslz-si.integration.ap-singapore-1.ocp.oraclecloud.com/ic/api/integration/v1/projects/OUTL-BA-WACS_ERPSCM/integrations?limit=100&integrationInstance=ap-ccswacs-oic-dev-axhknnpmgslz-si "HTTP/1.1 307 Temporary Redirect"
2026-09-16 17:15:16,677 - httpx - INFO - HTTP Request: GET https://design.integration.ap-singapore-1.ocp.oraclecloud.com/ic/api/integration/v1/projects/OUTL-BA-WACS_ERPSCM/integrations?limit=100&integrationInstance=ap-ccswacs-oic-dev-axhknnpmgslz-si&integrationInstance=ap-ccs-oic-uat-axhknnpmgslz-si "HTTP/1.1 200 OK"
2026-09-16 17:15:16,680 - mcp_server.oic_client - INFO - HTTP request to /ic/api/integration/v1/projects/OUTL-BA-WACS_ERPSCM/integrations completed in 0.54s (Status: 200)
2026-09-16 17:15:16,743 - httpx - INFO - HTTP Request: GET https://ap-ccs-oic-uat-axhknnpmgslz-si.integration.ap-singapore-1.ocp.oraclecloud.com/ic/api/integration/v1/projects/APDU_ODM_MDM/integrations?limit=100&integrationInstance=ap-ccswacs-oic-dev-axhknnpmgslz-si "HTTP/1.1 307 Temporary Redirect"
2026-09-16 17:15:17,052 - httpx - INFO - HTTP Request: GET https://design.integration.ap-singapore-1.ocp.oraclecloud.com/ic/api/integration/v1/projects/APDU_ODM_MDM/integrations?limit=100&integrationInstance=ap-ccswacs-oic-dev-axhknnpmgslz-si&integrationInstance=ap-ccs-oic-uat-axhknnpmgslz-si "HTTP/1.1 200 OK"
2026-09-16 17:15:17,055 - mcp_server.oic_client - INFO - HTTP request to /ic/api/integration/v1/projects/APDU_ODM_MDM/integrations completed in 0.37s (Status: 200)
2026-09-16 17:15:17,115 - httpx - INFO - HTTP Request: GET https://ap-ccs-oic-uat-axhknnpmgslz-si.integration.ap-singapore-1.ocp.oraclecloud.com/ic/api/integration/v1/projects/APDU_CCS_OFSC/integrations?limit=100&integrationInstance=ap-ccswacs-oic-dev-axhknnpmgslz-si "HTTP/1.1 307 Temporary Redirect"
2026-09-16 17:15:17,471 - httpx - INFO - HTTP Request: GET https://design.integration.ap-singapore-1.ocp.oraclecloud.com/ic/api/integration/v1/projects/APDU_CCS_OFSC/integrations?limit=100&integrationInstance=ap-ccswacs-oic-dev-axhknnpmgslz-si&integrationInstance=ap-ccs-oic-uat-axhknnpmgslz-si "HTTP/1.1 200 OK"
2026-09-16 17:15:17,496 - mcp_server.oic_client - INFO - HTTP request to /ic/api/integration/v1/projects/APDU_CCS_OFSC/integrations completed in 0.44s (Status: 200)
2026-09-16 17:15:17,592 - httpx - INFO - HTTP Request: GET https://ap-ccs-oic-uat-axhknnpmgslz-si.integration.ap-singapore-1.ocp.oraclecloud.com/ic/api/integration/v1/projects/OUTL-BA-CCS_OFSC/integrations?limit=100&integrationInstance=ap-ccswacs-oic-dev-axhknnpmgslz-si "HTTP/1.1 307 Temporary Redirect"
2026-09-16 17:15:17,928 - httpx - INFO - HTTP Request: GET https://design.integration.ap-singapore-1.ocp.oraclecloud.com/ic/api/integration/v1/projects/OUTL-BA-CCS_OFSC/integrations?limit=100&integrationInstance=ap-ccswacs-oic-dev-axhknnpmgslz-si&integrationInstance=ap-ccs-oic-uat-axhknnpmgslz-si "HTTP/1.1 200 OK"
2026-09-16 17:15:17,930 - mcp_server.oic_client - INFO - HTTP request to /ic/api/integration/v1/projects/OUTL-BA-CCS_OFSC/integrations completed in 0.40s (Status: 200)
2026-09-16 17:15:17,989 - httpx - INFO - HTTP Request: GET https://ap-ccs-oic-uat-axhknnpmgslz-si.integration.ap-singapore-1.ocp.oraclecloud.com/ic/api/integration/v1/projects/APDU_WACS_CCS/integrations?limit=100&integrationInstance=ap-ccswacs-oic-dev-axhknnpmgslz-si "HTTP/1.1 307 Temporary Redirect"
2026-09-16 17:15:18,290 - httpx - INFO - HTTP Request: GET https://design.integration.ap-singapore-1.ocp.oraclecloud.com/ic/api/integration/v1/projects/APDU_WACS_CCS/integrations?limit=100&integrationInstance=ap-ccswacs-oic-dev-axhknnpmgslz-si&integrationInstance=ap-ccs-oic-uat-axhknnpmgslz-si "HTTP/1.1 200 OK"
2026-09-16 17:15:18,292 - mcp_server.oic_client - INFO - HTTP request to /ic/api/integration/v1/projects/APDU_WACS_CCS/integrations completed in 0.36s (Status: 200)
2026-09-16 17:15:18,351 - httpx - INFO - HTTP Request: GET https://ap-ccs-oic-uat-axhknnpmgslz-si.integration.ap-singapore-1.ocp.oraclecloud.com/ic/api/integration/v1/projects/OUTL-BA-ARCGIS_WACS/integrations?limit=100&integrationInstance=ap-ccswacs-oic-dev-axhknnpmgslz-si "HTTP/1.1 307 Temporary Redirect"
2026-09-16 17:15:20,204 - httpx - INFO - HTTP Request: GET https://design.integration.ap-singapore-1.ocp.oraclecloud.com/ic/api/integration/v1/projects/OUTL-BA-ARCGIS_WACS/integrations?limit=100&integrationInstance=ap-ccswacs-oic-dev-axhknnpmgslz-si&integrationInstance=ap-ccs-oic-uat-axhknnpmgslz-si "HTTP/1.1 200 OK"
2026-09-16 17:15:20,207 - mcp_server.oic_client - INFO - HTTP request to /ic/api/integration/v1/projects/OUTL-BA-ARCGIS_WACS/integrations completed in 1.91s (Status: 200)
2026-09-16 17:15:20,209 - mcp_server.oic_client - INFO - Calling list_integrations - only_activated: None, limit: None, page: None
2026-09-16 17:15:20,271 - httpx - INFO - HTTP Request: GET https://ap-ccs-oic-uat-axhknnpmgslz-si.integration.ap-singapore-1.ocp.oraclecloud.com/ic/api/integration/v1/integrations?integrationInstance=ap-ccswacs-oic-dev-axhknnpmgslz-si "HTTP/1.1 307 Temporary Redirect"
2026-09-16 17:15:20,543 - httpx - INFO - HTTP Request: GET https://design.integration.ap-singapore-1.ocp.oraclecloud.com/ic/api/integration/v1/integrations?integrationInstance=ap-ccswacs-oic-dev-axhknnpmgslz-si&integrationInstance=ap-ccs-oic-uat-axhknnpmgslz-si "HTTP/1.1 200 OK"
2026-09-16 17:15:20,546 - mcp_server.oic_client - INFO - HTTP request to /ic/api/integration/v1/integrations completed in 0.34s (Status: 200)
2026-09-16 17:15:20,546 - mcp_server.oic_client - INFO - list_integrations returned 0 items, total: 0, hasMore: False in 0.34s
2026-09-16 17:15:20,547 - mcp_server.oic_client - INFO - Fetching page 1/50
2026-09-16 17:15:20,548 - mcp_server.oic_client - INFO - Calling list_integrations - only_activated: None, limit: 100, page: 1
2026-09-16 17:15:20,604 - httpx - INFO - HTTP Request: GET https://ap-ccs-oic-uat-axhknnpmgslz-si.integration.ap-singapore-1.ocp.oraclecloud.com/ic/api/integration/v1/integrations?limit=100&page=1&integrationInstance=ap-ccswacs-oic-dev-axhknnpmgslz-si "HTTP/1.1 307 Temporary Redirect"
2026-09-16 17:15:20,913 - httpx - INFO - HTTP Request: GET https://design.integration.ap-singapore-1.ocp.oraclecloud.com/ic/api/integration/v1/integrations?limit=100&page=1&integrationInstance=ap-ccswacs-oic-dev-axhknnpmgslz-si&integrationInstance=ap-ccs-oic-uat-axhknnpmgslz-si "HTTP/1.1 200 OK"
2026-09-16 17:15:20,916 - mcp_server.oic_client - INFO - HTTP request to /ic/api/integration/v1/integrations completed in 0.37s (Status: 200)
2026-09-16 17:15:20,917 - mcp_server.oic_client - INFO - list_integrations returned 0 items, total: 0, hasMore: False in 0.37s
2026-09-16 17:15:20,917 - mcp_server.oic_client - INFO - Page 1: API returned 0 items, totalResults: 0, hasMore: False
2026-09-16 17:15:20,917 - mcp_server.oic_client - INFO - No items found on page 1, stopping pagination
2026-09-16 17:15:20,918 - mcp_server.oic_client - INFO - list_all_integrations completed: fetched 95 unique integrations from 0 pages in 11.56s
2026-09-16 17:15:20,918 - mcp_server.oic_client - INFO - Pattern search 'WACS_OFSC' found 6 matches out of 95 total integrations
2026-09-16 17:15:20,919 - mcp_server.tools - INFO - Tool _call_search_integrations_by_pattern completed in 11.56s - returned 6 integrations
2026-09-16 17:15:20,920 - __main__ - INFO - Tool search_integrations_by_pattern executed successfully in 11.56s
2026-09-16 17:15:20,924 - __main__ - INFO - Tool search_integrations_by_pattern request completed in 11.56s total
2026-09-16 17:15:33,823 - __main__ - INFO - Received MCP request: tools/call (ID: 17)
2026-09-16 17:15:33,824 - __main__ - INFO - Executing tool: search_integrations_by_pattern
2026-09-16 17:15:33,824 - mcp_server.tools - INFO - Tool _call_search_integrations_by_pattern called with params: {'pattern': 'OFSC_WACS'}
2026-09-16 17:15:33,825 - mcp_server.tools - INFO - Starting search_integrations_by_pattern with pattern=OFSC_WACS, max_pages=50, per_page=100
2026-09-16 17:15:33,825 - mcp_server.oic_client - INFO - Searching integrations by pattern: OFSC_WACS
2026-09-16 17:15:33,825 - mcp_server.oic_client - INFO - Starting list_all_integrations - only_activated: None, max_pages: 50, per_page: 100
2026-09-16 17:15:34,867 - httpx - INFO - HTTP Request: GET https://ap-ccs-oic-uat-axhknnpmgslz-si.integration.ap-singapore-1.ocp.oraclecloud.com/ic/api/integration/v1/projects?limit=100&integrationInstance=ap-ccswacs-oic-dev-axhknnpmgslz-si "HTTP/1.1 307 Temporary Redirect"
2026-09-16 17:15:36,013 - httpx - INFO - HTTP Request: GET https://design.integration.ap-singapore-1.ocp.oraclecloud.com/ic/api/integration/v1/projects?limit=100&integrationInstance=ap-ccswacs-oic-dev-axhknnpmgslz-si&integrationInstance=ap-ccs-oic-uat-axhknnpmgslz-si "HTTP/1.1 200 OK"
2026-09-16 17:15:36,015 - mcp_server.oic_client - INFO - HTTP request to /ic/api/integration/v1/projects completed in 2.19s (Status: 200)
2026-09-16 17:15:36,269 - httpx - INFO - HTTP Request: GET https://ap-ccs-oic-uat-axhknnpmgslz-si.integration.ap-singapore-1.ocp.oraclecloud.com/ic/api/integration/v1/projects/APDU_WACS_OFSC/integrations?limit=100&integrationInstance=ap-ccswacs-oic-dev-axhknnpmgslz-si "HTTP/1.1 307 Temporary Redirect"
2026-09-16 17:15:37,704 - httpx - INFO - HTTP Request: GET https://design.integration.ap-singapore-1.ocp.oraclecloud.com/ic/api/integration/v1/projects/APDU_WACS_OFSC/integrations?limit=100&integrationInstance=ap-ccswacs-oic-dev-axhknnpmgslz-si&integrationInstance=ap-ccs-oic-uat-axhknnpmgslz-si "HTTP/1.1 200 OK"
2026-09-16 17:15:37,707 - mcp_server.oic_client - INFO - HTTP request to /ic/api/integration/v1/projects/APDU_WACS_OFSC/integrations completed in 1.69s (Status: 200)
2026-09-16 17:15:37,973 - httpx - INFO - HTTP Request: GET https://ap-ccs-oic-uat-axhknnpmgslz-si.integration.ap-singapore-1.ocp.oraclecloud.com/ic/api/integration/v1/projects/APDU_CBS_OFSC_FUSIONPA/integrations?limit=100&integrationInstance=ap-ccswacs-oic-dev-axhknnpmgslz-si "HTTP/1.1 307 Temporary Redirect"
2026-09-16 17:15:38,280 - httpx - INFO - HTTP Request: GET https://design.integration.ap-singapore-1.ocp.oraclecloud.com/ic/api/integration/v1/projects/APDU_CBS_OFSC_FUSIONPA/integrations?limit=100&integrationInstance=ap-ccswacs-oic-dev-axhknnpmgslz-si&integrationInstance=ap-ccs-oic-uat-axhknnpmgslz-si "HTTP/1.1 200 OK"
2026-09-16 17:15:38,283 - mcp_server.oic_client - INFO - HTTP request to /ic/api/integration/v1/projects/APDU_CBS_OFSC_FUSIONPA/integrations completed in 0.57s (Status: 200)
2026-09-16 17:15:38,542 - httpx - INFO - HTTP Request: GET https://ap-ccs-oic-uat-axhknnpmgslz-si.integration.ap-singapore-1.ocp.oraclecloud.com/ic/api/integration/v1/projects/APDU_WACS_COMMON/integrations?limit=100&integrationInstance=ap-ccswacs-oic-dev-axhknnpmgslz-si "HTTP/1.1 307 Temporary Redirect"
2026-09-16 17:15:39,381 - httpx - INFO - HTTP Request: GET https://design.integration.ap-singapore-1.ocp.oraclecloud.com/ic/api/integration/v1/projects/APDU_WACS_COMMON/integrations?limit=100&integrationInstance=ap-ccswacs-oic-dev-axhknnpmgslz-si&integrationInstance=ap-ccs-oic-uat-axhknnpmgslz-si "HTTP/1.1 200 OK"
2026-09-16 17:15:39,383 - mcp_server.oic_client - INFO - HTTP request to /ic/api/integration/v1/projects/APDU_WACS_COMMON/integrations completed in 1.10s (Status: 200)
2026-09-16 17:15:39,638 - httpx - INFO - HTTP Request: GET https://ap-ccs-oic-uat-axhknnpmgslz-si.integration.ap-singapore-1.ocp.oraclecloud.com/ic/api/integration/v1/projects/TEST_AI/integrations?limit=100&integrationInstance=ap-ccswacs-oic-dev-axhknnpmgslz-si "HTTP/1.1 307 Temporary Redirect"
2026-09-16 17:15:39,988 - httpx - INFO - HTTP Request: GET https://design.integration.ap-singapore-1.ocp.oraclecloud.com/ic/api/integration/v1/projects/TEST_AI/integrations?limit=100&integrationInstance=ap-ccswacs-oic-dev-axhknnpmgslz-si&integrationInstance=ap-ccs-oic-uat-axhknnpmgslz-si "HTTP/1.1 200 OK"
2026-09-16 17:15:39,992 - mcp_server.oic_client - INFO - HTTP request to /ic/api/integration/v1/projects/TEST_AI/integrations completed in 0.61s (Status: 200)
2026-09-16 17:15:40,254 - httpx - INFO - HTTP Request: GET https://ap-ccs-oic-uat-axhknnpmgslz-si.integration.ap-singapore-1.ocp.oraclecloud.com/ic/api/integration/v1/projects/APDU_OFSC_ZENDESK/integrations?limit=100&integrationInstance=ap-ccswacs-oic-dev-axhknnpmgslz-si "HTTP/1.1 307 Temporary Redirect"
2026-09-16 17:15:40,612 - httpx - INFO - HTTP Request: GET https://design.integration.ap-singapore-1.ocp.oraclecloud.com/ic/api/integration/v1/projects/APDU_OFSC_ZENDESK/integrations?limit=100&integrationInstance=ap-ccswacs-oic-dev-axhknnpmgslz-si&integrationInstance=ap-ccs-oic-uat-axhknnpmgslz-si "HTTP/1.1 200 OK"
2026-09-16 17:15:40,614 - mcp_server.oic_client - INFO - HTTP request to /ic/api/integration/v1/projects/APDU_OFSC_ZENDESK/integrations completed in 0.62s (Status: 200)
2026-09-16 17:15:40,872 - httpx - INFO - HTTP Request: GET https://ap-ccs-oic-uat-axhknnpmgslz-si.integration.ap-singapore-1.ocp.oraclecloud.com/ic/api/integration/v1/projects/APDU_WACS_DXI_GIS/integrations?limit=100&integrationInstance=ap-ccswacs-oic-dev-axhknnpmgslz-si "HTTP/1.1 307 Temporary Redirect"
2026-09-16 17:15:41,722 - httpx - INFO - HTTP Request: GET https://design.integration.ap-singapore-1.ocp.oraclecloud.com/ic/api/integration/v1/projects/APDU_WACS_DXI_GIS/integrations?limit=100&integrationInstance=ap-ccswacs-oic-dev-axhknnpmgslz-si&integrationInstance=ap-ccs-oic-uat-axhknnpmgslz-si "HTTP/1.1 200 OK"
2026-09-16 17:15:41,724 - mcp_server.oic_client - INFO - HTTP request to /ic/api/integration/v1/projects/APDU_WACS_DXI_GIS/integrations completed in 1.11s (Status: 200)
2026-09-16 17:15:41,982 - httpx - INFO - HTTP Request: GET https://ap-ccs-oic-uat-axhknnpmgslz-si.integration.ap-singapore-1.ocp.oraclecloud.com/ic/api/integration/v1/projects/APDU_WACS_ARCGIS/integrations?limit=100&integrationInstance=ap-ccswacs-oic-dev-axhknnpmgslz-si "HTTP/1.1 307 Temporary Redirect"
2026-09-16 17:15:42,382 - httpx - INFO - HTTP Request: GET https://design.integration.ap-singapore-1.ocp.oraclecloud.com/ic/api/integration/v1/projects/APDU_WACS_ARCGIS/integrations?limit=100&integrationInstance=ap-ccswacs-oic-dev-axhknnpmgslz-si&integrationInstance=ap-ccs-oic-uat-axhknnpmgslz-si "HTTP/1.1 200 OK"
2026-09-16 17:15:42,385 - mcp_server.oic_client - INFO - HTTP request to /ic/api/integration/v1/projects/APDU_WACS_ARCGIS/integrations completed in 0.66s (Status: 200)
2026-09-16 17:15:42,646 - httpx - INFO - HTTP Request: GET https://ap-ccs-oic-uat-axhknnpmgslz-si.integration.ap-singapore-1.ocp.oraclecloud.com/ic/api/integration/v1/projects/KAFKA_TEST/integrations?limit=100&integrationInstance=ap-ccswacs-oic-dev-axhknnpmgslz-si "HTTP/1.1 307 Temporary Redirect"
2026-09-16 17:15:42,930 - httpx - INFO - HTTP Request: GET https://design.integration.ap-singapore-1.ocp.oraclecloud.com/ic/api/integration/v1/projects/KAFKA_TEST/integrations?limit=100&integrationInstance=ap-ccswacs-oic-dev-axhknnpmgslz-si&integrationInstance=ap-ccs-oic-uat-axhknnpmgslz-si "HTTP/1.1 200 OK"
2026-09-16 17:15:42,932 - mcp_server.oic_client - INFO - HTTP request to /ic/api/integration/v1/projects/KAFKA_TEST/integrations completed in 0.55s (Status: 200)
2026-09-16 17:15:43,188 - httpx - INFO - HTTP Request: GET https://ap-ccs-oic-uat-axhknnpmgslz-si.integration.ap-singapore-1.ocp.oraclecloud.com/ic/api/integration/v1/projects/ORDEREVENTPROJECT/integrations?limit=100&integrationInstance=ap-ccswacs-oic-dev-axhknnpmgslz-si "HTTP/1.1 307 Temporary Redirect"
2026-09-16 17:15:43,478 - httpx - INFO - HTTP Request: GET https://design.integration.ap-singapore-1.ocp.oraclecloud.com/ic/api/integration/v1/projects/ORDEREVENTPROJECT/integrations?limit=100&integrationInstance=ap-ccswacs-oic-dev-axhknnpmgslz-si&integrationInstance=ap-ccs-oic-uat-axhknnpmgslz-si "HTTP/1.1 200 OK"
2026-09-16 17:15:43,479 - mcp_server.oic_client - INFO - HTTP request to /ic/api/integration/v1/projects/ORDEREVENTPROJECT/integrations completed in 0.55s (Status: 200)
2026-09-16 17:15:43,741 - httpx - INFO - HTTP Request: GET https://ap-ccs-oic-uat-axhknnpmgslz-si.integration.ap-singapore-1.ocp.oraclecloud.com/ic/api/integration/v1/projects/EXPENSE_APPROVAL_PROJECT/integrations?limit=100&integrationInstance=ap-ccswacs-oic-dev-axhknnpmgslz-si "HTTP/1.1 307 Temporary Redirect"
2026-09-16 17:15:44,339 - httpx - INFO - HTTP Request: GET https://design.integration.ap-singapore-1.ocp.oraclecloud.com/ic/api/integration/v1/projects/EXPENSE_APPROVAL_PROJECT/integrations?limit=100&integrationInstance=ap-ccswacs-oic-dev-axhknnpmgslz-si&integrationInstance=ap-ccs-oic-uat-axhknnpmgslz-si "HTTP/1.1 200 OK"
2026-09-16 17:15:44,343 - mcp_server.oic_client - INFO - HTTP request to /ic/api/integration/v1/projects/EXPENSE_APPROVAL_PROJECT/integrations completed in 0.86s (Status: 200)
2026-09-16 17:15:44,599 - httpx - INFO - HTTP Request: GET https://ap-ccs-oic-uat-axhknnpmgslz-si.integration.ap-singapore-1.ocp.oraclecloud.com/ic/api/integration/v1/projects/EMPLOYEEONBOARDINGPROJECT/integrations?limit=100&integrationInstance=ap-ccswacs-oic-dev-axhknnpmgslz-si "HTTP/1.1 307 Temporary Redirect"
2026-09-16 17:15:44,928 - httpx - INFO - HTTP Request: GET https://design.integration.ap-singapore-1.ocp.oraclecloud.com/ic/api/integration/v1/projects/EMPLOYEEONBOARDINGPROJECT/integrations?limit=100&integrationInstance=ap-ccswacs-oic-dev-axhknnpmgslz-si&integrationInstance=ap-ccs-oic-uat-axhknnpmgslz-si "HTTP/1.1 200 OK"
2026-09-16 17:15:44,931 - mcp_server.oic_client - INFO - HTTP request to /ic/api/integration/v1/projects/EMPLOYEEONBOARDINGPROJECT/integrations completed in 0.59s (Status: 200)
2026-09-16 17:15:45,219 - httpx - INFO - HTTP Request: GET https://ap-ccs-oic-uat-axhknnpmgslz-si.integration.ap-singapore-1.ocp.oraclecloud.com/ic/api/integration/v1/projects/OUTL-BA-WACS_OFSC/integrations?limit=100&integrationInstance=ap-ccswacs-oic-dev-axhknnpmgslz-si "HTTP/1.1 307 Temporary Redirect"
2026-09-16 17:15:47,502 - httpx - INFO - HTTP Request: GET https://design.integration.ap-singapore-1.ocp.oraclecloud.com/ic/api/integration/v1/projects/OUTL-BA-WACS_OFSC/integrations?limit=100&integrationInstance=ap-ccswacs-oic-dev-axhknnpmgslz-si&integrationInstance=ap-ccs-oic-uat-axhknnpmgslz-si "HTTP/1.1 200 OK"
2026-09-16 17:15:47,504 - mcp_server.oic_client - INFO - HTTP request to /ic/api/integration/v1/projects/OUTL-BA-WACS_OFSC/integrations completed in 2.57s (Status: 200)
2026-09-16 17:15:47,760 - httpx - INFO - HTTP Request: GET https://ap-ccs-oic-uat-axhknnpmgslz-si.integration.ap-singapore-1.ocp.oraclecloud.com/ic/api/integration/v1/projects/OUTL-BA-WACS_ERPSCM/integrations?limit=100&integrationInstance=ap-ccswacs-oic-dev-axhknnpmgslz-si "HTTP/1.1 307 Temporary Redirect"
2026-09-16 17:15:48,226 - httpx - INFO - HTTP Request: GET https://design.integration.ap-singapore-1.ocp.oraclecloud.com/ic/api/integration/v1/projects/OUTL-BA-WACS_ERPSCM/integrations?limit=100&integrationInstance=ap-ccswacs-oic-dev-axhknnpmgslz-si&integrationInstance=ap-ccs-oic-uat-axhknnpmgslz-si "HTTP/1.1 200 OK"
2026-09-16 17:15:48,229 - mcp_server.oic_client - INFO - HTTP request to /ic/api/integration/v1/projects/OUTL-BA-WACS_ERPSCM/integrations completed in 0.72s (Status: 200)
2026-09-16 17:15:48,493 - httpx - INFO - HTTP Request: GET https://ap-ccs-oic-uat-axhknnpmgslz-si.integration.ap-singapore-1.ocp.oraclecloud.com/ic/api/integration/v1/projects/APDU_ODM_MDM/integrations?limit=100&integrationInstance=ap-ccswacs-oic-dev-axhknnpmgslz-si "HTTP/1.1 307 Temporary Redirect"
2026-09-16 17:15:48,827 - httpx - INFO - HTTP Request: GET https://design.integration.ap-singapore-1.ocp.oraclecloud.com/ic/api/integration/v1/projects/APDU_ODM_MDM/integrations?limit=100&integrationInstance=ap-ccswacs-oic-dev-axhknnpmgslz-si&integrationInstance=ap-ccs-oic-uat-axhknnpmgslz-si "HTTP/1.1 200 OK"
2026-09-16 17:15:48,830 - mcp_server.oic_client - INFO - HTTP request to /ic/api/integration/v1/projects/APDU_ODM_MDM/integrations completed in 0.60s (Status: 200)
2026-09-16 17:15:49,091 - httpx - INFO - HTTP Request: GET https://ap-ccs-oic-uat-axhknnpmgslz-si.integration.ap-singapore-1.ocp.oraclecloud.com/ic/api/integration/v1/projects/APDU_CCS_OFSC/integrations?limit=100&integrationInstance=ap-ccswacs-oic-dev-axhknnpmgslz-si "HTTP/1.1 307 Temporary Redirect"
2026-09-16 17:15:49,497 - httpx - INFO - HTTP Request: GET https://design.integration.ap-singapore-1.ocp.oraclecloud.com/ic/api/integration/v1/projects/APDU_CCS_OFSC/integrations?limit=100&integrationInstance=ap-ccswacs-oic-dev-axhknnpmgslz-si&integrationInstance=ap-ccs-oic-uat-axhknnpmgslz-si "HTTP/1.1 200 OK"
2026-09-16 17:15:49,498 - mcp_server.oic_client - INFO - HTTP request to /ic/api/integration/v1/projects/APDU_CCS_OFSC/integrations completed in 0.67s (Status: 200)
2026-09-16 17:15:49,757 - httpx - INFO - HTTP Request: GET https://ap-ccs-oic-uat-axhknnpmgslz-si.integration.ap-singapore-1.ocp.oraclecloud.com/ic/api/integration/v1/projects/OUTL-BA-CCS_OFSC/integrations?limit=100&integrationInstance=ap-ccswacs-oic-dev-axhknnpmgslz-si "HTTP/1.1 307 Temporary Redirect"
2026-09-16 17:15:50,135 - httpx - INFO - HTTP Request: GET https://design.integration.ap-singapore-1.ocp.oraclecloud.com/ic/api/integration/v1/projects/OUTL-BA-CCS_OFSC/integrations?limit=100&integrationInstance=ap-ccswacs-oic-dev-axhknnpmgslz-si&integrationInstance=ap-ccs-oic-uat-axhknnpmgslz-si "HTTP/1.1 200 OK"
2026-09-16 17:15:50,137 - mcp_server.oic_client - INFO - HTTP request to /ic/api/integration/v1/projects/OUTL-BA-CCS_OFSC/integrations completed in 0.64s (Status: 200)
2026-09-16 17:15:50,395 - httpx - INFO - HTTP Request: GET https://ap-ccs-oic-uat-axhknnpmgslz-si.integration.ap-singapore-1.ocp.oraclecloud.com/ic/api/integration/v1/projects/APDU_WACS_CCS/integrations?limit=100&integrationInstance=ap-ccswacs-oic-dev-axhknnpmgslz-si "HTTP/1.1 307 Temporary Redirect"
2026-09-16 17:15:50,754 - httpx - INFO - HTTP Request: GET https://design.integration.ap-singapore-1.ocp.oraclecloud.com/ic/api/integration/v1/projects/APDU_WACS_CCS/integrations?limit=100&integrationInstance=ap-ccswacs-oic-dev-axhknnpmgslz-si&integrationInstance=ap-ccs-oic-uat-axhknnpmgslz-si "HTTP/1.1 200 OK"
2026-09-16 17:15:50,756 - mcp_server.oic_client - INFO - HTTP request to /ic/api/integration/v1/projects/APDU_WACS_CCS/integrations completed in 0.62s (Status: 200)
2026-09-16 17:15:51,015 - httpx - INFO - HTTP Request: GET https://ap-ccs-oic-uat-axhknnpmgslz-si.integration.ap-singapore-1.ocp.oraclecloud.com/ic/api/integration/v1/projects/OUTL-BA-ARCGIS_WACS/integrations?limit=100&integrationInstance=ap-ccswacs-oic-dev-axhknnpmgslz-si "HTTP/1.1 307 Temporary Redirect"
2026-09-16 17:15:51,417 - httpx - INFO - HTTP Request: GET https://design.integration.ap-singapore-1.ocp.oraclecloud.com/ic/api/integration/v1/projects/OUTL-BA-ARCGIS_WACS/integrations?limit=100&integrationInstance=ap-ccswacs-oic-dev-axhknnpmgslz-si&integrationInstance=ap-ccs-oic-uat-axhknnpmgslz-si "HTTP/1.1 200 OK"
2026-09-16 17:15:51,419 - mcp_server.oic_client - INFO - HTTP request to /ic/api/integration/v1/projects/OUTL-BA-ARCGIS_WACS/integrations completed in 0.66s (Status: 200)
2026-09-16 17:15:51,419 - mcp_server.oic_client - INFO - Calling list_integrations - only_activated: None, limit: None, page: None
2026-09-16 17:15:51,678 - httpx - INFO - HTTP Request: GET https://ap-ccs-oic-uat-axhknnpmgslz-si.integration.ap-singapore-1.ocp.oraclecloud.com/ic/api/integration/v1/integrations?integrationInstance=ap-ccswacs-oic-dev-axhknnpmgslz-si "HTTP/1.1 307 Temporary Redirect"
2026-09-16 17:15:51,976 - httpx - INFO - HTTP Request: GET https://design.integration.ap-singapore-1.ocp.oraclecloud.com/ic/api/integration/v1/integrations?integrationInstance=ap-ccswacs-oic-dev-axhknnpmgslz-si&integrationInstance=ap-ccs-oic-uat-axhknnpmgslz-si "HTTP/1.1 200 OK"
2026-09-16 17:15:51,978 - mcp_server.oic_client - INFO - HTTP request to /ic/api/integration/v1/integrations completed in 0.56s (Status: 200)
2026-09-16 17:15:51,978 - mcp_server.oic_client - INFO - list_integrations returned 0 items, total: 0, hasMore: False in 0.56s
2026-09-16 17:15:51,979 - mcp_server.oic_client - INFO - Fetching page 1/50
2026-09-16 17:15:51,979 - mcp_server.oic_client - INFO - Calling list_integrations - only_activated: None, limit: 100, page: 1
2026-09-16 17:15:52,235 - httpx - INFO - HTTP Request: GET https://ap-ccs-oic-uat-axhknnpmgslz-si.integration.ap-singapore-1.ocp.oraclecloud.com/ic/api/integration/v1/integrations?limit=100&page=1&integrationInstance=ap-ccswacs-oic-dev-axhknnpmgslz-si "HTTP/1.1 307 Temporary Redirect"
2026-09-16 17:15:52,529 - httpx - INFO - HTTP Request: GET https://design.integration.ap-singapore-1.ocp.oraclecloud.com/ic/api/integration/v1/integrations?limit=100&page=1&integrationInstance=ap-ccswacs-oic-dev-axhknnpmgslz-si&integrationInstance=ap-ccs-oic-uat-axhknnpmgslz-si "HTTP/1.1 200 OK"
2026-09-16 17:15:52,531 - mcp_server.oic_client - INFO - HTTP request to /ic/api/integration/v1/integrations completed in 0.55s (Status: 200)
2026-09-16 17:15:52,532 - mcp_server.oic_client - INFO - list_integrations returned 0 items, total: 0, hasMore: False in 0.55s
2026-09-16 17:15:52,532 - mcp_server.oic_client - INFO - Page 1: API returned 0 items, totalResults: 0, hasMore: False
2026-09-16 17:15:52,532 - mcp_server.oic_client - INFO - No items found on page 1, stopping pagination
2026-09-16 17:15:52,533 - mcp_server.oic_client - INFO - list_all_integrations completed: fetched 95 unique integrations from 0 pages in 18.71s
2026-09-16 17:15:52,534 - mcp_server.oic_client - INFO - Pattern search 'OFSC_WACS' found 13 matches out of 95 total integrations
2026-09-16 17:15:52,534 - mcp_server.tools - INFO - Tool _call_search_integrations_by_pattern completed in 18.71s - returned 13 integrations
2026-09-16 17:15:52,535 - __main__ - INFO - Tool search_integrations_by_pattern executed successfully in 18.71s
2026-09-16 17:15:52,539 - __main__ - INFO - Tool search_integrations_by_pattern request completed in 18.72s total
2026-09-16 17:32:27,928 - __main__ - INFO - WebSocket connection accepted (subprotocol=None)
2026-09-16 17:33:37,338 - __main__ - INFO - WebSocket connection accepted (subprotocol='mcp')
2026-09-16 17:33:37,368 - __main__ - INFO - Received MCP request: initialize (ID: 0)
2026-09-16 17:33:37,380 - __main__ - INFO - Processing initialize request
2026-09-16 17:33:37,390 - __main__ - INFO - Initialize request completed
2026-09-16 17:33:37,404 - __main__ - INFO - Received MCP request: notifications/initialized (ID: None)
2026-09-16 17:33:37,404 - __main__ - ERROR - Unknown method: notifications/initialized
2026-09-16 17:33:37,406 - __main__ - INFO - Received MCP request: tools/list (ID: 1)
2026-09-16 17:33:37,408 - __main__ - INFO - Processing tools/list request
2026-09-16 17:33:37,414 - __main__ - INFO - Tools list request completed
2026-09-16 17:33:37,523 - __main__ - INFO - WebSocket connection accepted (subprotocol='mcp')
2026-09-16 17:33:37,605 - __main__ - INFO - WebSocket connection disconnected
2026-09-16 17:33:38,718 - __main__ - INFO - WebSocket connection accepted (subprotocol='mcp')
2026-09-16 17:33:38,727 - __main__ - INFO - Received MCP request: initialize (ID: 0)
2026-09-16 17:33:38,727 - __main__ - INFO - Processing initialize request
2026-09-16 17:33:38,728 - __main__ - INFO - Initialize request completed
2026-09-16 17:33:38,731 - __main__ - INFO - Received MCP request: notifications/initialized (ID: None)
2026-09-16 17:33:38,731 - __main__ - ERROR - Unknown method: notifications/initialized
2026-09-16 17:33:38,736 - __main__ - INFO - Received MCP request: tools/list (ID: 1)
2026-09-16 17:33:38,736 - __main__ - INFO - Processing tools/list request
2026-09-16 17:33:38,739 - __main__ - INFO - Tools list request completed
2026-09-16 17:35:14,220 - __main__ - INFO - Received MCP request: tools/call (ID: 2)
2026-09-16 17:35:14,221 - __main__ - INFO - Executing tool: list_projects
2026-09-16 17:35:14,221 - mcp_server.tools - INFO - Tool _call_list_projects called with params: {}
2026-09-16 17:35:14,583 - mcp_server.oic_client - INFO - Fetching new OAuth token
2026-09-16 17:35:14,937 - httpx - INFO - HTTP Request: POST https://idcs-40ce518ee4354cb8b8a1f54926629fc0.identity.oraclecloud.com/oauth2/v1/token "HTTP/1.1 200 OK"
2026-09-16 17:35:14,940 - mcp_server.oic_client - INFO - OAuth token fetched successfully in 0.36s
2026-09-16 17:35:15,244 - httpx - INFO - HTTP Request: GET https://ap-ccs-oic-uat-axhknnpmgslz-si.integration.ap-singapore-1.ocp.oraclecloud.com/ic/api/integration/v1/projects?integrationInstance=ap-ccswacs-oic-dev-axhknnpmgslz-si "HTTP/1.1 307 Temporary Redirect"
2026-09-16 17:35:15,807 - httpx - INFO - HTTP Request: GET https://design.integration.ap-singapore-1.ocp.oraclecloud.com/ic/api/integration/v1/projects?integrationInstance=ap-ccswacs-oic-dev-axhknnpmgslz-si&integrationInstance=ap-ccs-oic-uat-axhknnpmgslz-si "HTTP/1.1 200 OK"
2026-09-16 17:35:15,815 - mcp_server.oic_client - INFO - HTTP request to /ic/api/integration/v1/projects completed in 0.87s (Status: 200)
2026-09-16 17:35:15,816 - mcp_server.tools - INFO - Tool _call_list_projects completed in 1.59s
2026-09-16 17:35:15,816 - __main__ - INFO - Tool list_projects executed successfully in 1.59s
2026-09-16 17:35:15,817 - __main__ - INFO - Tool list_projects request completed in 1.60s total
2026-09-16 17:35:19,304 - __main__ - INFO - Received MCP request: tools/call (ID: 3)
2026-09-16 17:35:19,304 - __main__ - INFO - Executing tool: list_project_integrations
2026-09-16 17:35:19,304 - mcp_server.tools - INFO - Tool _call_list_project_integrations called with params: {'projectId': 'APDU_WACS_DXI_GIS'}
2026-09-16 17:35:19,367 - httpx - INFO - HTTP Request: GET https://ap-ccs-oic-uat-axhknnpmgslz-si.integration.ap-singapore-1.ocp.oraclecloud.com/ic/api/integration/v1/projects/APDU_WACS_DXI_GIS/integrations?integrationInstance=ap-ccswacs-oic-dev-axhknnpmgslz-si "HTTP/1.1 307 Temporary Redirect"
2026-09-16 17:35:19,573 - httpx - INFO - HTTP Request: GET https://design.integration.ap-singapore-1.ocp.oraclecloud.com/ic/api/integration/v1/projects/APDU_WACS_DXI_GIS/integrations?integrationInstance=ap-ccswacs-oic-dev-axhknnpmgslz-si&integrationInstance=ap-ccs-oic-uat-axhknnpmgslz-si "HTTP/1.1 200 OK"
2026-09-16 17:35:19,574 - mcp_server.oic_client - INFO - HTTP request to /ic/api/integration/v1/projects/APDU_WACS_DXI_GIS/integrations completed in 0.27s (Status: 200)
2026-09-16 17:35:19,575 - mcp_server.tools - INFO - Tool _call_list_project_integrations completed in 0.27s
2026-09-16 17:35:19,575 - __main__ - INFO - Tool list_project_integrations executed successfully in 0.27s
2026-09-16 17:35:19,577 - __main__ - INFO - Tool list_project_integrations request completed in 0.27s total
2026-09-16 17:36:42,813 - __main__ - INFO - Received MCP request: tools/call (ID: 4)
2026-09-16 17:36:42,814 - __main__ - INFO - Executing tool: list_project_instances
2026-09-16 17:36:43,059 - httpx - INFO - HTTP Request: GET https://ap-ccs-oic-uat-axhknnpmgslz-si.integration.ap-singapore-1.ocp.oraclecloud.com/ic/api/integration/v1/projects/APDU_WACS_DXI_GIS/monitoring/instances?q=%7BprojectId+%3A+%27APDU_WACS_DXI_GIS%27%2C+code+%3A+%27APDU_OFSC_DXI_REQUES_COSTES%27%2C+startdate+%3A+%272026-09-08T12%3A06%3A35Z%27%2C+enddate+%3A+%272026-09-16T12%3A06%3A35Z%27%2C+timewindow+%3A+%27RETENTIONPERIOD%27%7D&limit=500&integrationInstance=ap-ccswacs-oic-dev-axhknnpmgslz-si "HTTP/1.1 307 Temporary Redirect"
2026-09-16 17:36:43,494 - httpx - INFO - HTTP Request: GET https://design.integration.ap-singapore-1.ocp.oraclecloud.com/ic/api/integration/v1/projects/APDU_WACS_DXI_GIS/monitoring/instances?q=%7BprojectId+%3A+%27APDU_WACS_DXI_GIS%27%2C+code+%3A+%27APDU_OFSC_DXI_REQUES_COSTES%27%2C+startdate+%3A+%272026-09-08T12%3A06%3A35Z%27%2C+enddate+%3A+%272026-09-16T12%3A06%3A35Z%27%2C+timewindow+%3A+%27RETENTIONPERIOD%27%7D&limit=500&integrationInstance=ap-ccswacs-oic-dev-axhknnpmgslz-si&integrationInstance=ap-ccs-oic-uat-axhknnpmgslz-si "HTTP/1.1 404 Not Found"
2026-09-16 17:36:43,496 - mcp_server.oic_client - INFO - HTTP request to /ic/api/integration/v1/projects/APDU_WACS_DXI_GIS/monitoring/instances completed in 0.68s (Status: 404)
2026-09-16 17:36:43,561 - httpx - INFO - HTTP Request: GET https://ap-ccs-oic-uat-axhknnpmgslz-si.integration.ap-singapore-1.ocp.oraclecloud.com/ic/api/integration/v1/projects/APDU_WACS_DXI_GIS/instances?q=%7BprojectId+%3A+%27APDU_WACS_DXI_GIS%27%2C+code+%3A+%27APDU_OFSC_DXI_REQUES_COSTES%27%2C+startdate+%3A+%272026-09-08T12%3A06%3A35Z%27%2C+enddate+%3A+%272026-09-16T12%3A06%3A35Z%27%2C+timewindow+%3A+%27RETENTIONPERIOD%27%7D&limit=500&integrationInstance=ap-ccswacs-oic-dev-axhknnpmgslz-si "HTTP/1.1 307 Temporary Redirect"
2026-09-16 17:36:43,648 - httpx - INFO - HTTP Request: GET https://design.integration.ap-singapore-1.ocp.oraclecloud.com/ic/api/integration/v1/projects/APDU_WACS_DXI_GIS/instances?q=%7BprojectId+%3A+%27APDU_WACS_DXI_GIS%27%2C+code+%3A+%27APDU_OFSC_DXI_REQUES_COSTES%27%2C+startdate+%3A+%272026-09-08T12%3A06%3A35Z%27%2C+enddate+%3A+%272026-09-16T12%3A06%3A35Z%27%2C+timewindow+%3A+%27RETENTIONPERIOD%27%7D&limit=500&integrationInstance=ap-ccswacs-oic-dev-axhknnpmgslz-si&integrationInstance=ap-ccs-oic-uat-axhknnpmgslz-si "HTTP/1.1 404 Not Found"
2026-09-16 17:36:43,650 - mcp_server.oic_client - INFO - HTTP request to /ic/api/integration/v1/projects/APDU_WACS_DXI_GIS/instances completed in 0.15s (Status: 404)
2026-09-16 17:36:43,712 - httpx - INFO - HTTP Request: GET https://ap-ccs-oic-uat-axhknnpmgslz-si.integration.ap-singapore-1.ocp.oraclecloud.com/ic/api/integration/v1/monitoring/instances?q=%7BprojectId+%3A+%27APDU_WACS_DXI_GIS%27%2C+code+%3A+%27APDU_OFSC_DXI_REQUES_COSTES%27%2C+startdate+%3A+%272026-09-08T12%3A06%3A35Z%27%2C+enddate+%3A+%272026-09-16T12%3A06%3A35Z%27%2C+timewindow+%3A+%27RETENTIONPERIOD%27%7D&limit=500&integrationInstance=ap-ccswacs-oic-dev-axhknnpmgslz-si "HTTP/1.1 307 Temporary Redirect"
2026-09-16 17:36:43,848 - httpx - INFO - HTTP Request: GET https://design.integration.ap-singapore-1.ocp.oraclecloud.com/ic/api/integration/v1/monitoring/instances?q=%7BprojectId+%3A+%27APDU_WACS_DXI_GIS%27%2C+code+%3A+%27APDU_OFSC_DXI_REQUES_COSTES%27%2C+startdate+%3A+%272026-09-08T12%3A06%3A35Z%27%2C+enddate+%3A+%272026-09-16T12%3A06%3A35Z%27%2C+timewindow+%3A+%27RETENTIONPERIOD%27%7D&limit=500&integrationInstance=ap-ccswacs-oic-dev-axhknnpmgslz-si&integrationInstance=ap-ccs-oic-uat-axhknnpmgslz-si "HTTP/1.1 400 Bad Request"
2026-09-16 17:36:43,850 - mcp_server.oic_client - INFO - HTTP request to /ic/api/integration/v1/monitoring/instances completed in 0.20s (Status: 400)
2026-09-16 17:36:43,851 - __main__ - ERROR - Tool list_project_instances failed after 1.04s: Client error '400 Bad Request' for url 'https://design.integration.ap-singapore-1.ocp.oraclecloud.com/ic/api/integration/v1/monitoring/instances?q=%7BprojectId+%3A+%27APDU_WACS_DXI_GIS%27%2C+code+%3A+%27APDU_OFSC_DXI_REQUES_COSTES%27%2C+startdate+%3A+%272026-09-08T12%3A06%3A35Z%27%2C+enddate+%3A+%272026-09-16T12%3A06%3A35Z%27%2C+timewindow+%3A+%27RETENTIONPERIOD%27%7D&limit=500&integrationInstance=ap-ccswacs-oic-dev-axhknnpmgslz-si&integrationInstance=ap-ccs-oic-uat-axhknnpmgslz-si'
For more information check: https://developer.mozilla.org/en-US/docs/Web/HTTP/Status/400
2026-09-16 17:36:51,454 - __main__ - INFO - Received MCP request: tools/call (ID: 5)
2026-09-16 17:36:51,454 - __main__ - INFO - Executing tool: list_project_instances
2026-09-16 17:36:51,686 - httpx - INFO - HTTP Request: GET https://ap-ccs-oic-uat-axhknnpmgslz-si.integration.ap-singapore-1.ocp.oraclecloud.com/ic/api/integration/v1/projects/APDU_WACS_DXI_GIS/monitoring/instances?q=%7BprojectId+%3A+%27APDU_WACS_DXI_GIS%27%2C+code+%3A+%27APDU_OFSC_DXI_REQUES_COSTES%27%2C+timewindow+%3A+%27RETENTIONPERIOD%27%7D&limit=500&integrationInstance=ap-ccswacs-oic-dev-axhknnpmgslz-si "HTTP/1.1 307 Temporary Redirect"
2026-09-16 17:36:52,011 - httpx - INFO - HTTP Request: GET https://design.integration.ap-singapore-1.ocp.oraclecloud.com/ic/api/integration/v1/projects/APDU_WACS_DXI_GIS/monitoring/instances?q=%7BprojectId+%3A+%27APDU_WACS_DXI_GIS%27%2C+code+%3A+%27APDU_OFSC_DXI_REQUES_COSTES%27%2C+timewindow+%3A+%27RETENTIONPERIOD%27%7D&limit=500&integrationInstance=ap-ccswacs-oic-dev-axhknnpmgslz-si&integrationInstance=ap-ccs-oic-uat-axhknnpmgslz-si "HTTP/1.1 404 Not Found"
2026-09-16 17:36:52,013 - mcp_server.oic_client - INFO - HTTP request to /ic/api/integration/v1/projects/APDU_WACS_DXI_GIS/monitoring/instances completed in 0.56s (Status: 404)
2026-09-16 17:36:52,075 - httpx - INFO - HTTP Request: GET https://ap-ccs-oic-uat-axhknnpmgslz-si.integration.ap-singapore-1.ocp.oraclecloud.com/ic/api/integration/v1/projects/APDU_WACS_DXI_GIS/instances?q=%7BprojectId+%3A+%27APDU_WACS_DXI_GIS%27%2C+code+%3A+%27APDU_OFSC_DXI_REQUES_COSTES%27%2C+timewindow+%3A+%27RETENTIONPERIOD%27%7D&limit=500&integrationInstance=ap-ccswacs-oic-dev-axhknnpmgslz-si "HTTP/1.1 307 Temporary Redirect"
2026-09-16 17:36:52,143 - httpx - INFO - HTTP Request: GET https://design.integration.ap-singapore-1.ocp.oraclecloud.com/ic/api/integration/v1/projects/APDU_WACS_DXI_GIS/instances?q=%7BprojectId+%3A+%27APDU_WACS_DXI_GIS%27%2C+code+%3A+%27APDU_OFSC_DXI_REQUES_COSTES%27%2C+timewindow+%3A+%27RETENTIONPERIOD%27%7D&limit=500&integrationInstance=ap-ccswacs-oic-dev-axhknnpmgslz-si&integrationInstance=ap-ccs-oic-uat-axhknnpmgslz-si "HTTP/1.1 404 Not Found"
2026-09-16 17:36:52,146 - mcp_server.oic_client - INFO - HTTP request to /ic/api/integration/v1/projects/APDU_WACS_DXI_GIS/instances completed in 0.13s (Status: 404)
2026-09-16 17:36:52,208 - httpx - INFO - HTTP Request: GET https://ap-ccs-oic-uat-axhknnpmgslz-si.integration.ap-singapore-1.ocp.oraclecloud.com/ic/api/integration/v1/monitoring/instances?q=%7BprojectId+%3A+%27APDU_WACS_DXI_GIS%27%2C+code+%3A+%27APDU_OFSC_DXI_REQUES_COSTES%27%2C+timewindow+%3A+%27RETENTIONPERIOD%27%7D&limit=500&integrationInstance=ap-ccswacs-oic-dev-axhknnpmgslz-si "HTTP/1.1 307 Temporary Redirect"
2026-09-16 17:36:52,352 - httpx - INFO - HTTP Request: GET https://design.integration.ap-singapore-1.ocp.oraclecloud.com/ic/api/integration/v1/monitoring/instances?q=%7BprojectId+%3A+%27APDU_WACS_DXI_GIS%27%2C+code+%3A+%27APDU_OFSC_DXI_REQUES_COSTES%27%2C+timewindow+%3A+%27RETENTIONPERIOD%27%7D&limit=500&integrationInstance=ap-ccswacs-oic-dev-axhknnpmgslz-si&integrationInstance=ap-ccs-oic-uat-axhknnpmgslz-si "HTTP/1.1 400 Bad Request"
2026-09-16 17:36:52,354 - mcp_server.oic_client - INFO - HTTP request to /ic/api/integration/v1/monitoring/instances completed in 0.21s (Status: 400)
2026-09-16 17:36:52,354 - __main__ - ERROR - Tool list_project_instances failed after 0.90s: Client error '400 Bad Request' for url 'https://design.integration.ap-singapore-1.ocp.oraclecloud.com/ic/api/integration/v1/monitoring/instances?q=%7BprojectId+%3A+%27APDU_WACS_DXI_GIS%27%2C+code+%3A+%27APDU_OFSC_DXI_REQUES_COSTES%27%2C+timewindow+%3A+%27RETENTIONPERIOD%27%7D&limit=500&integrationInstance=ap-ccswacs-oic-dev-axhknnpmgslz-si&integrationInstance=ap-ccs-oic-uat-axhknnpmgslz-si'
For more information check: https://developer.mozilla.org/en-US/docs/Web/HTTP/Status/400
2026-09-16 17:36:58,784 - __main__ - INFO - Received MCP request: tools/call (ID: 6)
2026-09-16 17:36:58,784 - __main__ - INFO - Executing tool: list_instances
2026-09-16 17:36:59,011 - httpx - INFO - HTTP Request: GET https://ap-ccs-oic-uat-axhknnpmgslz-si.integration.ap-singapore-1.ocp.oraclecloud.com/ic/api/integration/v1/monitoring/instances?q=%7Bcode+%3A+%27APDU_OFSC_DXI_REQUES_COSTES%27%2C+version+%3A+%2701.00.0005%27%2C+timewindow+%3A+%273d%27%7D&limit=200&integrationInstance=ap-ccswacs-oic-dev-axhknnpmgslz-si "HTTP/1.1 307 Temporary Redirect"
2026-09-16 17:36:59,337 - httpx - INFO - HTTP Request: GET https://design.integration.ap-singapore-1.ocp.oraclecloud.com/ic/api/integration/v1/monitoring/instances?q=%7Bcode+%3A+%27APDU_OFSC_DXI_REQUES_COSTES%27%2C+version+%3A+%2701.00.0005%27%2C+timewindow+%3A+%273d%27%7D&limit=200&integrationInstance=ap-ccswacs-oic-dev-axhknnpmgslz-si&integrationInstance=ap-ccs-oic-uat-axhknnpmgslz-si "HTTP/1.1 400 Bad Request"
2026-09-16 17:36:59,340 - mcp_server.oic_client - INFO - HTTP request to /ic/api/integration/v1/monitoring/instances completed in 0.56s (Status: 400)
2026-09-16 17:36:59,341 - __main__ - ERROR - Tool list_instances failed after 0.56s: Client error '400 Bad Request' for url 'https://design.integration.ap-singapore-1.ocp.oraclecloud.com/ic/api/integration/v1/monitoring/instances?q=%7Bcode+%3A+%27APDU_OFSC_DXI_REQUES_COSTES%27%2C+version+%3A+%2701.00.0005%27%2C+timewindow+%3A+%273d%27%7D&limit=200&integrationInstance=ap-ccswacs-oic-dev-axhknnpmgslz-si&integrationInstance=ap-ccs-oic-uat-axhknnpmgslz-si'
For more information check: https://developer.mozilla.org/en-US/docs/Web/HTTP/Status/400
2026-09-16 17:37:04,887 - __main__ - INFO - Received MCP request: tools/call (ID: 7)
2026-09-16 17:37:04,887 - __main__ - INFO - Executing tool: list_instances
2026-09-16 17:37:05,113 - httpx - INFO - HTTP Request: GET https://ap-ccs-oic-uat-axhknnpmgslz-si.integration.ap-singapore-1.ocp.oraclecloud.com/ic/api/integration/v1/monitoring/instances?q=%7Btimewindow+%3A+%273d%27%7D&limit=50&integrationInstance=ap-ccswacs-oic-dev-axhknnpmgslz-si "HTTP/1.1 307 Temporary Redirect"
2026-09-16 17:37:05,482 - httpx - INFO - HTTP Request: GET https://design.integration.ap-singapore-1.ocp.oraclecloud.com/ic/api/integration/v1/monitoring/instances?q=%7Btimewindow+%3A+%273d%27%7D&limit=50&integrationInstance=ap-ccswacs-oic-dev-axhknnpmgslz-si&integrationInstance=ap-ccs-oic-uat-axhknnpmgslz-si "HTTP/1.1 200 OK"
2026-09-16 17:37:05,485 - mcp_server.oic_client - INFO - HTTP request to /ic/api/integration/v1/monitoring/instances completed in 0.60s (Status: 200)
2026-09-16 17:37:05,486 - __main__ - INFO - Tool list_instances executed successfully in 0.60s
2026-09-16 17:37:05,488 - __main__ - INFO - Tool list_instances request completed in 0.60s total
2026-09-16 17:37:17,628 - __main__ - INFO - Received MCP request: tools/call (ID: 8)
2026-09-16 17:37:17,629 - __main__ - INFO - Executing tool: list_instances
2026-09-16 17:37:17,855 - httpx - INFO - HTTP Request: GET https://ap-ccs-oic-uat-axhknnpmgslz-si.integration.ap-singapore-1.ocp.oraclecloud.com/ic/api/integration/v1/monitoring/instances?q=%7Bcode+%3A+%27APDU_OFSC_DXI_REQUES_COSTES%27%2C+startdate+%3A+%272026-09-08T12%3A06%3A35Z%27%2C+enddate+%3A+%272026-09-16T12%3A06%3A35Z%27%2C+timewindow+%3A+%27RETENTIONPERIOD%27%7D&limit=200&integrationInstance=ap-ccswacs-oic-dev-axhknnpmgslz-si "HTTP/1.1 307 Temporary Redirect"
2026-09-16 17:37:18,227 - httpx - INFO - HTTP Request: GET https://design.integration.ap-singapore-1.ocp.oraclecloud.com/ic/api/integration/v1/monitoring/instances?q=%7Bcode+%3A+%27APDU_OFSC_DXI_REQUES_COSTES%27%2C+startdate+%3A+%272026-09-08T12%3A06%3A35Z%27%2C+enddate+%3A+%272026-09-16T12%3A06%3A35Z%27%2C+timewindow+%3A+%27RETENTIONPERIOD%27%7D&limit=200&integrationInstance=ap-ccswacs-oic-dev-axhknnpmgslz-si&integrationInstance=ap-ccs-oic-uat-axhknnpmgslz-si "HTTP/1.1 400 Bad Request"
2026-09-16 17:37:18,229 - mcp_server.oic_client - INFO - HTTP request to /ic/api/integration/v1/monitoring/instances completed in 0.60s (Status: 400)
2026-09-16 17:37:18,229 - __main__ - ERROR - Tool list_instances failed after 0.60s: Client error '400 Bad Request' for url 'https://design.integration.ap-singapore-1.ocp.oraclecloud.com/ic/api/integration/v1/monitoring/instances?q=%7Bcode+%3A+%27APDU_OFSC_DXI_REQUES_COSTES%27%2C+startdate+%3A+%272026-09-08T12%3A06%3A35Z%27%2C+enddate+%3A+%272026-09-16T12%3A06%3A35Z%27%2C+timewindow+%3A+%27RETENTIONPERIOD%27%7D&limit=200&integrationInstance=ap-ccswacs-oic-dev-axhknnpmgslz-si&integrationInstance=ap-ccs-oic-uat-axhknnpmgslz-si'
For more information check: https://developer.mozilla.org/en-US/docs/Web/HTTP/Status/400
2026-09-16 17:37:23,657 - __main__ - INFO - Received MCP request: tools/call (ID: 9)
2026-09-16 17:37:23,657 - __main__ - INFO - Executing tool: list_instances
2026-09-16 17:37:23,886 - httpx - INFO - HTTP Request: GET https://ap-ccs-oic-uat-axhknnpmgslz-si.integration.ap-singapore-1.ocp.oraclecloud.com/ic/api/integration/v1/monitoring/instances?q=%7Bcode+%3A+%27APDU_OFSC_DXI_REQUES_COSTES%27%2C+timewindow+%3A+%27RETENTIONPERIOD%27%7D&limit=50&integrationInstance=ap-ccswacs-oic-dev-axhknnpmgslz-si "HTTP/1.1 307 Temporary Redirect"
2026-09-16 17:37:24,156 - httpx - INFO - HTTP Request: GET https://design.integration.ap-singapore-1.ocp.oraclecloud.com/ic/api/integration/v1/monitoring/instances?q=%7Bcode+%3A+%27APDU_OFSC_DXI_REQUES_COSTES%27%2C+timewindow+%3A+%27RETENTIONPERIOD%27%7D&limit=50&integrationInstance=ap-ccswacs-oic-dev-axhknnpmgslz-si&integrationInstance=ap-ccs-oic-uat-axhknnpmgslz-si "HTTP/1.1 200 OK"
2026-09-16 17:37:24,158 - mcp_server.oic_client - INFO - HTTP request to /ic/api/integration/v1/monitoring/instances completed in 0.50s (Status: 200)
2026-09-16 17:37:24,158 - __main__ - INFO - Tool list_instances executed successfully in 0.50s
2026-09-16 17:37:24,159 - __main__ - INFO - Tool list_instances request completed in 0.50s total
2026-09-16 17:37:28,514 - __main__ - INFO - Received MCP request: tools/call (ID: 10)
2026-09-16 17:37:28,514 - __main__ - INFO - Executing tool: list_instances
2026-09-16 17:37:28,574 - httpx - INFO - HTTP Request: GET https://ap-ccs-oic-uat-axhknnpmgslz-si.integration.ap-singapore-1.ocp.oraclecloud.com/ic/api/integration/v1/monitoring/instances?q=%7Bcode+%3A+%27APDU_OFSC_DXI_REQUES_COSTES%27%2C+timewindow+%3A+%271d%27%7D&limit=50&integrationInstance=ap-ccswacs-oic-dev-axhknnpmgslz-si "HTTP/1.1 307 Temporary Redirect"
2026-09-16 17:37:28,714 - httpx - INFO - HTTP Request: GET https://design.integration.ap-singapore-1.ocp.oraclecloud.com/ic/api/integration/v1/monitoring/instances?q=%7Bcode+%3A+%27APDU_OFSC_DXI_REQUES_COSTES%27%2C+timewindow+%3A+%271d%27%7D&limit=50&integrationInstance=ap-ccswacs-oic-dev-axhknnpmgslz-si&integrationInstance=ap-ccs-oic-uat-axhknnpmgslz-si "HTTP/1.1 200 OK"
2026-09-16 17:37:28,716 - mcp_server.oic_client - INFO - HTTP request to /ic/api/integration/v1/monitoring/instances completed in 0.20s (Status: 200)
2026-09-16 17:37:28,716 - __main__ - INFO - Tool list_instances executed successfully in 0.20s
2026-09-16 17:37:28,716 - __main__ - INFO - Tool list_instances request completed in 0.20s total
2026-09-16 17:37:35,074 - __main__ - INFO - Received MCP request: tools/call (ID: 11)
2026-09-16 17:37:35,075 - __main__ - INFO - Executing tool: list_instances
2026-09-16 17:37:35,321 - httpx - INFO - HTTP Request: GET https://ap-ccs-oic-uat-axhknnpmgslz-si.integration.ap-singapore-1.ocp.oraclecloud.com/ic/api/integration/v1/monitoring/instances?q=%7Bcode+%3A+%27APDU_OFSC_DXI_REQUES_COSTES%27%2C+timewindow+%3A+%273d%27%7D&limit=200&integrationInstance=ap-ccswacs-oic-dev-axhknnpmgslz-si "HTTP/1.1 307 Temporary Redirect"
2026-09-16 17:37:35,567 - httpx - INFO - HTTP Request: GET https://design.integration.ap-singapore-1.ocp.oraclecloud.com/ic/api/integration/v1/monitoring/instances?q=%7Bcode+%3A+%27APDU_OFSC_DXI_REQUES_COSTES%27%2C+timewindow+%3A+%273d%27%7D&limit=200&integrationInstance=ap-ccswacs-oic-dev-axhknnpmgslz-si&integrationInstance=ap-ccs-oic-uat-axhknnpmgslz-si "HTTP/1.1 400 Bad Request"
2026-09-16 17:37:35,568 - mcp_server.oic_client - INFO - HTTP request to /ic/api/integration/v1/monitoring/instances completed in 0.49s (Status: 400)
2026-09-16 17:37:35,569 - __main__ - ERROR - Tool list_instances failed after 0.49s: Client error '400 Bad Request' for url 'https://design.integration.ap-singapore-1.ocp.oraclecloud.com/ic/api/integration/v1/monitoring/instances?q=%7Bcode+%3A+%27APDU_OFSC_DXI_REQUES_COSTES%27%2C+timewindow+%3A+%273d%27%7D&limit=200&integrationInstance=ap-ccswacs-oic-dev-axhknnpmgslz-si&integrationInstance=ap-ccs-oic-uat-axhknnpmgslz-si'
For more information check: https://developer.mozilla.org/en-US/docs/Web/HTTP/Status/400
2026-09-16 17:37:39,318 - __main__ - INFO - Received MCP request: tools/call (ID: 12)
2026-09-16 17:37:39,319 - __main__ - INFO - Executing tool: list_instances
2026-09-16 17:37:39,382 - httpx - INFO - HTTP Request: GET https://ap-ccs-oic-uat-axhknnpmgslz-si.integration.ap-singapore-1.ocp.oraclecloud.com/ic/api/integration/v1/monitoring/instances?q=%7Bcode+%3A+%27APDU_OFSC_DXI_REQUES_COSTES%27%2C+timewindow+%3A+%272d%27%7D&limit=200&integrationInstance=ap-ccswacs-oic-dev-axhknnpmgslz-si "HTTP/1.1 307 Temporary Redirect"
2026-09-16 17:37:39,458 - httpx - INFO - HTTP Request: GET https://design.integration.ap-singapore-1.ocp.oraclecloud.com/ic/api/integration/v1/monitoring/instances?q=%7Bcode+%3A+%27APDU_OFSC_DXI_REQUES_COSTES%27%2C+timewindow+%3A+%272d%27%7D&limit=200&integrationInstance=ap-ccswacs-oic-dev-axhknnpmgslz-si&integrationInstance=ap-ccs-oic-uat-axhknnpmgslz-si "HTTP/1.1 400 Bad Request"
2026-09-16 17:37:39,459 - mcp_server.oic_client - INFO - HTTP request to /ic/api/integration/v1/monitoring/instances completed in 0.14s (Status: 400)
2026-09-16 17:37:39,460 - __main__ - ERROR - Tool list_instances failed after 0.14s: Client error '400 Bad Request' for url 'https://design.integration.ap-singapore-1.ocp.oraclecloud.com/ic/api/integration/v1/monitoring/instances?q=%7Bcode+%3A+%27APDU_OFSC_DXI_REQUES_COSTES%27%2C+timewindow+%3A+%272d%27%7D&limit=200&integrationInstance=ap-ccswacs-oic-dev-axhknnpmgslz-si&integrationInstance=ap-ccs-oic-uat-axhknnpmgslz-si'
For more information check: https://developer.mozilla.org/en-US/docs/Web/HTTP/Status/400
2026-09-16 17:37:47,527 - __main__ - INFO - Received MCP request: tools/call (ID: 13)
2026-09-16 17:37:47,528 - __main__ - INFO - Executing tool: list_instances
2026-09-16 17:37:47,767 - httpx - INFO - HTTP Request: GET https://ap-ccs-oic-uat-axhknnpmgslz-si.integration.ap-singapore-1.ocp.oraclecloud.com/ic/api/integration/v1/monitoring/instances?q=%7Btimewindow+%3A+%27RETENTIONPERIOD%27%7D&limit=1&integrationInstance=ap-ccswacs-oic-dev-axhknnpmgslz-si "HTTP/1.1 307 Temporary Redirect"
2026-09-16 17:37:48,159 - httpx - INFO - HTTP Request: GET https://design.integration.ap-singapore-1.ocp.oraclecloud.com/ic/api/integration/v1/monitoring/instances?q=%7Btimewindow+%3A+%27RETENTIONPERIOD%27%7D&limit=1&integrationInstance=ap-ccswacs-oic-dev-axhknnpmgslz-si&integrationInstance=ap-ccs-oic-uat-axhknnpmgslz-si "HTTP/1.1 200 OK"
2026-09-16 17:37:48,161 - mcp_server.oic_client - INFO - HTTP request to /ic/api/integration/v1/monitoring/instances completed in 0.63s (Status: 200)
2026-09-16 17:37:48,161 - __main__ - INFO - Tool list_instances executed successfully in 0.63s
2026-09-16 17:37:48,162 - __main__ - INFO - Tool list_instances request completed in 0.63s total
2026-09-16 17:37:54,285 - __main__ - INFO - Received MCP request: tools/call (ID: 14)
2026-09-16 17:37:54,285 - __main__ - INFO - Executing tool: list_instances
2026-09-16 17:37:54,511 - httpx - INFO - HTTP Request: GET https://ap-ccs-oic-uat-axhknnpmgslz-si.integration.ap-singapore-1.ocp.oraclecloud.com/ic/api/integration/v1/monitoring/instances?q=%7Bstartdate+%3A+%272026-09-15T12%3A06%3A35Z%27%2C+enddate+%3A+%272026-09-16T12%3A06%3A35Z%27%2C+timewindow+%3A+%27RETENTIONPERIOD%27%7D&limit=1&integrationInstance=ap-ccswacs-oic-dev-axhknnpmgslz-si "HTTP/1.1 307 Temporary Redirect"
2026-09-16 17:37:54,960 - httpx - INFO - HTTP Request: GET https://design.integration.ap-singapore-1.ocp.oraclecloud.com/ic/api/integration/v1/monitoring/instances?q=%7Bstartdate+%3A+%272026-09-15T12%3A06%3A35Z%27%2C+enddate+%3A+%272026-09-16T12%3A06%3A35Z%27%2C+timewindow+%3A+%27RETENTIONPERIOD%27%7D&limit=1&integrationInstance=ap-ccswacs-oic-dev-axhknnpmgslz-si&integrationInstance=ap-ccs-oic-uat-axhknnpmgslz-si "HTTP/1.1 400 Bad Request"
2026-09-16 17:37:54,963 - mcp_server.oic_client - INFO - HTTP request to /ic/api/integration/v1/monitoring/instances completed in 0.68s (Status: 400)
2026-09-16 17:37:54,964 - __main__ - ERROR - Tool list_instances failed after 0.68s: Client error '400 Bad Request' for url 'https://design.integration.ap-singapore-1.ocp.oraclecloud.com/ic/api/integration/v1/monitoring/instances?q=%7Bstartdate+%3A+%272026-09-15T12%3A06%3A35Z%27%2C+enddate+%3A+%272026-09-16T12%3A06%3A35Z%27%2C+timewindow+%3A+%27RETENTIONPERIOD%27%7D&limit=1&integrationInstance=ap-ccswacs-oic-dev-axhknnpmgslz-si&integrationInstance=ap-ccs-oic-uat-axhknnpmgslz-si'
For more information check: https://developer.mozilla.org/en-US/docs/Web/HTTP/Status/400
2026-09-16 17:38:00,109 - __main__ - INFO - Received MCP request: tools/call (ID: 15)
2026-09-16 17:38:00,109 - __main__ - INFO - Executing tool: list_instances
2026-09-16 17:38:00,356 - httpx - INFO - HTTP Request: GET https://ap-ccs-oic-uat-axhknnpmgslz-si.integration.ap-singapore-1.ocp.oraclecloud.com/ic/api/integration/v1/monitoring/instances?q=%7Btimewindow+%3A+%273d%27%7D&limit=1&integrationInstance=ap-ccswacs-oic-dev-axhknnpmgslz-si "HTTP/1.1 307 Temporary Redirect"
2026-09-16 17:38:00,665 - httpx - INFO - HTTP Request: GET https://design.integration.ap-singapore-1.ocp.oraclecloud.com/ic/api/integration/v1/monitoring/instances?q=%7Btimewindow+%3A+%273d%27%7D&limit=1&integrationInstance=ap-ccswacs-oic-dev-axhknnpmgslz-si&integrationInstance=ap-ccs-oic-uat-axhknnpmgslz-si "HTTP/1.1 200 OK"
2026-09-16 17:38:00,667 - mcp_server.oic_client - INFO - HTTP request to /ic/api/integration/v1/monitoring/instances completed in 0.56s (Status: 200)
2026-09-16 17:38:00,667 - __main__ - INFO - Tool list_instances executed successfully in 0.56s
2026-09-16 17:38:00,668 - __main__ - INFO - Tool list_instances request completed in 0.56s total
2026-09-16 17:38:14,021 - __main__ - INFO - Received MCP request: tools/call (ID: 16)
2026-09-16 17:38:14,021 - __main__ - INFO - Executing tool: list_instances
2026-09-16 17:38:14,255 - httpx - INFO - HTTP Request: GET https://ap-ccs-oic-uat-axhknnpmgslz-si.integration.ap-singapore-1.ocp.oraclecloud.com/ic/api/integration/v1/monitoring/instances?q=%7Btimewindow+%3A+%27RETENTIONPERIOD%27%7D&limit=1000&integrationInstance=ap-ccswacs-oic-dev-axhknnpmgslz-si "HTTP/1.1 307 Temporary Redirect"
2026-09-16 17:38:14,543 - httpx - INFO - HTTP Request: GET https://design.integration.ap-singapore-1.ocp.oraclecloud.com/ic/api/integration/v1/monitoring/instances?q=%7Btimewindow+%3A+%27RETENTIONPERIOD%27%7D&limit=1000&integrationInstance=ap-ccswacs-oic-dev-axhknnpmgslz-si&integrationInstance=ap-ccs-oic-uat-axhknnpmgslz-si "HTTP/1.1 400 Bad Request"
2026-09-16 17:38:14,545 - mcp_server.oic_client - INFO - HTTP request to /ic/api/integration/v1/monitoring/instances completed in 0.52s (Status: 400)
2026-09-16 17:38:14,546 - __main__ - ERROR - Tool list_instances failed after 0.52s: Client error '400 Bad Request' for url 'https://design.integration.ap-singapore-1.ocp.oraclecloud.com/ic/api/integration/v1/monitoring/instances?q=%7Btimewindow+%3A+%27RETENTIONPERIOD%27%7D&limit=1000&integrationInstance=ap-ccswacs-oic-dev-axhknnpmgslz-si&integrationInstance=ap-ccs-oic-uat-axhknnpmgslz-si'
For more information check: https://developer.mozilla.org/en-US/docs/Web/HTTP/Status/400
2026-09-16 17:38:18,109 - __main__ - INFO - Received MCP request: tools/call (ID: 17)
2026-09-16 17:38:18,110 - __main__ - INFO - Executing tool: list_instances
2026-09-16 17:38:18,169 - httpx - INFO - HTTP Request: GET https://ap-ccs-oic-uat-axhknnpmgslz-si.integration.ap-singapore-1.ocp.oraclecloud.com/ic/api/integration/v1/monitoring/instances?q=%7Btimewindow+%3A+%27RETENTIONPERIOD%27%7D&limit=500&integrationInstance=ap-ccswacs-oic-dev-axhknnpmgslz-si "HTTP/1.1 307 Temporary Redirect"
2026-09-16 17:38:18,309 - httpx - INFO - HTTP Request: GET https://design.integration.ap-singapore-1.ocp.oraclecloud.com/ic/api/integration/v1/monitoring/instances?q=%7Btimewindow+%3A+%27RETENTIONPERIOD%27%7D&limit=500&integrationInstance=ap-ccswacs-oic-dev-axhknnpmgslz-si&integrationInstance=ap-ccs-oic-uat-axhknnpmgslz-si "HTTP/1.1 400 Bad Request"
2026-09-16 17:38:18,312 - mcp_server.oic_client - INFO - HTTP request to /ic/api/integration/v1/monitoring/instances completed in 0.20s (Status: 400)
2026-09-16 17:38:18,313 - __main__ - ERROR - Tool list_instances failed after 0.20s: Client error '400 Bad Request' for url 'https://design.integration.ap-singapore-1.ocp.oraclecloud.com/ic/api/integration/v1/monitoring/instances?q=%7Btimewindow+%3A+%27RETENTIONPERIOD%27%7D&limit=500&integrationInstance=ap-ccswacs-oic-dev-axhknnpmgslz-si&integrationInstance=ap-ccs-oic-uat-axhknnpmgslz-si'
For more information check: https://developer.mozilla.org/en-US/docs/Web/HTTP/Status/400
2026-09-16 17:38:22,074 - __main__ - INFO - Received MCP request: tools/call (ID: 18)
2026-09-16 17:38:22,075 - __main__ - INFO - Executing tool: list_instances
2026-09-16 17:38:22,138 - httpx - INFO - HTTP Request: GET https://ap-ccs-oic-uat-axhknnpmgslz-si.integration.ap-singapore-1.ocp.oraclecloud.com/ic/api/integration/v1/monitoring/instances?q=%7Btimewindow+%3A+%27RETENTIONPERIOD%27%7D&limit=100&integrationInstance=ap-ccswacs-oic-dev-axhknnpmgslz-si "HTTP/1.1 307 Temporary Redirect"
2026-09-16 17:38:22,206 - httpx - INFO - HTTP Request: GET https://design.integration.ap-singapore-1.ocp.oraclecloud.com/ic/api/integration/v1/monitoring/instances?q=%7Btimewindow+%3A+%27RETENTIONPERIOD%27%7D&limit=100&integrationInstance=ap-ccswacs-oic-dev-axhknnpmgslz-si&integrationInstance=ap-ccs-oic-uat-axhknnpmgslz-si "HTTP/1.1 400 Bad Request"
2026-09-16 17:38:22,208 - mcp_server.oic_client - INFO - HTTP request to /ic/api/integration/v1/monitoring/instances completed in 0.13s (Status: 400)
2026-09-16 17:38:22,208 - __main__ - ERROR - Tool list_instances failed after 0.13s: Client error '400 Bad Request' for url 'https://design.integration.ap-singapore-1.ocp.oraclecloud.com/ic/api/integration/v1/monitoring/instances?q=%7Btimewindow+%3A+%27RETENTIONPERIOD%27%7D&limit=100&integrationInstance=ap-ccswacs-oic-dev-axhknnpmgslz-si&integrationInstance=ap-ccs-oic-uat-axhknnpmgslz-si'
For more information check: https://developer.mozilla.org/en-US/docs/Web/HTTP/Status/400
2026-09-16 17:38:28,255 - __main__ - INFO - Received MCP request: tools/call (ID: 19)
2026-09-16 17:38:28,255 - __main__ - INFO - Executing tool: list_instances
2026-09-16 17:38:28,493 - httpx - INFO - HTTP Request: GET https://ap-ccs-oic-uat-axhknnpmgslz-si.integration.ap-singapore-1.ocp.oraclecloud.com/ic/api/integration/v1/monitoring/instances?q=%7Btimewindow+%3A+%273d%27%7D&limit=200&integrationInstance=ap-ccswacs-oic-dev-axhknnpmgslz-si "HTTP/1.1 307 Temporary Redirect"
2026-09-16 17:38:28,841 - httpx - INFO - HTTP Request: GET https://design.integration.ap-singapore-1.ocp.oraclecloud.com/ic/api/integration/v1/monitoring/instances?q=%7Btimewindow+%3A+%273d%27%7D&limit=200&integrationInstance=ap-ccswacs-oic-dev-axhknnpmgslz-si&integrationInstance=ap-ccs-oic-uat-axhknnpmgslz-si "HTTP/1.1 400 Bad Request"
2026-09-16 17:38:28,842 - mcp_server.oic_client - INFO - HTTP request to /ic/api/integration/v1/monitoring/instances completed in 0.59s (Status: 400)
2026-09-16 17:38:28,842 - __main__ - ERROR - Tool list_instances failed after 0.59s: Client error '400 Bad Request' for url 'https://design.integration.ap-singapore-1.ocp.oraclecloud.com/ic/api/integration/v1/monitoring/instances?q=%7Btimewindow+%3A+%273d%27%7D&limit=200&integrationInstance=ap-ccswacs-oic-dev-axhknnpmgslz-si&integrationInstance=ap-ccs-oic-uat-axhknnpmgslz-si'
For more information check: https://developer.mozilla.org/en-US/docs/Web/HTTP/Status/400
2026-09-16 17:38:34,412 - __main__ - INFO - Received MCP request: tools/call (ID: 20)
2026-09-16 17:38:34,412 - __main__ - INFO - Executing tool: list_instances
2026-09-16 17:38:34,637 - httpx - INFO - HTTP Request: GET https://ap-ccs-oic-uat-axhknnpmgslz-si.integration.ap-singapore-1.ocp.oraclecloud.com/ic/api/integration/v1/monitoring/instances?q=%7Btimewindow+%3A+%273d%27%7D&limit=100&integrationInstance=ap-ccswacs-oic-dev-axhknnpmgslz-si "HTTP/1.1 307 Temporary Redirect"
2026-09-16 17:38:34,930 - httpx - INFO - HTTP Request: GET https://design.integration.ap-singapore-1.ocp.oraclecloud.com/ic/api/integration/v1/monitoring/instances?q=%7Btimewindow+%3A+%273d%27%7D&limit=100&integrationInstance=ap-ccswacs-oic-dev-axhknnpmgslz-si&integrationInstance=ap-ccs-oic-uat-axhknnpmgslz-si "HTTP/1.1 400 Bad Request"
2026-09-16 17:38:34,937 - mcp_server.oic_client - INFO - HTTP request to /ic/api/integration/v1/monitoring/instances completed in 0.52s (Status: 400)
2026-09-16 17:38:34,937 - __main__ - ERROR - Tool list_instances failed after 0.52s: Client error '400 Bad Request' for url 'https://design.integration.ap-singapore-1.ocp.oraclecloud.com/ic/api/integration/v1/monitoring/instances?q=%7Btimewindow+%3A+%273d%27%7D&limit=100&integrationInstance=ap-ccswacs-oic-dev-axhknnpmgslz-si&integrationInstance=ap-ccs-oic-uat-axhknnpmgslz-si'
For more information check: https://developer.mozilla.org/en-US/docs/Web/HTTP/Status/400
2026-09-16 17:38:42,309 - __main__ - INFO - Received MCP request: tools/call (ID: 21)
2026-09-16 17:38:42,309 - __main__ - INFO - Executing tool: list_instances
2026-09-16 17:38:42,540 - httpx - INFO - HTTP Request: GET https://ap-ccs-oic-uat-axhknnpmgslz-si.integration.ap-singapore-1.ocp.oraclecloud.com/ic/api/integration/v1/monitoring/instances?q=%7Btimewindow+%3A+%272d%27%7D&limit=50&integrationInstance=ap-ccswacs-oic-dev-axhknnpmgslz-si "HTTP/1.1 307 Temporary Redirect"
2026-09-16 17:38:42,862 - httpx - INFO - HTTP Request: GET https://design.integration.ap-singapore-1.ocp.oraclecloud.com/ic/api/integration/v1/monitoring/instances?q=%7Btimewindow+%3A+%272d%27%7D&limit=50&integrationInstance=ap-ccswacs-oic-dev-axhknnpmgslz-si&integrationInstance=ap-ccs-oic-uat-axhknnpmgslz-si "HTTP/1.1 200 OK"
2026-09-16 17:38:42,864 - mcp_server.oic_client - INFO - HTTP request to /ic/api/integration/v1/monitoring/instances completed in 0.55s (Status: 200)
2026-09-16 17:38:42,864 - __main__ - INFO - Tool list_instances executed successfully in 0.55s
2026-09-16 17:38:42,866 - __main__ - INFO - Tool list_instances request completed in 0.56s total
2026-09-16 17:38:49,533 - __main__ - INFO - Received MCP request: tools/call (ID: 22)
2026-09-16 17:38:49,534 - __main__ - INFO - Executing tool: list_instances
2026-09-16 17:38:49,768 - httpx - INFO - HTTP Request: GET https://ap-ccs-oic-uat-axhknnpmgslz-si.integration.ap-singapore-1.ocp.oraclecloud.com/ic/api/integration/v1/monitoring/instances?q=%7Btimewindow+%3A+%27RETENTIONPERIOD%27%7D&limit=50&integrationInstance=ap-ccswacs-oic-dev-axhknnpmgslz-si "HTTP/1.1 307 Temporary Redirect"
2026-09-16 17:38:50,099 - httpx - INFO - HTTP Request: GET https://design.integration.ap-singapore-1.ocp.oraclecloud.com/ic/api/integration/v1/monitoring/instances?q=%7Btimewindow+%3A+%27RETENTIONPERIOD%27%7D&limit=50&integrationInstance=ap-ccswacs-oic-dev-axhknnpmgslz-si&integrationInstance=ap-ccs-oic-uat-axhknnpmgslz-si "HTTP/1.1 200 OK"
2026-09-16 17:38:50,101 - mcp_server.oic_client - INFO - HTTP request to /ic/api/integration/v1/monitoring/instances completed in 0.57s (Status: 200)
2026-09-16 17:38:50,102 - __main__ - INFO - Tool list_instances executed successfully in 0.57s
2026-09-16 17:38:50,104 - __main__ - INFO - Tool list_instances request completed in 0.57s total
2026-09-16 17:39:11,795 - __main__ - INFO - Received MCP request: tools/call (ID: 23)
2026-09-16 17:39:11,795 - __main__ - INFO - Executing tool: list_instances
2026-09-16 17:39:12,027 - httpx - INFO - HTTP Request: GET https://ap-ccs-oic-uat-axhknnpmgslz-si.integration.ap-singapore-1.ocp.oraclecloud.com/ic/api/integration/v1/monitoring/instances?q=%7Bcode+%3A+%27APDU_OFSC_DXI_REQUES_COSTES%27%2C+timewindow+%3A+%272d%27%7D&limit=50&integrationInstance=ap-ccswacs-oic-dev-axhknnpmgslz-si "HTTP/1.1 307 Temporary Redirect"
2026-09-16 17:39:12,390 - httpx - INFO - HTTP Request: GET https://design.integration.ap-singapore-1.ocp.oraclecloud.com/ic/api/integration/v1/monitoring/instances?q=%7Bcode+%3A+%27APDU_OFSC_DXI_REQUES_COSTES%27%2C+timewindow+%3A+%272d%27%7D&limit=50&integrationInstance=ap-ccswacs-oic-dev-axhknnpmgslz-si&integrationInstance=ap-ccs-oic-uat-axhknnpmgslz-si "HTTP/1.1 200 OK"
2026-09-16 17:39:12,395 - mcp_server.oic_client - INFO - HTTP request to /ic/api/integration/v1/monitoring/instances completed in 0.60s (Status: 200)
2026-09-16 17:39:12,396 - __main__ - INFO - Tool list_instances executed successfully in 0.60s
2026-09-16 17:39:12,397 - __main__ - INFO - Tool list_instances request completed in 0.60s total
2026-09-16 17:39:17,146 - __main__ - INFO - Received MCP request: tools/call (ID: 24)
2026-09-16 17:39:17,147 - __main__ - INFO - Executing tool: list_instances
2026-09-16 17:39:17,370 - httpx - INFO - HTTP Request: GET https://ap-ccs-oic-uat-axhknnpmgslz-si.integration.ap-singapore-1.ocp.oraclecloud.com/ic/api/integration/v1/monitoring/instances?q=%7Bcode+%3A+%27APDU_OFSC_DXI_REQUES_COSTES%27%2C+timewindow+%3A+%273d%27%7D&limit=50&integrationInstance=ap-ccswacs-oic-dev-axhknnpmgslz-si "HTTP/1.1 307 Temporary Redirect"
2026-09-16 17:39:17,468 - httpx - INFO - HTTP Request: GET https://design.integration.ap-singapore-1.ocp.oraclecloud.com/ic/api/integration/v1/monitoring/instances?q=%7Bcode+%3A+%27APDU_OFSC_DXI_REQUES_COSTES%27%2C+timewindow+%3A+%273d%27%7D&limit=50&integrationInstance=ap-ccswacs-oic-dev-axhknnpmgslz-si&integrationInstance=ap-ccs-oic-uat-axhknnpmgslz-si "HTTP/1.1 200 OK"
2026-09-16 17:39:17,470 - mcp_server.oic_client - INFO - HTTP request to /ic/api/integration/v1/monitoring/instances completed in 0.32s (Status: 200)
2026-09-16 17:39:17,470 - __main__ - INFO - Tool list_instances executed successfully in 0.32s
2026-09-16 17:39:17,471 - __main__ - INFO - Tool list_instances request completed in 0.32s total
2026-09-16 17:39:21,693 - __main__ - INFO - Received MCP request: tools/call (ID: 25)
2026-09-16 17:39:21,694 - __main__ - INFO - Executing tool: list_instances
2026-09-16 17:39:21,753 - httpx - INFO - HTTP Request: GET https://ap-ccs-oic-uat-axhknnpmgslz-si.integration.ap-singapore-1.ocp.oraclecloud.com/ic/api/integration/v1/monitoring/instances?q=%7Bcode+%3A+%27APDU_OFSC_DXI_REQUES_COSTES%27%2C+timewindow+%3A+%27RETENTIONPERIOD%27%7D&limit=50&integrationInstance=ap-ccswacs-oic-dev-axhknnpmgslz-si "HTTP/1.1 307 Temporary Redirect"
2026-09-16 17:39:21,843 - httpx - INFO - HTTP Request: GET https://design.integration.ap-singapore-1.ocp.oraclecloud.com/ic/api/integration/v1/monitoring/instances?q=%7Bcode+%3A+%27APDU_OFSC_DXI_REQUES_COSTES%27%2C+timewindow+%3A+%27RETENTIONPERIOD%27%7D&limit=50&integrationInstance=ap-ccswacs-oic-dev-axhknnpmgslz-si&integrationInstance=ap-ccs-oic-uat-axhknnpmgslz-si "HTTP/1.1 200 OK"
2026-09-16 17:39:21,845 - mcp_server.oic_client - INFO - HTTP request to /ic/api/integration/v1/monitoring/instances completed in 0.15s (Status: 200)
2026-09-16 17:39:21,845 - __main__ - INFO - Tool list_instances executed successfully in 0.15s
2026-09-16 17:39:21,845 - __main__ - INFO - Tool list_instances request completed in 0.15s total
2026-09-16 17:39:29,873 - __main__ - INFO - Received MCP request: tools/call (ID: 26)
2026-09-16 17:39:29,873 - __main__ - INFO - Executing tool: list_project_instances
2026-09-16 17:39:30,102 - httpx - INFO - HTTP Request: GET https://ap-ccs-oic-uat-axhknnpmgslz-si.integration.ap-singapore-1.ocp.oraclecloud.com/ic/api/integration/v1/projects/APDU_WACS_DXI_GIS/monitoring/instances?q=%7BprojectId+%3A+%27APDU_WACS_DXI_GIS%27%2C+code+%3A+%27APDU_OFSC_DXI_REQUES_COSTES%27%2C+timewindow+%3A+%27RETENTIONPERIOD%27%7D&limit=50&integrationInstance=ap-ccswacs-oic-dev-axhknnpmgslz-si "HTTP/1.1 307 Temporary Redirect"
2026-09-16 17:39:30,358 - httpx - INFO - HTTP Request: GET https://design.integration.ap-singapore-1.ocp.oraclecloud.com/ic/api/integration/v1/projects/APDU_WACS_DXI_GIS/monitoring/instances?q=%7BprojectId+%3A+%27APDU_WACS_DXI_GIS%27%2C+code+%3A+%27APDU_OFSC_DXI_REQUES_COSTES%27%2C+timewindow+%3A+%27RETENTIONPERIOD%27%7D&limit=50&integrationInstance=ap-ccswacs-oic-dev-axhknnpmgslz-si&integrationInstance=ap-ccs-oic-uat-axhknnpmgslz-si "HTTP/1.1 404 Not Found"
2026-09-16 17:39:30,360 - mcp_server.oic_client - INFO - HTTP request to /ic/api/integration/v1/projects/APDU_WACS_DXI_GIS/monitoring/instances completed in 0.49s (Status: 404)
2026-09-16 17:39:30,419 - httpx - INFO - HTTP Request: GET https://ap-ccs-oic-uat-axhknnpmgslz-si.integration.ap-singapore-1.ocp.oraclecloud.com/ic/api/integration/v1/projects/APDU_WACS_DXI_GIS/instances?q=%7BprojectId+%3A+%27APDU_WACS_DXI_GIS%27%2C+code+%3A+%27APDU_OFSC_DXI_REQUES_COSTES%27%2C+timewindow+%3A+%27RETENTIONPERIOD%27%7D&limit=50&integrationInstance=ap-ccswacs-oic-dev-axhknnpmgslz-si "HTTP/1.1 307 Temporary Redirect"
2026-09-16 17:39:30,525 - httpx - INFO - HTTP Request: GET https://design.integration.ap-singapore-1.ocp.oraclecloud.com/ic/api/integration/v1/projects/APDU_WACS_DXI_GIS/instances?q=%7BprojectId+%3A+%27APDU_WACS_DXI_GIS%27%2C+code+%3A+%27APDU_OFSC_DXI_REQUES_COSTES%27%2C+timewindow+%3A+%27RETENTIONPERIOD%27%7D&limit=50&integrationInstance=ap-ccswacs-oic-dev-axhknnpmgslz-si&integrationInstance=ap-ccs-oic-uat-axhknnpmgslz-si "HTTP/1.1 404 Not Found"
2026-09-16 17:39:30,527 - mcp_server.oic_client - INFO - HTTP request to /ic/api/integration/v1/projects/APDU_WACS_DXI_GIS/instances completed in 0.17s (Status: 404)
2026-09-16 17:39:30,593 - httpx - INFO - HTTP Request: GET https://ap-ccs-oic-uat-axhknnpmgslz-si.integration.ap-singapore-1.ocp.oraclecloud.com/ic/api/integration/v1/monitoring/instances?q=%7BprojectId+%3A+%27APDU_WACS_DXI_GIS%27%2C+code+%3A+%27APDU_OFSC_DXI_REQUES_COSTES%27%2C+timewindow+%3A+%27RETENTIONPERIOD%27%7D&limit=50&integrationInstance=ap-ccswacs-oic-dev-axhknnpmgslz-si "HTTP/1.1 307 Temporary Redirect"
2026-09-16 17:39:30,662 - httpx - INFO - HTTP Request: GET https://design.integration.ap-singapore-1.ocp.oraclecloud.com/ic/api/integration/v1/monitoring/instances?q=%7BprojectId+%3A+%27APDU_WACS_DXI_GIS%27%2C+code+%3A+%27APDU_OFSC_DXI_REQUES_COSTES%27%2C+timewindow+%3A+%27RETENTIONPERIOD%27%7D&limit=50&integrationInstance=ap-ccswacs-oic-dev-axhknnpmgslz-si&integrationInstance=ap-ccs-oic-uat-axhknnpmgslz-si "HTTP/1.1 400 Bad Request"
2026-09-16 17:39:30,664 - mcp_server.oic_client - INFO - HTTP request to /ic/api/integration/v1/monitoring/instances completed in 0.14s (Status: 400)
2026-09-16 17:39:30,665 - __main__ - ERROR - Tool list_project_instances failed after 0.79s: Client error '400 Bad Request' for url 'https://design.integration.ap-singapore-1.ocp.oraclecloud.com/ic/api/integration/v1/monitoring/instances?q=%7BprojectId+%3A+%27APDU_WACS_DXI_GIS%27%2C+code+%3A+%27APDU_OFSC_DXI_REQUES_COSTES%27%2C+timewindow+%3A+%27RETENTIONPERIOD%27%7D&limit=50&integrationInstance=ap-ccswacs-oic-dev-axhknnpmgslz-si&integrationInstance=ap-ccs-oic-uat-axhknnpmgslz-si'
For more information check: https://developer.mozilla.org/en-US/docs/Web/HTTP/Status/400
2026-09-16 17:39:35,402 - __main__ - INFO - Received MCP request: tools/call (ID: 27)
2026-09-16 17:39:35,402 - __main__ - INFO - Executing tool: list_instances
2026-09-16 17:39:35,463 - httpx - INFO - HTTP Request: GET https://ap-ccs-oic-uat-axhknnpmgslz-si.integration.ap-singapore-1.ocp.oraclecloud.com/ic/api/integration/v1/monitoring/instances?q=%7Bcode+%3A+%27APDU_OFSC_DXI_REQUES_COSTES%27%2C+version+%3A+%2701.00.0005%27%2C+timewindow+%3A+%27RETENTIONPERIOD%27%7D&limit=50&integrationInstance=ap-ccswacs-oic-dev-axhknnpmgslz-si "HTTP/1.1 307 Temporary Redirect"
2026-09-16 17:39:35,545 - httpx - INFO - HTTP Request: GET https://design.integration.ap-singapore-1.ocp.oraclecloud.com/ic/api/integration/v1/monitoring/instances?q=%7Bcode+%3A+%27APDU_OFSC_DXI_REQUES_COSTES%27%2C+version+%3A+%2701.00.0005%27%2C+timewindow+%3A+%27RETENTIONPERIOD%27%7D&limit=50&integrationInstance=ap-ccswacs-oic-dev-axhknnpmgslz-si&integrationInstance=ap-ccs-oic-uat-axhknnpmgslz-si "HTTP/1.1 200 OK"
2026-09-16 17:39:35,547 - mcp_server.oic_client - INFO - HTTP request to /ic/api/integration/v1/monitoring/instances completed in 0.14s (Status: 200)
2026-09-16 17:39:35,548 - __main__ - INFO - Tool list_instances executed successfully in 0.15s
2026-09-16 17:39:35,549 - __main__ - INFO - Tool list_instances request completed in 0.15s total
2026-09-16 17:39:51,831 - __main__ - INFO - Received MCP request: tools/call (ID: 28)
2026-09-16 17:39:51,832 - __main__ - INFO - Executing tool: list_instances
2026-09-16 17:39:52,065 - httpx - INFO - HTTP Request: GET https://ap-ccs-oic-uat-axhknnpmgslz-si.integration.ap-singapore-1.ocp.oraclecloud.com/ic/api/integration/v1/monitoring/instances?q=%7Btimewindow+%3A+%27RETENTIONPERIOD%27%7D&limit=75&integrationInstance=ap-ccswacs-oic-dev-axhknnpmgslz-si "HTTP/1.1 307 Temporary Redirect"
2026-09-16 17:39:52,410 - httpx - INFO - HTTP Request: GET https://design.integration.ap-singapore-1.ocp.oraclecloud.com/ic/api/integration/v1/monitoring/instances?q=%7Btimewindow+%3A+%27RETENTIONPERIOD%27%7D&limit=75&integrationInstance=ap-ccswacs-oic-dev-axhknnpmgslz-si&integrationInstance=ap-ccs-oic-uat-axhknnpmgslz-si "HTTP/1.1 400 Bad Request"
2026-09-16 17:39:52,411 - mcp_server.oic_client - INFO - HTTP request to /ic/api/integration/v1/monitoring/instances completed in 0.58s (Status: 400)
2026-09-16 17:39:52,412 - __main__ - ERROR - Tool list_instances failed after 0.58s: Client error '400 Bad Request' for url 'https://design.integration.ap-singapore-1.ocp.oraclecloud.com/ic/api/integration/v1/monitoring/instances?q=%7Btimewindow+%3A+%27RETENTIONPERIOD%27%7D&limit=75&integrationInstance=ap-ccswacs-oic-dev-axhknnpmgslz-si&integrationInstance=ap-ccs-oic-uat-axhknnpmgslz-si'
For more information check: https://developer.mozilla.org/en-US/docs/Web/HTTP/Status/400
2026-09-16 17:40:11,403 - __main__ - INFO - Received MCP request: tools/call (ID: 29)
2026-09-16 17:40:11,403 - __main__ - INFO - Executing tool: list_instances
2026-09-16 17:40:11,629 - httpx - INFO - HTTP Request: GET https://ap-ccs-oic-uat-axhknnpmgslz-si.integration.ap-singapore-1.ocp.oraclecloud.com/ic/api/integration/v1/monitoring/instances?q=%7Bcode+%3A+%27OUTL-BA-OFSC_WACS_WORK_ORDER%27%2C+timewindow+%3A+%273d%27%7D&limit=50&integrationInstance=ap-ccswacs-oic-dev-axhknnpmgslz-si "HTTP/1.1 307 Temporary Redirect"
2026-09-16 17:40:11,912 - httpx - INFO - HTTP Request: GET https://design.integration.ap-singapore-1.ocp.oraclecloud.com/ic/api/integration/v1/monitoring/instances?q=%7Bcode+%3A+%27OUTL-BA-OFSC_WACS_WORK_ORDER%27%2C+timewindow+%3A+%273d%27%7D&limit=50&integrationInstance=ap-ccswacs-oic-dev-axhknnpmgslz-si&integrationInstance=ap-ccs-oic-uat-axhknnpmgslz-si "HTTP/1.1 200 OK"
2026-09-16 17:40:11,914 - mcp_server.oic_client - INFO - HTTP request to /ic/api/integration/v1/monitoring/instances completed in 0.51s (Status: 200)
2026-09-16 17:40:11,914 - __main__ - INFO - Tool list_instances executed successfully in 0.51s
2026-09-16 17:40:11,914 - __main__ - INFO - Tool list_instances request completed in 0.51s total
2026-09-16 17:40:23,917 - __main__ - INFO - Received MCP request: tools/call (ID: 30)
2026-09-16 17:40:23,917 - __main__ - INFO - Executing tool: list_project_instances
2026-09-16 17:40:24,295 - httpx - INFO - HTTP Request: GET https://ap-ccs-oic-uat-axhknnpmgslz-si.integration.ap-singapore-1.ocp.oraclecloud.com/ic/api/integration/v1/projects/APDU_WACS_DXI_GIS/monitoring/instances?q=%7BprojectId+%3A+%27APDU_WACS_DXI_GIS%27%2C+timewindow+%3A+%27RETENTIONPERIOD%27%7D&limit=50&integrationInstance=ap-ccswacs-oic-dev-axhknnpmgslz-si "HTTP/1.1 307 Temporary Redirect"
2026-09-16 17:40:24,676 - httpx - INFO - HTTP Request: GET https://design.integration.ap-singapore-1.ocp.oraclecloud.com/ic/api/integration/v1/projects/APDU_WACS_DXI_GIS/monitoring/instances?q=%7BprojectId+%3A+%27APDU_WACS_DXI_GIS%27%2C+timewindow+%3A+%27RETENTIONPERIOD%27%7D&limit=50&integrationInstance=ap-ccswacs-oic-dev-axhknnpmgslz-si&integrationInstance=ap-ccs-oic-uat-axhknnpmgslz-si "HTTP/1.1 404 Not Found"
2026-09-16 17:40:24,678 - mcp_server.oic_client - INFO - HTTP request to /ic/api/integration/v1/projects/APDU_WACS_DXI_GIS/monitoring/instances completed in 0.76s (Status: 404)
2026-09-16 17:40:24,736 - httpx - INFO - HTTP Request: GET https://ap-ccs-oic-uat-axhknnpmgslz-si.integration.ap-singapore-1.ocp.oraclecloud.com/ic/api/integration/v1/projects/APDU_WACS_DXI_GIS/instances?q=%7BprojectId+%3A+%27APDU_WACS_DXI_GIS%27%2C+timewindow+%3A+%27RETENTIONPERIOD%27%7D&limit=50&integrationInstance=ap-ccswacs-oic-dev-axhknnpmgslz-si "HTTP/1.1 307 Temporary Redirect"
2026-09-16 17:40:24,835 - httpx - INFO - HTTP Request: GET https://design.integration.ap-singapore-1.ocp.oraclecloud.com/ic/api/integration/v1/projects/APDU_WACS_DXI_GIS/instances?q=%7BprojectId+%3A+%27APDU_WACS_DXI_GIS%27%2C+timewindow+%3A+%27RETENTIONPERIOD%27%7D&limit=50&integrationInstance=ap-ccswacs-oic-dev-axhknnpmgslz-si&integrationInstance=ap-ccs-oic-uat-axhknnpmgslz-si "HTTP/1.1 404 Not Found"
2026-09-16 17:40:24,837 - mcp_server.oic_client - INFO - HTTP request to /ic/api/integration/v1/projects/APDU_WACS_DXI_GIS/instances completed in 0.16s (Status: 404)
2026-09-16 17:40:24,894 - httpx - INFO - HTTP Request: GET https://ap-ccs-oic-uat-axhknnpmgslz-si.integration.ap-singapore-1.ocp.oraclecloud.com/ic/api/integration/v1/monitoring/instances?q=%7BprojectId+%3A+%27APDU_WACS_DXI_GIS%27%2C+timewindow+%3A+%27RETENTIONPERIOD%27%7D&limit=50&integrationInstance=ap-ccswacs-oic-dev-axhknnpmgslz-si "HTTP/1.1 307 Temporary Redirect"
2026-09-16 17:40:24,962 - httpx - INFO - HTTP Request: GET https://design.integration.ap-singapore-1.ocp.oraclecloud.com/ic/api/integration/v1/monitoring/instances?q=%7BprojectId+%3A+%27APDU_WACS_DXI_GIS%27%2C+timewindow+%3A+%27RETENTIONPERIOD%27%7D&limit=50&integrationInstance=ap-ccswacs-oic-dev-axhknnpmgslz-si&integrationInstance=ap-ccs-oic-uat-axhknnpmgslz-si "HTTP/1.1 400 Bad Request"
2026-09-16 17:40:24,963 - mcp_server.oic_client - INFO - HTTP request to /ic/api/integration/v1/monitoring/instances completed in 0.13s (Status: 400)
2026-09-16 17:40:24,964 - __main__ - ERROR - Tool list_project_instances failed after 1.05s: Client error '400 Bad Request' for url 'https://design.integration.ap-singapore-1.ocp.oraclecloud.com/ic/api/integration/v1/monitoring/instances?q=%7BprojectId+%3A+%27APDU_WACS_DXI_GIS%27%2C+timewindow+%3A+%27RETENTIONPERIOD%27%7D&limit=50&integrationInstance=ap-ccswacs-oic-dev-axhknnpmgslz-si&integrationInstance=ap-ccs-oic-uat-axhknnpmgslz-si'
For more information check: https://developer.mozilla.org/en-US/docs/Web/HTTP/Status/400
2026-09-16 17:40:27,530 - __main__ - INFO - Received MCP request: tools/call (ID: 31)
2026-09-16 17:40:27,530 - __main__ - INFO - Executing tool: list_project_instances
2026-09-16 17:40:27,598 - httpx - INFO - HTTP Request: GET https://ap-ccs-oic-uat-axhknnpmgslz-si.integration.ap-singapore-1.ocp.oraclecloud.com/ic/api/integration/v1/projects/APDU_WACS_DXI_GIS/monitoring/instances?q=%7BprojectId+%3A+%27APDU_WACS_DXI_GIS%27%2C+timewindow+%3A+%273d%27%7D&limit=50&integrationInstance=ap-ccswacs-oic-dev-axhknnpmgslz-si "HTTP/1.1 307 Temporary Redirect"
2026-09-16 17:40:27,673 - httpx - INFO - HTTP Request: GET https://design.integration.ap-singapore-1.ocp.oraclecloud.com/ic/api/integration/v1/projects/APDU_WACS_DXI_GIS/monitoring/instances?q=%7BprojectId+%3A+%27APDU_WACS_DXI_GIS%27%2C+timewindow+%3A+%273d%27%7D&limit=50&integrationInstance=ap-ccswacs-oic-dev-axhknnpmgslz-si&integrationInstance=ap-ccs-oic-uat-axhknnpmgslz-si "HTTP/1.1 404 Not Found"
2026-09-16 17:40:27,674 - mcp_server.oic_client - INFO - HTTP request to /ic/api/integration/v1/projects/APDU_WACS_DXI_GIS/monitoring/instances completed in 0.14s (Status: 404)
2026-09-16 17:40:27,739 - httpx - INFO - HTTP Request: GET https://ap-ccs-oic-uat-axhknnpmgslz-si.integration.ap-singapore-1.ocp.oraclecloud.com/ic/api/integration/v1/projects/APDU_WACS_DXI_GIS/instances?q=%7BprojectId+%3A+%27APDU_WACS_DXI_GIS%27%2C+timewindow+%3A+%273d%27%7D&limit=50&integrationInstance=ap-ccswacs-oic-dev-axhknnpmgslz-si "HTTP/1.1 307 Temporary Redirect"
2026-09-16 17:40:27,807 - httpx - INFO - HTTP Request: GET https://design.integration.ap-singapore-1.ocp.oraclecloud.com/ic/api/integration/v1/projects/APDU_WACS_DXI_GIS/instances?q=%7BprojectId+%3A+%27APDU_WACS_DXI_GIS%27%2C+timewindow+%3A+%273d%27%7D&limit=50&integrationInstance=ap-ccswacs-oic-dev-axhknnpmgslz-si&integrationInstance=ap-ccs-oic-uat-axhknnpmgslz-si "HTTP/1.1 404 Not Found"
2026-09-16 17:40:27,808 - mcp_server.oic_client - INFO - HTTP request to /ic/api/integration/v1/projects/APDU_WACS_DXI_GIS/instances completed in 0.13s (Status: 404)
2026-09-16 17:40:27,867 - httpx - INFO - HTTP Request: GET https://ap-ccs-oic-uat-axhknnpmgslz-si.integration.ap-singapore-1.ocp.oraclecloud.com/ic/api/integration/v1/monitoring/instances?q=%7BprojectId+%3A+%27APDU_WACS_DXI_GIS%27%2C+timewindow+%3A+%273d%27%7D&limit=50&integrationInstance=ap-ccswacs-oic-dev-axhknnpmgslz-si "HTTP/1.1 307 Temporary Redirect"
2026-09-16 17:40:27,938 - httpx - INFO - HTTP Request: GET https://design.integration.ap-singapore-1.ocp.oraclecloud.com/ic/api/integration/v1/monitoring/instances?q=%7BprojectId+%3A+%27APDU_WACS_DXI_GIS%27%2C+timewindow+%3A+%273d%27%7D&limit=50&integrationInstance=ap-ccswacs-oic-dev-axhknnpmgslz-si&integrationInstance=ap-ccs-oic-uat-axhknnpmgslz-si "HTTP/1.1 400 Bad Request"
2026-09-16 17:40:27,940 - mcp_server.oic_client - INFO - HTTP request to /ic/api/integration/v1/monitoring/instances completed in 0.13s (Status: 400)
2026-09-16 17:40:27,940 - __main__ - ERROR - Tool list_project_instances failed after 0.41s: Client error '400 Bad Request' for url 'https://design.integration.ap-singapore-1.ocp.oraclecloud.com/ic/api/integration/v1/monitoring/instances?q=%7BprojectId+%3A+%27APDU_WACS_DXI_GIS%27%2C+timewindow+%3A+%273d%27%7D&limit=50&integrationInstance=ap-ccswacs-oic-dev-axhknnpmgslz-si&integrationInstance=ap-ccs-oic-uat-axhknnpmgslz-si'
For more information check: https://developer.mozilla.org/en-US/docs/Web/HTTP/Status/400
2026-09-16 17:40:30,838 - __main__ - INFO - Received MCP request: tools/call (ID: 32)
2026-09-16 17:40:30,839 - __main__ - INFO - Executing tool: list_project_instances
2026-09-16 17:40:30,897 - httpx - INFO - HTTP Request: GET https://ap-ccs-oic-uat-axhknnpmgslz-si.integration.ap-singapore-1.ocp.oraclecloud.com/ic/api/integration/v1/projects/APDU_WACS_DXI_GIS/monitoring/instances?q=%7BprojectId+%3A+%27APDU_WACS_DXI_GIS%27%2C+timewindow+%3A+%271d%27%7D&limit=50&integrationInstance=ap-ccswacs-oic-dev-axhknnpmgslz-si "HTTP/1.1 307 Temporary Redirect"
2026-09-16 17:40:30,963 - httpx - INFO - HTTP Request: GET https://design.integration.ap-singapore-1.ocp.oraclecloud.com/ic/api/integration/v1/projects/APDU_WACS_DXI_GIS/monitoring/instances?q=%7BprojectId+%3A+%27APDU_WACS_DXI_GIS%27%2C+timewindow+%3A+%271d%27%7D&limit=50&integrationInstance=ap-ccswacs-oic-dev-axhknnpmgslz-si&integrationInstance=ap-ccs-oic-uat-axhknnpmgslz-si "HTTP/1.1 404 Not Found"
2026-09-16 17:40:30,965 - mcp_server.oic_client - INFO - HTTP request to /ic/api/integration/v1/projects/APDU_WACS_DXI_GIS/monitoring/instances completed in 0.13s (Status: 404)
2026-09-16 17:40:31,024 - httpx - INFO - HTTP Request: GET https://ap-ccs-oic-uat-axhknnpmgslz-si.integration.ap-singapore-1.ocp.oraclecloud.com/ic/api/integration/v1/projects/APDU_WACS_DXI_GIS/instances?q=%7BprojectId+%3A+%27APDU_WACS_DXI_GIS%27%2C+timewindow+%3A+%271d%27%7D&limit=50&integrationInstance=ap-ccswacs-oic-dev-axhknnpmgslz-si "HTTP/1.1 307 Temporary Redirect"
2026-09-16 17:40:31,091 - httpx - INFO - HTTP Request: GET https://design.integration.ap-singapore-1.ocp.oraclecloud.com/ic/api/integration/v1/projects/APDU_WACS_DXI_GIS/instances?q=%7BprojectId+%3A+%27APDU_WACS_DXI_GIS%27%2C+timewindow+%3A+%271d%27%7D&limit=50&integrationInstance=ap-ccswacs-oic-dev-axhknnpmgslz-si&integrationInstance=ap-ccs-oic-uat-axhknnpmgslz-si "HTTP/1.1 404 Not Found"
2026-09-16 17:40:31,093 - mcp_server.oic_client - INFO - HTTP request to /ic/api/integration/v1/projects/APDU_WACS_DXI_GIS/instances completed in 0.13s (Status: 404)
2026-09-16 17:40:31,151 - httpx - INFO - HTTP Request: GET https://ap-ccs-oic-uat-axhknnpmgslz-si.integration.ap-singapore-1.ocp.oraclecloud.com/ic/api/integration/v1/monitoring/instances?q=%7BprojectId+%3A+%27APDU_WACS_DXI_GIS%27%2C+timewindow+%3A+%271d%27%7D&limit=50&integrationInstance=ap-ccswacs-oic-dev-axhknnpmgslz-si "HTTP/1.1 307 Temporary Redirect"
2026-09-16 17:40:31,217 - httpx - INFO - HTTP Request: GET https://design.integration.ap-singapore-1.ocp.oraclecloud.com/ic/api/integration/v1/monitoring/instances?q=%7BprojectId+%3A+%27APDU_WACS_DXI_GIS%27%2C+timewindow+%3A+%271d%27%7D&limit=50&integrationInstance=ap-ccswacs-oic-dev-axhknnpmgslz-si&integrationInstance=ap-ccs-oic-uat-axhknnpmgslz-si "HTTP/1.1 400 Bad Request"
2026-09-16 17:40:31,218 - mcp_server.oic_client - INFO - HTTP request to /ic/api/integration/v1/monitoring/instances completed in 0.12s (Status: 400)
2026-09-16 17:40:31,218 - __main__ - ERROR - Tool list_project_instances failed after 0.38s: Client error '400 Bad Request' for url 'https://design.integration.ap-singapore-1.ocp.oraclecloud.com/ic/api/integration/v1/monitoring/instances?q=%7BprojectId+%3A+%27APDU_WACS_DXI_GIS%27%2C+timewindow+%3A+%271d%27%7D&limit=50&integrationInstance=ap-ccswacs-oic-dev-axhknnpmgslz-si&integrationInstance=ap-ccs-oic-uat-axhknnpmgslz-si'
For more information check: https://developer.mozilla.org/en-US/docs/Web/HTTP/Status/400
2026-09-16 17:40:44,653 - __main__ - INFO - Received MCP request: tools/call (ID: 33)
2026-09-16 17:40:44,654 - __main__ - INFO - Executing tool: list_instances
2026-09-16 17:40:44,881 - httpx - INFO - HTTP Request: GET https://ap-ccs-oic-uat-axhknnpmgslz-si.integration.ap-singapore-1.ocp.oraclecloud.com/ic/api/integration/v1/monitoring/instances?q=%7Bstatus+%3A+%27COMPLETED%27%2C+timewindow+%3A+%27RETENTIONPERIOD%27%7D&limit=50&integrationInstance=ap-ccswacs-oic-dev-axhknnpmgslz-si "HTTP/1.1 307 Temporary Redirect"
2026-09-16 17:40:45,292 - httpx - INFO - HTTP Request: GET https://design.integration.ap-singapore-1.ocp.oraclecloud.com/ic/api/integration/v1/monitoring/instances?q=%7Bstatus+%3A+%27COMPLETED%27%2C+timewindow+%3A+%27RETENTIONPERIOD%27%7D&limit=50&integrationInstance=ap-ccswacs-oic-dev-axhknnpmgslz-si&integrationInstance=ap-ccs-oic-uat-axhknnpmgslz-si "HTTP/1.1 200 OK"
2026-09-16 17:40:45,294 - mcp_server.oic_client - INFO - HTTP request to /ic/api/integration/v1/monitoring/instances completed in 0.64s (Status: 200)
2026-09-16 17:40:45,295 - __main__ - INFO - Tool list_instances executed successfully in 0.64s
2026-09-16 17:40:45,297 - __main__ - INFO - Tool list_instances request completed in 0.64s total
2026-09-16 17:40:55,066 - __main__ - INFO - Received MCP request: tools/call (ID: 34)
2026-09-16 17:40:55,066 - __main__ - INFO - Executing tool: list_instances
2026-09-16 17:40:55,298 - httpx - INFO - HTTP Request: GET https://ap-ccs-oic-uat-axhknnpmgslz-si.integration.ap-singapore-1.ocp.oraclecloud.com/ic/api/integration/v1/monitoring/instances?q=%7Bstatus+%3A+%27FAILED%27%2C+timewindow+%3A+%27RETENTIONPERIOD%27%7D&limit=50&integrationInstance=ap-ccswacs-oic-dev-axhknnpmgslz-si "HTTP/1.1 307 Temporary Redirect"
2026-09-16 17:40:55,707 - httpx - INFO - HTTP Request: GET https://design.integration.ap-singapore-1.ocp.oraclecloud.com/ic/api/integration/v1/monitoring/instances?q=%7Bstatus+%3A+%27FAILED%27%2C+timewindow+%3A+%27RETENTIONPERIOD%27%7D&limit=50&integrationInstance=ap-ccswacs-oic-dev-axhknnpmgslz-si&integrationInstance=ap-ccs-oic-uat-axhknnpmgslz-si "HTTP/1.1 200 OK"
2026-09-16 17:40:55,708 - mcp_server.oic_client - INFO - HTTP request to /ic/api/integration/v1/monitoring/instances completed in 0.64s (Status: 200)
2026-09-16 17:40:55,709 - __main__ - INFO - Tool list_instances executed successfully in 0.64s
2026-09-16 17:40:55,712 - __main__ - INFO - Tool list_instances request completed in 0.65s total
2026-09-16 17:41:15,828 - __main__ - INFO - Received MCP request: tools/call (ID: 35)
2026-09-16 17:41:15,829 - __main__ - INFO - Executing tool: list_instances
2026-09-16 17:41:16,056 - httpx - INFO - HTTP Request: GET https://ap-ccs-oic-uat-axhknnpmgslz-si.integration.ap-singapore-1.ocp.oraclecloud.com/ic/api/integration/v1/monitoring/instances?q=%7Bstatus+%3A+%27RUNNING%27%2C+timewindow+%3A+%27RETENTIONPERIOD%27%7D&limit=50&integrationInstance=ap-ccswacs-oic-dev-axhknnpmgslz-si "HTTP/1.1 307 Temporary Redirect"
2026-09-16 17:41:16,375 - httpx - INFO - HTTP Request: GET https://design.integration.ap-singapore-1.ocp.oraclecloud.com/ic/api/integration/v1/monitoring/instances?q=%7Bstatus+%3A+%27RUNNING%27%2C+timewindow+%3A+%27RETENTIONPERIOD%27%7D&limit=50&integrationInstance=ap-ccswacs-oic-dev-axhknnpmgslz-si&integrationInstance=ap-ccs-oic-uat-axhknnpmgslz-si "HTTP/1.1 400 Bad Request"
2026-09-16 17:41:16,377 - mcp_server.oic_client - INFO - HTTP request to /ic/api/integration/v1/monitoring/instances completed in 0.55s (Status: 400)
2026-09-16 17:41:16,377 - __main__ - ERROR - Tool list_instances failed after 0.55s: Client error '400 Bad Request' for url 'https://design.integration.ap-singapore-1.ocp.oraclecloud.com/ic/api/integration/v1/monitoring/instances?q=%7Bstatus+%3A+%27RUNNING%27%2C+timewindow+%3A+%27RETENTIONPERIOD%27%7D&limit=50&integrationInstance=ap-ccswacs-oic-dev-axhknnpmgslz-si&integrationInstance=ap-ccs-oic-uat-axhknnpmgslz-si'
For more information check: https://developer.mozilla.org/en-US/docs/Web/HTTP/Status/400
2026-09-16 17:41:19,747 - __main__ - INFO - Received MCP request: tools/call (ID: 36)
2026-09-16 17:41:19,748 - __main__ - INFO - Executing tool: list_instances
2026-09-16 17:41:19,805 - httpx - INFO - HTTP Request: GET https://ap-ccs-oic-uat-axhknnpmgslz-si.integration.ap-singapore-1.ocp.oraclecloud.com/ic/api/integration/v1/monitoring/instances?q=%7Bstatus+%3A+%27ABORTED%27%2C+timewindow+%3A+%27RETENTIONPERIOD%27%7D&limit=50&integrationInstance=ap-ccswacs-oic-dev-axhknnpmgslz-si "HTTP/1.1 307 Temporary Redirect"
2026-09-16 17:41:19,971 - httpx - INFO - HTTP Request: GET https://design.integration.ap-singapore-1.ocp.oraclecloud.com/ic/api/integration/v1/monitoring/instances?q=%7Bstatus+%3A+%27ABORTED%27%2C+timewindow+%3A+%27RETENTIONPERIOD%27%7D&limit=50&integrationInstance=ap-ccswacs-oic-dev-axhknnpmgslz-si&integrationInstance=ap-ccs-oic-uat-axhknnpmgslz-si "HTTP/1.1 200 OK"
2026-09-16 17:41:19,974 - mcp_server.oic_client - INFO - HTTP request to /ic/api/integration/v1/monitoring/instances completed in 0.23s (Status: 200)
2026-09-16 17:41:19,974 - __main__ - INFO - Tool list_instances executed successfully in 0.23s
2026-09-16 17:41:19,975 - __main__ - INFO - Tool list_instances request completed in 0.23s total
2026-09-16 17:42:39,976 - __main__ - INFO - Received MCP request: tools/call (ID: 37)
2026-09-16 17:42:39,976 - __main__ - INFO - Executing tool: get_instance
2026-09-16 17:42:40,218 - httpx - INFO - HTTP Request: GET https://ap-ccs-oic-uat-axhknnpmgslz-si.integration.ap-singapore-1.ocp.oraclecloud.com/ic/api/integration/v1/monitoring/instances/qr9MnrGwEfGwSy-RLp9V4w?integrationInstance=ap-ccswacs-oic-dev-axhknnpmgslz-si "HTTP/1.1 307 Temporary Redirect"
2026-09-16 17:42:40,643 - httpx - INFO - HTTP Request: GET https://design.integration.ap-singapore-1.ocp.oraclecloud.com/ic/api/integration/v1/monitoring/instances/qr9MnrGwEfGwSy-RLp9V4w?integrationInstance=ap-ccswacs-oic-dev-axhknnpmgslz-si&integrationInstance=ap-ccs-oic-uat-axhknnpmgslz-si "HTTP/1.1 200 OK"
2026-09-16 17:42:40,644 - mcp_server.oic_client - INFO - HTTP request to /ic/api/integration/v1/monitoring/instances/qr9MnrGwEfGwSy-RLp9V4w completed in 0.67s (Status: 200)
2026-09-16 17:42:40,645 - __main__ - INFO - Tool get_instance executed successfully in 0.67s
2026-09-16 17:42:40,645 - __main__ - INFO - Tool get_instance request completed in 0.67s total
2026-09-16 17:42:41,497 - __main__ - INFO - Received MCP request: tools/call (ID: 38)
2026-09-16 17:42:41,497 - __main__ - INFO - Executing tool: get_instance_activity_stream_details
2026-09-16 17:42:41,558 - httpx - INFO - HTTP Request: GET https://ap-ccs-oic-uat-axhknnpmgslz-si.integration.ap-singapore-1.ocp.oraclecloud.com/ic/api/integration/v1/monitoring/instances/qr9MnrGwEfGwSy-RLp9V4w/activityStreamDetails?timezone=Asia%2FCalcutta&integrationInstance=ap-ccswacs-oic-dev-axhknnpmgslz-si "HTTP/1.1 307 Temporary Redirect"
2026-09-16 17:42:41,658 - httpx - INFO - HTTP Request: GET https://design.integration.ap-singapore-1.ocp.oraclecloud.com/ic/api/integration/v1/monitoring/instances/qr9MnrGwEfGwSy-RLp9V4w/activityStreamDetails?timezone=Asia%2FCalcutta&integrationInstance=ap-ccswacs-oic-dev-axhknnpmgslz-si&integrationInstance=ap-ccs-oic-uat-axhknnpmgslz-si "HTTP/1.1 200 OK"
2026-09-16 17:42:41,659 - mcp_server.oic_client - INFO - HTTP request to /ic/api/integration/v1/monitoring/instances/qr9MnrGwEfGwSy-RLp9V4w/activityStreamDetails completed in 0.16s (Status: 200)
2026-09-16 17:42:41,659 - __main__ - INFO - Tool get_instance_activity_stream_details executed successfully in 0.16s
2026-09-16 17:42:41,660 - __main__ - INFO - Tool get_instance_activity_stream_details request completed in 0.16s total
2026-09-16 17:44:02,511 - __main__ - INFO - Received MCP request: tools/call (ID: 39)
2026-09-16 17:44:02,512 - __main__ - INFO - Executing tool: get_instance
2026-09-16 17:44:02,744 - httpx - INFO - HTTP Request: GET https://ap-ccs-oic-uat-axhknnpmgslz-si.integration.ap-singapore-1.ocp.oraclecloud.com/ic/api/integration/v1/monitoring/instances/qOvr5rGwEfGEdllcTJrweg?integrationInstance=ap-ccswacs-oic-dev-axhknnpmgslz-si "HTTP/1.1 307 Temporary Redirect"
2026-09-16 17:44:03,158 - httpx - INFO - HTTP Request: GET https://design.integration.ap-singapore-1.ocp.oraclecloud.com/ic/api/integration/v1/monitoring/instances/qOvr5rGwEfGEdllcTJrweg?integrationInstance=ap-ccswacs-oic-dev-axhknnpmgslz-si&integrationInstance=ap-ccs-oic-uat-axhknnpmgslz-si "HTTP/1.1 200 OK"
2026-09-16 17:44:03,162 - mcp_server.oic_client - INFO - HTTP request to /ic/api/integration/v1/monitoring/instances/qOvr5rGwEfGEdllcTJrweg completed in 0.65s (Status: 200)
2026-09-16 17:44:03,163 - __main__ - INFO - Tool get_instance executed successfully in 0.65s
2026-09-16 17:44:03,164 - __main__ - INFO - Tool get_instance request completed in 0.65s total
2026-09-16 17:44:03,930 - __main__ - INFO - Received MCP request: tools/call (ID: 40)
2026-09-16 17:44:03,930 - __main__ - INFO - Executing tool: list_instances
2026-09-16 17:44:03,990 - httpx - INFO - HTTP Request: GET https://ap-ccs-oic-uat-axhknnpmgslz-si.integration.ap-singapore-1.ocp.oraclecloud.com/ic/api/integration/v1/monitoring/instances?q=%7Bstatus+%3A+%27FAILED%27%2C+timewindow+%3A+%27RETENTIONPERIOD%27%7D&limit=50&integrationInstance=ap-ccswacs-oic-dev-axhknnpmgslz-si "HTTP/1.1 307 Temporary Redirect"
2026-09-16 17:44:04,190 - httpx - INFO - HTTP Request: GET https://design.integration.ap-singapore-1.ocp.oraclecloud.com/ic/api/integration/v1/monitoring/instances?q=%7Bstatus+%3A+%27FAILED%27%2C+timewindow+%3A+%27RETENTIONPERIOD%27%7D&limit=50&integrationInstance=ap-ccswacs-oic-dev-axhknnpmgslz-si&integrationInstance=ap-ccs-oic-uat-axhknnpmgslz-si "HTTP/1.1 200 OK"
2026-09-16 17:44:04,192 - mcp_server.oic_client - INFO - HTTP request to /ic/api/integration/v1/monitoring/instances completed in 0.26s (Status: 200)
2026-09-16 17:44:04,192 - __main__ - INFO - Tool list_instances executed successfully in 0.26s
2026-09-16 17:44:04,194 - __main__ - INFO - Tool list_instances request completed in 0.26s total
2026-09-16 17:44:08,523 - __main__ - INFO - Received MCP request: tools/call (ID: 41)
2026-09-16 17:44:08,523 - __main__ - INFO - Executing tool: get_instance_activity_stream_details
2026-09-16 17:44:08,582 - httpx - INFO - HTTP Request: GET https://ap-ccs-oic-uat-axhknnpmgslz-si.integration.ap-singapore-1.ocp.oraclecloud.com/ic/api/integration/v1/monitoring/instances/qOvr5rGwEfGEdllcTJrweg/activityStreamDetails?timezone=Asia%2FCalcutta&integrationInstance=ap-ccswacs-oic-dev-axhknnpmgslz-si "HTTP/1.1 307 Temporary Redirect"
2026-09-16 17:44:08,715 - httpx - INFO - HTTP Request: GET https://design.integration.ap-singapore-1.ocp.oraclecloud.com/ic/api/integration/v1/monitoring/instances/qOvr5rGwEfGEdllcTJrweg/activityStreamDetails?timezone=Asia%2FCalcutta&integrationInstance=ap-ccswacs-oic-dev-axhknnpmgslz-si&integrationInstance=ap-ccs-oic-uat-axhknnpmgslz-si "HTTP/1.1 200 OK"
2026-09-16 17:44:08,717 - mcp_server.oic_client - INFO - HTTP request to /ic/api/integration/v1/monitoring/instances/qOvr5rGwEfGEdllcTJrweg/activityStreamDetails completed in 0.19s (Status: 200)
2026-09-16 17:44:08,718 - __main__ - INFO - Tool get_instance_activity_stream_details executed successfully in 0.19s
2026-09-16 17:44:08,719 - __main__ - INFO - Tool get_instance_activity_stream_details request completed in 0.20s total
2026-09-16 17:44:37,817 - __main__ - INFO - Received MCP request: tools/call (ID: 42)
2026-09-16 17:44:37,817 - __main__ - INFO - Executing tool: get_instance
2026-09-16 17:44:38,055 - httpx - INFO - HTTP Request: GET https://ap-ccs-oic-uat-axhknnpmgslz-si.integration.ap-singapore-1.ocp.oraclecloud.com/ic/api/integration/v1/monitoring/instances/c8Dx3bGpEfG_r-k7teTULA?integrationInstance=ap-ccswacs-oic-dev-axhknnpmgslz-si "HTTP/1.1 307 Temporary Redirect"
2026-09-16 17:44:38,486 - httpx - INFO - HTTP Request: GET https://design.integration.ap-singapore-1.ocp.oraclecloud.com/ic/api/integration/v1/monitoring/instances/c8Dx3bGpEfG_r-k7teTULA?integrationInstance=ap-ccswacs-oic-dev-axhknnpmgslz-si&integrationInstance=ap-ccs-oic-uat-axhknnpmgslz-si "HTTP/1.1 200 OK"
2026-09-16 17:44:38,487 - mcp_server.oic_client - INFO - HTTP request to /ic/api/integration/v1/monitoring/instances/c8Dx3bGpEfG_r-k7teTULA completed in 0.67s (Status: 200)
2026-09-16 17:44:38,488 - __main__ - INFO - Tool get_instance executed successfully in 0.67s
2026-09-16 17:44:38,488 - __main__ - INFO - Tool get_instance request completed in 0.67s total
2026-09-16 17:44:39,313 - __main__ - INFO - Received MCP request: tools/call (ID: 43)
2026-09-16 17:44:39,313 - __main__ - INFO - Executing tool: get_instance_activity_stream_details
2026-09-16 17:44:39,372 - httpx - INFO - HTTP Request: GET https://ap-ccs-oic-uat-axhknnpmgslz-si.integration.ap-singapore-1.ocp.oraclecloud.com/ic/api/integration/v1/monitoring/instances/c8Dx3bGpEfG_r-k7teTULA/activityStreamDetails?timezone=Asia%2FCalcutta&integrationInstance=ap-ccswacs-oic-dev-axhknnpmgslz-si "HTTP/1.1 307 Temporary Redirect"
2026-09-16 17:44:39,460 - httpx - INFO - HTTP Request: GET https://design.integration.ap-singapore-1.ocp.oraclecloud.com/ic/api/integration/v1/monitoring/instances/c8Dx3bGpEfG_r-k7teTULA/activityStreamDetails?timezone=Asia%2FCalcutta&integrationInstance=ap-ccswacs-oic-dev-axhknnpmgslz-si&integrationInstance=ap-ccs-oic-uat-axhknnpmgslz-si "HTTP/1.1 200 OK"
2026-09-16 17:44:39,462 - mcp_server.oic_client - INFO - HTTP request to /ic/api/integration/v1/monitoring/instances/c8Dx3bGpEfG_r-k7teTULA/activityStreamDetails completed in 0.15s (Status: 200)
2026-09-16 17:44:39,462 - __main__ - INFO - Tool get_instance_activity_stream_details executed successfully in 0.15s
2026-09-16 17:44:39,463 - __main__ - INFO - Tool get_instance_activity_stream_details request completed in 0.15s total
2026-09-16 17:45:20,540 - __main__ - INFO - Received MCP request: tools/call (ID: 44)
2026-09-16 17:45:20,541 - __main__ - INFO - Executing tool: summarize_mappings
2026-09-16 17:45:20,541 - mcp_server.oic_client - INFO - Getting integration: APDU_OFSC_DXI_REQUES_COSTES, version: 01.00.0005
2026-09-16 17:45:20,780 - httpx - INFO - HTTP Request: GET https://ap-ccs-oic-uat-axhknnpmgslz-si.integration.ap-singapore-1.ocp.oraclecloud.com/ic/api/integration/v1/integrations/APDU_OFSC_DXI_REQUES_COSTES%7C01.00.0005?integrationInstance=ap-ccswacs-oic-dev-axhknnpmgslz-si "HTTP/1.1 307 Temporary Redirect"
2026-09-16 17:45:21,165 - httpx - INFO - HTTP Request: GET https://design.integration.ap-singapore-1.ocp.oraclecloud.com/ic/api/integration/v1/integrations/APDU_OFSC_DXI_REQUES_COSTES%7C01.00.0005?integrationInstance=ap-ccswacs-oic-dev-axhknnpmgslz-si&integrationInstance=ap-ccs-oic-uat-axhknnpmgslz-si "HTTP/1.1 404 Not Found"
2026-09-16 17:45:21,167 - mcp_server.oic_client - INFO - HTTP request to /ic/api/integration/v1/integrations/APDU_OFSC_DXI_REQUES_COSTES%7C01.00.0005 completed in 0.63s (Status: 404)
2026-09-16 17:45:21,167 - __main__ - ERROR - Tool summarize_mappings failed after 0.63s: Client error '404 Not Found' for url 'https://design.integration.ap-singapore-1.ocp.oraclecloud.com/ic/api/integration/v1/integrations/APDU_OFSC_DXI_REQUES_COSTES%7C01.00.0005?integrationInstance=ap-ccswacs-oic-dev-axhknnpmgslz-si&integrationInstance=ap-ccs-oic-uat-axhknnpmgslz-si'
For more information check: https://developer.mozilla.org/en-US/docs/Web/HTTP/Status/404
2026-09-16 17:48:51,459 - __main__ - INFO - Received MCP request: tools/call (ID: 45)
2026-09-16 17:48:51,460 - __main__ - INFO - Executing tool: get_instance
2026-09-16 17:48:51,790 - httpx - INFO - HTTP Request: GET https://ap-ccs-oic-uat-axhknnpmgslz-si.integration.ap-singapore-1.ocp.oraclecloud.com/ic/api/integration/v1/monitoring/instances/mn2DNa2iEfGhY1eIVd0flw?integrationInstance=ap-ccswacs-oic-dev-axhknnpmgslz-si "HTTP/1.1 307 Temporary Redirect"
2026-09-16 17:48:52,170 - httpx - INFO - HTTP Request: GET https://design.integration.ap-singapore-1.ocp.oraclecloud.com/ic/api/integration/v1/monitoring/instances/mn2DNa2iEfGhY1eIVd0flw?integrationInstance=ap-ccswacs-oic-dev-axhknnpmgslz-si&integrationInstance=ap-ccs-oic-uat-axhknnpmgslz-si "HTTP/1.1 200 OK"
2026-09-16 17:48:52,172 - mcp_server.oic_client - INFO - HTTP request to /ic/api/integration/v1/monitoring/instances/mn2DNa2iEfGhY1eIVd0flw completed in 0.71s (Status: 200)
2026-09-16 17:48:52,173 - __main__ - INFO - Tool get_instance executed successfully in 0.71s
2026-09-16 17:48:52,173 - __main__ - INFO - Tool get_instance request completed in 0.71s total
2026-09-16 17:48:52,969 - __main__ - INFO - Received MCP request: tools/call (ID: 46)
2026-09-16 17:48:52,969 - __main__ - INFO - Executing tool: get_instance_activity_stream_details
2026-09-16 17:48:53,033 - httpx - INFO - HTTP Request: GET https://ap-ccs-oic-uat-axhknnpmgslz-si.integration.ap-singapore-1.ocp.oraclecloud.com/ic/api/integration/v1/monitoring/instances/mn2DNa2iEfGhY1eIVd0flw/activityStreamDetails?timezone=Asia%2FCalcutta&integrationInstance=ap-ccswacs-oic-dev-axhknnpmgslz-si "HTTP/1.1 307 Temporary Redirect"
2026-09-16 17:48:53,133 - httpx - INFO - HTTP Request: GET https://design.integration.ap-singapore-1.ocp.oraclecloud.com/ic/api/integration/v1/monitoring/instances/mn2DNa2iEfGhY1eIVd0flw/activityStreamDetails?timezone=Asia%2FCalcutta&integrationInstance=ap-ccswacs-oic-dev-axhknnpmgslz-si&integrationInstance=ap-ccs-oic-uat-axhknnpmgslz-si "HTTP/1.1 200 OK"
2026-09-16 17:48:53,136 - mcp_server.oic_client - INFO - HTTP request to /ic/api/integration/v1/monitoring/instances/mn2DNa2iEfGhY1eIVd0flw/activityStreamDetails completed in 0.17s (Status: 200)
2026-09-16 17:48:53,136 - __main__ - INFO - Tool get_instance_activity_stream_details executed successfully in 0.17s
2026-09-16 17:48:53,137 - __main__ - INFO - Tool get_instance_activity_stream_details request completed in 0.17s total
2026-09-16 17:51:23,488 - __main__ - INFO - Received MCP request: tools/call (ID: 47)
2026-09-16 17:51:23,489 - __main__ - INFO - Executing tool: get_instance_activity_stream_details
2026-09-16 17:51:23,736 - httpx - INFO - HTTP Request: GET https://ap-ccs-oic-uat-axhknnpmgslz-si.integration.ap-singapore-1.ocp.oraclecloud.com/ic/api/integration/v1/monitoring/instances/mWl7AK2iEfGebU_JzknjsA/activityStreamDetails?timezone=Asia%2FCalcutta&integrationInstance=ap-ccswacs-oic-dev-axhknnpmgslz-si "HTTP/1.1 307 Temporary Redirect"
2026-09-16 17:51:24,135 - httpx - INFO - HTTP Request: GET https://design.integration.ap-singapore-1.ocp.oraclecloud.com/ic/api/integration/v1/monitoring/instances/mWl7AK2iEfGebU_JzknjsA/activityStreamDetails?timezone=Asia%2FCalcutta&integrationInstance=ap-ccswacs-oic-dev-axhknnpmgslz-si&integrationInstance=ap-ccs-oic-uat-axhknnpmgslz-si "HTTP/1.1 200 OK"
2026-09-16 17:51:24,138 - mcp_server.oic_client - INFO - HTTP request to /ic/api/integration/v1/monitoring/instances/mWl7AK2iEfGebU_JzknjsA/activityStreamDetails completed in 0.65s (Status: 200)
2026-09-16 17:51:24,139 - __main__ - INFO - Tool get_instance_activity_stream_details executed successfully in 0.65s
2026-09-16 17:51:24,140 - __main__ - INFO - Tool get_instance_activity_stream_details request completed in 0.65s total
2026-09-16 17:51:24,928 - __main__ - INFO - Received MCP request: tools/call (ID: 48)
2026-09-16 17:51:24,928 - __main__ - INFO - Executing tool: get_instance
2026-09-16 17:51:24,989 - httpx - INFO - HTTP Request: GET https://ap-ccs-oic-uat-axhknnpmgslz-si.integration.ap-singapore-1.ocp.oraclecloud.com/ic/api/integration/v1/monitoring/instances/lhtp9rGyEfGEwzfwYJoEuw?integrationInstance=ap-ccswacs-oic-dev-axhknnpmgslz-si "HTTP/1.1 307 Temporary Redirect"
2026-09-16 17:51:25,142 - httpx - INFO - HTTP Request: GET https://design.integration.ap-singapore-1.ocp.oraclecloud.com/ic/api/integration/v1/monitoring/instances/lhtp9rGyEfGEwzfwYJoEuw?integrationInstance=ap-ccswacs-oic-dev-axhknnpmgslz-si&integrationInstance=ap-ccs-oic-uat-axhknnpmgslz-si "HTTP/1.1 200 OK"
2026-09-16 17:51:25,145 - mcp_server.oic_client - INFO - HTTP request to /ic/api/integration/v1/monitoring/instances/lhtp9rGyEfGEwzfwYJoEuw completed in 0.22s (Status: 200)
2026-09-16 17:51:25,146 - __main__ - INFO - Tool get_instance executed successfully in 0.22s
2026-09-16 17:51:25,147 - __main__ - INFO - Tool get_instance request completed in 0.22s total
2026-09-16 18:04:08,121 - __main__ - INFO - WebSocket connection disconnected
2026-09-16 18:04:08,200 - __main__ - INFO - WebSocket connection disconnected
2026-09-16 18:04:44,177 - mcp_server.main - INFO - WebSocket connection accepted (subprotocol='mcp')
2026-09-16 18:04:44,208 - mcp_server.main - INFO - WebSocket connection disconnected
2026-09-16 18:04:44,209 - mcp_server.main - INFO - WebSocket connection accepted (subprotocol='mcp')
2026-09-16 18:04:44,234 - mcp_server.main - INFO - WebSocket connection disconnected
2026-09-16 18:04:44,490 - mcp_server.main - INFO - WebSocket connection accepted (subprotocol='mcp')
2026-09-16 18:04:44,499 - __main__ - INFO - WebSocket connection accepted (subprotocol='mcp')
2026-09-16 18:04:44,549 - mcp_server.main - INFO - WebSocket connection disconnected
2026-09-16 18:04:44,550 - __main__ - INFO - WebSocket connection disconnected
2026-09-16 18:04:44,651 - mcp_server.main - INFO - WebSocket connection accepted (subprotocol='mcp')
2026-09-16 18:04:44,669 - mcp_server.main - INFO - Received MCP request: initialize (ID: 0)
2026-09-16 18:04:44,704 - mcp_server.main - INFO - Processing initialize request
2026-09-16 18:04:44,712 - mcp_server.main - INFO - Initialize request completed
2026-09-16 18:04:44,719 - mcp_server.main - INFO - Received MCP request: notifications/initialized (ID: None)
2026-09-16 18:04:44,729 - mcp_server.main - ERROR - Unknown method: notifications/initialized
2026-09-16 18:04:44,732 - mcp_server.main - INFO - Received MCP request: tools/list (ID: 1)
2026-09-16 18:04:44,735 - mcp_server.main - INFO - Processing tools/list request
2026-09-16 18:04:44,741 - mcp_server.main - INFO - Tools list request completed
2026-09-16 18:04:44,819 - mcp_server.main - INFO - WebSocket connection accepted (subprotocol='mcp')
2026-09-16 18:04:44,846 - mcp_server.main - INFO - Received MCP request: initialize (ID: 0)
2026-09-16 18:04:44,850 - mcp_server.main - INFO - Processing initialize request
2026-09-16 18:04:44,851 - mcp_server.main - INFO - Initialize request completed
2026-09-16 18:04:44,861 - mcp_server.main - INFO - Received MCP request: notifications/initialized (ID: None)
2026-09-16 18:04:44,862 - mcp_server.main - ERROR - Unknown method: notifications/initialized
2026-09-16 18:04:44,863 - mcp_server.main - INFO - Received MCP request: tools/list (ID: 1)
2026-09-16 18:04:44,863 - mcp_server.main - INFO - Processing tools/list request
2026-09-16 18:04:44,865 - mcp_server.main - INFO - Tools list request completed
2026-09-16 18:04:44,976 - mcp_server.main - INFO - WebSocket connection accepted (subprotocol='mcp')
2026-09-16 18:04:45,012 - mcp_server.main - INFO - Received MCP request: initialize (ID: 0)
2026-09-16 18:04:45,014 - mcp_server.main - INFO - Processing initialize request
2026-09-16 18:04:45,017 - mcp_server.main - INFO - Initialize request completed
2026-09-16 18:04:45,019 - mcp_server.main - INFO - Received MCP request: notifications/initialized (ID: None)
2026-09-16 18:04:45,031 - mcp_server.main - ERROR - Unknown method: notifications/initialized
2026-09-16 18:04:45,049 - mcp_server.main - INFO - Received MCP request: tools/list (ID: 1)
2026-09-16 18:04:45,051 - mcp_server.main - INFO - Processing tools/list request
2026-09-16 18:04:45,066 - mcp_server.main - INFO - Tools list request completed
2026-09-16 18:04:45,085 - __main__ - INFO - WebSocket connection accepted (subprotocol='mcp')
2026-09-16 18:04:45,105 - __main__ - INFO - Received MCP request: initialize (ID: 0)
2026-09-16 18:04:45,109 - __main__ - INFO - Processing initialize request
2026-09-16 18:04:45,111 - __main__ - INFO - Initialize request completed
2026-09-16 18:04:45,114 - __main__ - INFO - Received MCP request: notifications/initialized (ID: None)
2026-09-16 18:04:45,115 - __main__ - ERROR - Unknown method: notifications/initialized
2026-09-16 18:04:45,117 - __main__ - INFO - Received MCP request: tools/list (ID: 1)
2026-09-16 18:04:45,118 - __main__ - INFO - Processing tools/list request
2026-09-16 18:04:45,121 - __main__ - INFO - Tools list request completed
2026-09-16 18:04:45,751 - mcp_server.main - INFO - WebSocket connection accepted (subprotocol='mcp')
2026-09-16 18:04:45,803 - mcp_server.main - INFO - Received MCP request: initialize (ID: 0)
2026-09-16 18:04:45,803 - mcp_server.main - INFO - Processing initialize request
2026-09-16 18:04:45,804 - mcp_server.main - INFO - Initialize request completed
2026-09-16 18:04:45,834 - mcp_server.main - INFO - Received MCP request: notifications/initialized (ID: None)
2026-09-16 18:04:45,841 - mcp_server.main - INFO - WebSocket connection accepted (subprotocol='mcp')
2026-09-16 18:04:45,858 - mcp_server.main - ERROR - Unknown method: notifications/initialized
2026-09-16 18:04:45,859 - mcp_server.main - INFO - Received MCP request: tools/list (ID: 1)
2026-09-16 18:04:45,863 - mcp_server.main - INFO - Processing tools/list request
2026-09-16 18:04:45,867 - mcp_server.main - INFO - Tools list request completed
2026-09-16 18:04:45,887 - mcp_server.main - INFO - Received MCP request: initialize (ID: 0)
2026-09-16 18:04:45,895 - mcp_server.main - INFO - Processing initialize request
2026-09-16 18:04:45,895 - mcp_server.main - INFO - Initialize request completed
2026-09-16 18:04:45,954 - __main__ - INFO - WebSocket connection accepted (subprotocol='mcp')
2026-09-16 18:04:45,964 - __main__ - INFO - Received MCP request: initialize (ID: 0)
2026-09-16 18:04:45,964 - __main__ - INFO - Processing initialize request
2026-09-16 18:04:45,964 - __main__ - INFO - Initialize request completed
2026-09-16 18:04:45,975 - mcp_server.main - INFO - Received MCP request: notifications/initialized (ID: None)
2026-09-16 18:04:45,975 - mcp_server.main - ERROR - Unknown method: notifications/initialized
2026-09-16 18:04:45,978 - mcp_server.main - INFO - Received MCP request: tools/list (ID: 1)
2026-09-16 18:04:45,979 - mcp_server.main - INFO - Processing tools/list request
2026-09-16 18:04:45,980 - mcp_server.main - INFO - Tools list request completed
2026-09-16 18:04:45,985 - __main__ - INFO - Received MCP request: notifications/initialized (ID: None)
2026-09-16 18:04:45,985 - __main__ - ERROR - Unknown method: notifications/initialized
2026-09-16 18:04:45,988 - __main__ - INFO - Received MCP request: tools/list (ID: 1)
2026-09-16 18:04:45,989 - __main__ - INFO - Processing tools/list request
2026-09-16 18:04:45,991 - __main__ - INFO - Tools list request completed
2026-09-16 18:04:45,993 - mcp_server.main - INFO - WebSocket connection accepted (subprotocol='mcp')
2026-09-16 18:04:46,005 - mcp_server.main - INFO - Received MCP request: initialize (ID: 0)
2026-09-16 18:04:46,005 - mcp_server.main - INFO - Processing initialize request
2026-09-16 18:04:46,005 - mcp_server.main - INFO - Initialize request completed
2026-09-16 18:04:46,031 - mcp_server.main - INFO - Received MCP request: notifications/initialized (ID: None)
2026-09-16 18:04:46,032 - mcp_server.main - ERROR - Unknown method: notifications/initialized
2026-09-16 18:04:46,034 - mcp_server.main - INFO - Received MCP request: tools/list (ID: 1)
2026-09-16 18:04:46,034 - mcp_server.main - INFO - Processing tools/list request
2026-09-16 18:04:46,035 - mcp_server.main - INFO - Tools list request completed
2026-09-16 18:06:19,542 - mcp_server.main - INFO - Received MCP request: tools/call (ID: 2)
2026-09-16 18:06:19,542 - mcp_server.main - INFO - Executing tool: search_integration_by_name
2026-09-16 18:06:19,543 - mcp_server.tools - INFO - Tool _call_search_integration_by_name called with params: {'name': 'DXi create work order'}
2026-09-16 18:06:19,544 - mcp_server.oic_client - INFO - Searching for integration by name: DXi create work order
2026-09-16 18:06:20,121 - mcp_server.oic_client - INFO - Fetching new OAuth token
2026-09-16 18:06:20,460 - httpx - INFO - HTTP Request: POST https://idcs-40ce518ee4354cb8b8a1f54926629fc0.identity.oraclecloud.com/oauth2/v1/token "HTTP/1.1 200 OK"
2026-09-16 18:06:20,462 - mcp_server.oic_client - INFO - OAuth token fetched successfully in 0.34s
2026-09-16 18:06:20,769 - httpx - INFO - HTTP Request: GET https://ap-ccs-oic-uat-axhknnpmgslz-si.integration.ap-singapore-1.ocp.oraclecloud.com/ic/api/integration/v1/integrations?limit=100&page=1&integrationInstance=ap-ccswacs-oic-dev-axhknnpmgslz-si "HTTP/1.1 307 Temporary Redirect"
2026-09-16 18:06:21,303 - httpx - INFO - HTTP Request: GET https://design.integration.ap-singapore-1.ocp.oraclecloud.com/ic/api/integration/v1/integrations?limit=100&page=1&integrationInstance=ap-ccswacs-oic-dev-axhknnpmgslz-si&integrationInstance=ap-ccs-oic-uat-axhknnpmgslz-si "HTTP/1.1 200 OK"
2026-09-16 18:06:21,306 - mcp_server.oic_client - INFO - HTTP request to /ic/api/integration/v1/integrations completed in 0.84s (Status: 200)
2026-09-16 18:06:21,306 - mcp_server.oic_client - INFO - Page 1: 0 integrations, hasMore: False
2026-09-16 18:06:21,306 - mcp_server.oic_client - INFO - Found 0 exact and 0 partial matches for 'DXi create work order' across 1 page(s)
2026-09-16 18:06:21,307 - mcp_server.tools - INFO - Tool _call_search_integration_by_name completed in 1.76s
2026-09-16 18:06:21,307 - mcp_server.main - INFO - Tool search_integration_by_name executed successfully in 1.76s
2026-09-16 18:06:21,308 - mcp_server.main - INFO - Tool search_integration_by_name request completed in 1.77s total
2026-09-16 18:06:31,154 - mcp_server.main - INFO - Received MCP request: tools/call (ID: 3)
2026-09-16 18:06:31,154 - mcp_server.main - INFO - Executing tool: list_integrations_search
2026-09-16 18:06:31,155 - mcp_server.tools - INFO - Starting list_integrations_search with terms: ['work order', 'workorder', 'DXi'], max_pages: 20, per_page: 50
2026-09-16 18:06:31,157 - mcp_server.tools - INFO - Searching page 1/20
2026-09-16 18:06:31,158 - mcp_server.oic_client - INFO - Calling list_integrations - only_activated: None, limit: 50, page: 1
2026-09-16 18:06:31,401 - httpx - INFO - HTTP Request: GET https://ap-ccs-oic-uat-axhknnpmgslz-si.integration.ap-singapore-1.ocp.oraclecloud.com/ic/api/integration/v1/integrations?limit=50&page=1&integrationInstance=ap-ccswacs-oic-dev-axhknnpmgslz-si "HTTP/1.1 307 Temporary Redirect"
2026-09-16 18:06:31,783 - httpx - INFO - HTTP Request: GET https://design.integration.ap-singapore-1.ocp.oraclecloud.com/ic/api/integration/v1/integrations?limit=50&page=1&integrationInstance=ap-ccswacs-oic-dev-axhknnpmgslz-si&integrationInstance=ap-ccs-oic-uat-axhknnpmgslz-si "HTTP/1.1 200 OK"
2026-09-16 18:06:31,788 - mcp_server.oic_client - INFO - HTTP request to /ic/api/integration/v1/integrations completed in 0.63s (Status: 200)
2026-09-16 18:06:31,789 - mcp_server.oic_client - INFO - list_integrations returned 0 items, total: 0, hasMore: False in 0.63s
2026-09-16 18:06:31,790 - mcp_server.tools - INFO - No items found on page 1, stopping search
2026-09-16 18:06:31,791 - mcp_server.tools - INFO - Search completed: found 0 matches across 0 pages
2026-09-16 18:06:31,792 - mcp_server.main - INFO - Tool list_integrations_search executed successfully in 0.64s
2026-09-16 18:06:31,793 - mcp_server.main - INFO - Tool list_integrations_search request completed in 0.64s total
2026-09-16 18:06:37,720 - mcp_server.main - INFO - Received MCP request: tools/call (ID: 4)
2026-09-16 18:06:37,721 - mcp_server.main - INFO - Executing tool: search_integration_by_name
2026-09-16 18:06:37,723 - mcp_server.tools - INFO - Tool _call_search_integration_by_name called with params: {'name': 'DXi'}
2026-09-16 18:06:37,723 - mcp_server.oic_client - INFO - Searching for integration by name: DXi
2026-09-16 18:06:37,958 - httpx - INFO - HTTP Request: GET https://ap-ccs-oic-uat-axhknnpmgslz-si.integration.ap-singapore-1.ocp.oraclecloud.com/ic/api/integration/v1/integrations?limit=100&page=1&integrationInstance=ap-ccswacs-oic-dev-axhknnpmgslz-si "HTTP/1.1 307 Temporary Redirect"
2026-09-16 18:06:38,537 - httpx - INFO - HTTP Request: GET https://design.integration.ap-singapore-1.ocp.oraclecloud.com/ic/api/integration/v1/integrations?limit=100&page=1&integrationInstance=ap-ccswacs-oic-dev-axhknnpmgslz-si&integrationInstance=ap-ccs-oic-uat-axhknnpmgslz-si "HTTP/1.1 200 OK"
2026-09-16 18:06:38,539 - mcp_server.oic_client - INFO - HTTP request to /ic/api/integration/v1/integrations completed in 0.82s (Status: 200)
2026-09-16 18:06:38,540 - mcp_server.oic_client - INFO - Page 1: 0 integrations, hasMore: False
2026-09-16 18:06:38,541 - mcp_server.oic_client - INFO - Found 0 exact and 0 partial matches for 'DXi' across 1 page(s)
2026-09-16 18:06:38,542 - mcp_server.tools - INFO - Tool _call_search_integration_by_name completed in 0.82s
2026-09-16 18:06:38,543 - mcp_server.main - INFO - Tool search_integration_by_name executed successfully in 0.82s
2026-09-16 18:06:38,544 - mcp_server.main - INFO - Tool search_integration_by_name request completed in 0.82s total
2026-09-16 18:06:52,776 - mcp_server.main - INFO - Received MCP request: tools/call (ID: 5)
2026-09-16 18:06:52,777 - mcp_server.main - INFO - Executing tool: list_integrations_search
2026-09-16 18:06:52,779 - mcp_server.tools - INFO - Starting list_integrations_search with terms: ['order'], max_pages: 20, per_page: 50
2026-09-16 18:06:52,781 - mcp_server.tools - INFO - Searching page 1/20
2026-09-16 18:06:52,782 - mcp_server.oic_client - INFO - Calling list_integrations - only_activated: None, limit: 50, page: 1
2026-09-16 18:06:53,021 - httpx - INFO - HTTP Request: GET https://ap-ccs-oic-uat-axhknnpmgslz-si.integration.ap-singapore-1.ocp.oraclecloud.com/ic/api/integration/v1/integrations?limit=50&page=1&integrationInstance=ap-ccswacs-oic-dev-axhknnpmgslz-si "HTTP/1.1 307 Temporary Redirect"
2026-09-16 18:06:53,601 - httpx - INFO - HTTP Request: GET https://design.integration.ap-singapore-1.ocp.oraclecloud.com/ic/api/integration/v1/integrations?limit=50&page=1&integrationInstance=ap-ccswacs-oic-dev-axhknnpmgslz-si&integrationInstance=ap-ccs-oic-uat-axhknnpmgslz-si "HTTP/1.1 200 OK"
2026-09-16 18:06:53,604 - mcp_server.oic_client - INFO - HTTP request to /ic/api/integration/v1/integrations completed in 0.82s (Status: 200)
2026-09-16 18:06:53,604 - mcp_server.oic_client - INFO - list_integrations returned 0 items, total: 0, hasMore: False in 0.82s
2026-09-16 18:06:53,604 - mcp_server.tools - INFO - No items found on page 1, stopping search
2026-09-16 18:06:53,606 - mcp_server.tools - INFO - Search completed: found 0 matches across 0 pages
2026-09-16 18:06:53,607 - mcp_server.main - INFO - Tool list_integrations_search executed successfully in 0.83s
2026-09-16 18:06:53,609 - mcp_server.main - INFO - Tool list_integrations_search request completed in 0.83s total
2026-09-16 18:07:01,998 - mcp_server.main - INFO - Received MCP request: tools/call (ID: 6)
2026-09-16 18:07:01,998 - mcp_server.main - INFO - Executing tool: list_all_integrations
2026-09-16 18:07:02,000 - mcp_server.tools - INFO - Tool _call_list_all_integrations called with params: {}
2026-09-16 18:07:02,002 - mcp_server.tools - INFO - Starting list_all_integrations with max_pages=100, per_page=100, only_activated=None
2026-09-16 18:07:02,002 - mcp_server.oic_client - INFO - Starting list_all_integrations - only_activated: None, max_pages: 100, per_page: 100
2026-09-16 18:07:02,236 - httpx - INFO - HTTP Request: GET https://ap-ccs-oic-uat-axhknnpmgslz-si.integration.ap-singapore-1.ocp.oraclecloud.com/ic/api/integration/v1/projects?limit=100&integrationInstance=ap-ccswacs-oic-dev-axhknnpmgslz-si "HTTP/1.1 307 Temporary Redirect"
2026-09-16 18:07:03,235 - httpx - INFO - HTTP Request: GET https://design.integration.ap-singapore-1.ocp.oraclecloud.com/ic/api/integration/v1/projects?limit=100&integrationInstance=ap-ccswacs-oic-dev-axhknnpmgslz-si&integrationInstance=ap-ccs-oic-uat-axhknnpmgslz-si "HTTP/1.1 200 OK"
2026-09-16 18:07:03,238 - mcp_server.oic_client - INFO - HTTP request to /ic/api/integration/v1/projects completed in 1.23s (Status: 200)
2026-09-16 18:07:03,301 - httpx - INFO - HTTP Request: GET https://ap-ccs-oic-uat-axhknnpmgslz-si.integration.ap-singapore-1.ocp.oraclecloud.com/ic/api/integration/v1/projects/APDU_WACS_OFSC/integrations?limit=100&integrationInstance=ap-ccswacs-oic-dev-axhknnpmgslz-si "HTTP/1.1 307 Temporary Redirect"
2026-09-16 18:07:04,003 - httpx - INFO - HTTP Request: GET https://design.integration.ap-singapore-1.ocp.oraclecloud.com/ic/api/integration/v1/projects/APDU_WACS_OFSC/integrations?limit=100&integrationInstance=ap-ccswacs-oic-dev-axhknnpmgslz-si&integrationInstance=ap-ccs-oic-uat-axhknnpmgslz-si "HTTP/1.1 200 OK"
2026-09-16 18:07:04,007 - mcp_server.oic_client - INFO - HTTP request to /ic/api/integration/v1/projects/APDU_WACS_OFSC/integrations completed in 0.77s (Status: 200)
2026-09-16 18:07:04,074 - httpx - INFO - HTTP Request: GET https://ap-ccs-oic-uat-axhknnpmgslz-si.integration.ap-singapore-1.ocp.oraclecloud.com/ic/api/integration/v1/projects/APDU_CBS_OFSC_FUSIONPA/integrations?limit=100&integrationInstance=ap-ccswacs-oic-dev-axhknnpmgslz-si "HTTP/1.1 307 Temporary Redirect"
2026-09-16 18:07:04,227 - httpx - INFO - HTTP Request: GET https://design.integration.ap-singapore-1.ocp.oraclecloud.com/ic/api/integration/v1/projects/APDU_CBS_OFSC_FUSIONPA/integrations?limit=100&integrationInstance=ap-ccswacs-oic-dev-axhknnpmgslz-si&integrationInstance=ap-ccs-oic-uat-axhknnpmgslz-si "HTTP/1.1 200 OK"
2026-09-16 18:07:04,232 - mcp_server.oic_client - INFO - HTTP request to /ic/api/integration/v1/projects/APDU_CBS_OFSC_FUSIONPA/integrations completed in 0.22s (Status: 200)
2026-09-16 18:07:04,296 - httpx - INFO - HTTP Request: GET https://ap-ccs-oic-uat-axhknnpmgslz-si.integration.ap-singapore-1.ocp.oraclecloud.com/ic/api/integration/v1/projects/APDU_WACS_COMMON/integrations?limit=100&integrationInstance=ap-ccswacs-oic-dev-axhknnpmgslz-si "HTTP/1.1 307 Temporary Redirect"
2026-09-16 18:07:04,900 - httpx - INFO - HTTP Request: GET https://design.integration.ap-singapore-1.ocp.oraclecloud.com/ic/api/integration/v1/projects/APDU_WACS_COMMON/integrations?limit=100&integrationInstance=ap-ccswacs-oic-dev-axhknnpmgslz-si&integrationInstance=ap-ccs-oic-uat-axhknnpmgslz-si "HTTP/1.1 200 OK"
2026-09-16 18:07:04,905 - mcp_server.oic_client - INFO - HTTP request to /ic/api/integration/v1/projects/APDU_WACS_COMMON/integrations completed in 0.67s (Status: 200)
2026-09-16 18:07:04,967 - httpx - INFO - HTTP Request: GET https://ap-ccs-oic-uat-axhknnpmgslz-si.integration.ap-singapore-1.ocp.oraclecloud.com/ic/api/integration/v1/projects/TEST_AI/integrations?limit=100&integrationInstance=ap-ccswacs-oic-dev-axhknnpmgslz-si "HTTP/1.1 307 Temporary Redirect"
2026-09-16 18:07:05,154 - httpx - INFO - HTTP Request: GET https://design.integration.ap-singapore-1.ocp.oraclecloud.com/ic/api/integration/v1/projects/TEST_AI/integrations?limit=100&integrationInstance=ap-ccswacs-oic-dev-axhknnpmgslz-si&integrationInstance=ap-ccs-oic-uat-axhknnpmgslz-si "HTTP/1.1 200 OK"
2026-09-16 18:07:05,156 - mcp_server.oic_client - INFO - HTTP request to /ic/api/integration/v1/projects/TEST_AI/integrations completed in 0.25s (Status: 200)
2026-09-16 18:07:05,216 - httpx - INFO - HTTP Request: GET https://ap-ccs-oic-uat-axhknnpmgslz-si.integration.ap-singapore-1.ocp.oraclecloud.com/ic/api/integration/v1/projects/APDU_OFSC_ZENDESK/integrations?limit=100&integrationInstance=ap-ccswacs-oic-dev-axhknnpmgslz-si "HTTP/1.1 307 Temporary Redirect"
2026-09-16 18:07:05,375 - httpx - INFO - HTTP Request: GET https://design.integration.ap-singapore-1.ocp.oraclecloud.com/ic/api/integration/v1/projects/APDU_OFSC_ZENDESK/integrations?limit=100&integrationInstance=ap-ccswacs-oic-dev-axhknnpmgslz-si&integrationInstance=ap-ccs-oic-uat-axhknnpmgslz-si "HTTP/1.1 200 OK"
2026-09-16 18:07:05,379 - mcp_server.oic_client - INFO - HTTP request to /ic/api/integration/v1/projects/APDU_OFSC_ZENDESK/integrations completed in 0.22s (Status: 200)
2026-09-16 18:07:05,442 - httpx - INFO - HTTP Request: GET https://ap-ccs-oic-uat-axhknnpmgslz-si.integration.ap-singapore-1.ocp.oraclecloud.com/ic/api/integration/v1/projects/APDU_WACS_DXI_GIS/integrations?limit=100&integrationInstance=ap-ccswacs-oic-dev-axhknnpmgslz-si "HTTP/1.1 307 Temporary Redirect"
2026-09-16 18:07:05,602 - httpx - INFO - HTTP Request: GET https://design.integration.ap-singapore-1.ocp.oraclecloud.com/ic/api/integration/v1/projects/APDU_WACS_DXI_GIS/integrations?limit=100&integrationInstance=ap-ccswacs-oic-dev-axhknnpmgslz-si&integrationInstance=ap-ccs-oic-uat-axhknnpmgslz-si "HTTP/1.1 200 OK"
2026-09-16 18:07:05,607 - mcp_server.oic_client - INFO - HTTP request to /ic/api/integration/v1/projects/APDU_WACS_DXI_GIS/integrations completed in 0.23s (Status: 200)
2026-09-16 18:07:05,671 - httpx - INFO - HTTP Request: GET https://ap-ccs-oic-uat-axhknnpmgslz-si.integration.ap-singapore-1.ocp.oraclecloud.com/ic/api/integration/v1/projects/APDU_WACS_ARCGIS/integrations?limit=100&integrationInstance=ap-ccswacs-oic-dev-axhknnpmgslz-si "HTTP/1.1 307 Temporary Redirect"
2026-09-16 18:07:05,871 - httpx - INFO - HTTP Request: GET https://design.integration.ap-singapore-1.ocp.oraclecloud.com/ic/api/integration/v1/projects/APDU_WACS_ARCGIS/integrations?limit=100&integrationInstance=ap-ccswacs-oic-dev-axhknnpmgslz-si&integrationInstance=ap-ccs-oic-uat-axhknnpmgslz-si "HTTP/1.1 200 OK"
2026-09-16 18:07:05,876 - mcp_server.oic_client - INFO - HTTP request to /ic/api/integration/v1/projects/APDU_WACS_ARCGIS/integrations completed in 0.27s (Status: 200)
2026-09-16 18:07:05,941 - httpx - INFO - HTTP Request: GET https://ap-ccs-oic-uat-axhknnpmgslz-si.integration.ap-singapore-1.ocp.oraclecloud.com/ic/api/integration/v1/projects/KAFKA_TEST/integrations?limit=100&integrationInstance=ap-ccswacs-oic-dev-axhknnpmgslz-si "HTTP/1.1 307 Temporary Redirect"
2026-09-16 18:07:06,038 - httpx - INFO - HTTP Request: GET https://design.integration.ap-singapore-1.ocp.oraclecloud.com/ic/api/integration/v1/projects/KAFKA_TEST/integrations?limit=100&integrationInstance=ap-ccswacs-oic-dev-axhknnpmgslz-si&integrationInstance=ap-ccs-oic-uat-axhknnpmgslz-si "HTTP/1.1 200 OK"
2026-09-16 18:07:06,040 - mcp_server.oic_client - INFO - HTTP request to /ic/api/integration/v1/projects/KAFKA_TEST/integrations completed in 0.16s (Status: 200)
2026-09-16 18:07:06,102 - httpx - INFO - HTTP Request: GET https://ap-ccs-oic-uat-axhknnpmgslz-si.integration.ap-singapore-1.ocp.oraclecloud.com/ic/api/integration/v1/projects/ORDEREVENTPROJECT/integrations?limit=100&integrationInstance=ap-ccswacs-oic-dev-axhknnpmgslz-si "HTTP/1.1 307 Temporary Redirect"
2026-09-16 18:07:06,202 - httpx - INFO - HTTP Request: GET https://design.integration.ap-singapore-1.ocp.oraclecloud.com/ic/api/integration/v1/projects/ORDEREVENTPROJECT/integrations?limit=100&integrationInstance=ap-ccswacs-oic-dev-axhknnpmgslz-si&integrationInstance=ap-ccs-oic-uat-axhknnpmgslz-si "HTTP/1.1 200 OK"
2026-09-16 18:07:06,206 - mcp_server.oic_client - INFO - HTTP request to /ic/api/integration/v1/projects/ORDEREVENTPROJECT/integrations completed in 0.16s (Status: 200)
2026-09-16 18:07:06,280 - httpx - INFO - HTTP Request: GET https://ap-ccs-oic-uat-axhknnpmgslz-si.integration.ap-singapore-1.ocp.oraclecloud.com/ic/api/integration/v1/projects/EXPENSE_APPROVAL_PROJECT/integrations?limit=100&integrationInstance=ap-ccswacs-oic-dev-axhknnpmgslz-si "HTTP/1.1 307 Temporary Redirect"
2026-09-16 18:07:06,481 - httpx - INFO - HTTP Request: GET https://design.integration.ap-singapore-1.ocp.oraclecloud.com/ic/api/integration/v1/projects/EXPENSE_APPROVAL_PROJECT/integrations?limit=100&integrationInstance=ap-ccswacs-oic-dev-axhknnpmgslz-si&integrationInstance=ap-ccs-oic-uat-axhknnpmgslz-si "HTTP/1.1 200 OK"
2026-09-16 18:07:06,487 - mcp_server.oic_client - INFO - HTTP request to /ic/api/integration/v1/projects/EXPENSE_APPROVAL_PROJECT/integrations completed in 0.28s (Status: 200)
2026-09-16 18:07:06,548 - httpx - INFO - HTTP Request: GET https://ap-ccs-oic-uat-axhknnpmgslz-si.integration.ap-singapore-1.ocp.oraclecloud.com/ic/api/integration/v1/projects/EMPLOYEEONBOARDINGPROJECT/integrations?limit=100&integrationInstance=ap-ccswacs-oic-dev-axhknnpmgslz-si "HTTP/1.1 307 Temporary Redirect"
2026-09-16 18:07:06,669 - httpx - INFO - HTTP Request: GET https://design.integration.ap-singapore-1.ocp.oraclecloud.com/ic/api/integration/v1/projects/EMPLOYEEONBOARDINGPROJECT/integrations?limit=100&integrationInstance=ap-ccswacs-oic-dev-axhknnpmgslz-si&integrationInstance=ap-ccs-oic-uat-axhknnpmgslz-si "HTTP/1.1 200 OK"
2026-09-16 18:07:06,673 - mcp_server.oic_client - INFO - HTTP request to /ic/api/integration/v1/projects/EMPLOYEEONBOARDINGPROJECT/integrations completed in 0.19s (Status: 200)
2026-09-16 18:07:06,739 - httpx - INFO - HTTP Request: GET https://ap-ccs-oic-uat-axhknnpmgslz-si.integration.ap-singapore-1.ocp.oraclecloud.com/ic/api/integration/v1/projects/OUTL-BA-WACS_OFSC/integrations?limit=100&integrationInstance=ap-ccswacs-oic-dev-axhknnpmgslz-si "HTTP/1.1 307 Temporary Redirect"
2026-09-16 18:07:07,022 - httpx - INFO - HTTP Request: GET https://design.integration.ap-singapore-1.ocp.oraclecloud.com/ic/api/integration/v1/projects/OUTL-BA-WACS_OFSC/integrations?limit=100&integrationInstance=ap-ccswacs-oic-dev-axhknnpmgslz-si&integrationInstance=ap-ccs-oic-uat-axhknnpmgslz-si "HTTP/1.1 200 OK"
2026-09-16 18:07:07,027 - mcp_server.oic_client - INFO - HTTP request to /ic/api/integration/v1/projects/OUTL-BA-WACS_OFSC/integrations completed in 0.35s (Status: 200)
2026-09-16 18:07:07,092 - httpx - INFO - HTTP Request: GET https://ap-ccs-oic-uat-axhknnpmgslz-si.integration.ap-singapore-1.ocp.oraclecloud.com/ic/api/integration/v1/projects/OUTL-BA-WACS_ERPSCM/integrations?limit=100&integrationInstance=ap-ccswacs-oic-dev-axhknnpmgslz-si "HTTP/1.1 307 Temporary Redirect"
2026-09-16 18:07:07,400 - httpx - INFO - HTTP Request: GET https://design.integration.ap-singapore-1.ocp.oraclecloud.com/ic/api/integration/v1/projects/OUTL-BA-WACS_ERPSCM/integrations?limit=100&integrationInstance=ap-ccswacs-oic-dev-axhknnpmgslz-si&integrationInstance=ap-ccs-oic-uat-axhknnpmgslz-si "HTTP/1.1 200 OK"
2026-09-16 18:07:07,403 - mcp_server.oic_client - INFO - HTTP request to /ic/api/integration/v1/projects/OUTL-BA-WACS_ERPSCM/integrations completed in 0.37s (Status: 200)
2026-09-16 18:07:07,466 - httpx - INFO - HTTP Request: GET https://ap-ccs-oic-uat-axhknnpmgslz-si.integration.ap-singapore-1.ocp.oraclecloud.com/ic/api/integration/v1/projects/APDU_ODM_MDM/integrations?limit=100&integrationInstance=ap-ccswacs-oic-dev-axhknnpmgslz-si "HTTP/1.1 307 Temporary Redirect"
2026-09-16 18:07:07,590 - httpx - INFO - HTTP Request: GET https://design.integration.ap-singapore-1.ocp.oraclecloud.com/ic/api/integration/v1/projects/APDU_ODM_MDM/integrations?limit=100&integrationInstance=ap-ccswacs-oic-dev-axhknnpmgslz-si&integrationInstance=ap-ccs-oic-uat-axhknnpmgslz-si "HTTP/1.1 200 OK"
2026-09-16 18:07:07,592 - mcp_server.oic_client - INFO - HTTP request to /ic/api/integration/v1/projects/APDU_ODM_MDM/integrations completed in 0.19s (Status: 200)
2026-09-16 18:07:07,657 - httpx - INFO - HTTP Request: GET https://ap-ccs-oic-uat-axhknnpmgslz-si.integration.ap-singapore-1.ocp.oraclecloud.com/ic/api/integration/v1/projects/APDU_CCS_OFSC/integrations?limit=100&integrationInstance=ap-ccswacs-oic-dev-axhknnpmgslz-si "HTTP/1.1 307 Temporary Redirect"
2026-09-16 18:07:07,827 - httpx - INFO - HTTP Request: GET https://design.integration.ap-singapore-1.ocp.oraclecloud.com/ic/api/integration/v1/projects/APDU_CCS_OFSC/integrations?limit=100&integrationInstance=ap-ccswacs-oic-dev-axhknnpmgslz-si&integrationInstance=ap-ccs-oic-uat-axhknnpmgslz-si "HTTP/1.1 200 OK"
2026-09-16 18:07:07,833 - mcp_server.oic_client - INFO - HTTP request to /ic/api/integration/v1/projects/APDU_CCS_OFSC/integrations completed in 0.24s (Status: 200)
2026-09-16 18:07:07,895 - httpx - INFO - HTTP Request: GET https://ap-ccs-oic-uat-axhknnpmgslz-si.integration.ap-singapore-1.ocp.oraclecloud.com/ic/api/integration/v1/projects/OUTL-BA-CCS_OFSC/integrations?limit=100&integrationInstance=ap-ccswacs-oic-dev-axhknnpmgslz-si "HTTP/1.1 307 Temporary Redirect"
2026-09-16 18:07:08,057 - httpx - INFO - HTTP Request: GET https://design.integration.ap-singapore-1.ocp.oraclecloud.com/ic/api/integration/v1/projects/OUTL-BA-CCS_OFSC/integrations?limit=100&integrationInstance=ap-ccswacs-oic-dev-axhknnpmgslz-si&integrationInstance=ap-ccs-oic-uat-axhknnpmgslz-si "HTTP/1.1 200 OK"
2026-09-16 18:07:08,061 - mcp_server.oic_client - INFO - HTTP request to /ic/api/integration/v1/projects/OUTL-BA-CCS_OFSC/integrations completed in 0.23s (Status: 200)
2026-09-16 18:07:08,123 - httpx - INFO - HTTP Request: GET https://ap-ccs-oic-uat-axhknnpmgslz-si.integration.ap-singapore-1.ocp.oraclecloud.com/ic/api/integration/v1/projects/APDU_WACS_CCS/integrations?limit=100&integrationInstance=ap-ccswacs-oic-dev-axhknnpmgslz-si "HTTP/1.1 307 Temporary Redirect"
2026-09-16 18:07:08,260 - httpx - INFO - HTTP Request: GET https://design.integration.ap-singapore-1.ocp.oraclecloud.com/ic/api/integration/v1/projects/APDU_WACS_CCS/integrations?limit=100&integrationInstance=ap-ccswacs-oic-dev-axhknnpmgslz-si&integrationInstance=ap-ccs-oic-uat-axhknnpmgslz-si "HTTP/1.1 200 OK"
2026-09-16 18:07:08,265 - mcp_server.oic_client - INFO - HTTP request to /ic/api/integration/v1/projects/APDU_WACS_CCS/integrations completed in 0.20s (Status: 200)
2026-09-16 18:07:08,333 - httpx - INFO - HTTP Request: GET https://ap-ccs-oic-uat-axhknnpmgslz-si.integration.ap-singapore-1.ocp.oraclecloud.com/ic/api/integration/v1/projects/OUTL-BA-ARCGIS_WACS/integrations?limit=100&integrationInstance=ap-ccswacs-oic-dev-axhknnpmgslz-si "HTTP/1.1 307 Temporary Redirect"
2026-09-16 18:07:09,029 - httpx - INFO - HTTP Request: GET https://design.integration.ap-singapore-1.ocp.oraclecloud.com/ic/api/integration/v1/projects/OUTL-BA-ARCGIS_WACS/integrations?limit=100&integrationInstance=ap-ccswacs-oic-dev-axhknnpmgslz-si&integrationInstance=ap-ccs-oic-uat-axhknnpmgslz-si "HTTP/1.1 200 OK"
2026-09-16 18:07:09,031 - mcp_server.oic_client - INFO - HTTP request to /ic/api/integration/v1/projects/OUTL-BA-ARCGIS_WACS/integrations completed in 0.76s (Status: 200)
2026-09-16 18:07:09,032 - mcp_server.oic_client - INFO - Calling list_integrations - only_activated: None, limit: None, page: None
2026-09-16 18:07:09,092 - httpx - INFO - HTTP Request: GET https://ap-ccs-oic-uat-axhknnpmgslz-si.integration.ap-singapore-1.ocp.oraclecloud.com/ic/api/integration/v1/integrations?integrationInstance=ap-ccswacs-oic-dev-axhknnpmgslz-si "HTTP/1.1 307 Temporary Redirect"
2026-09-16 18:07:09,203 - httpx - INFO - HTTP Request: GET https://design.integration.ap-singapore-1.ocp.oraclecloud.com/ic/api/integration/v1/integrations?integrationInstance=ap-ccswacs-oic-dev-axhknnpmgslz-si&integrationInstance=ap-ccs-oic-uat-axhknnpmgslz-si "HTTP/1.1 200 OK"
2026-09-16 18:07:09,207 - mcp_server.oic_client - INFO - HTTP request to /ic/api/integration/v1/integrations completed in 0.17s (Status: 200)
2026-09-16 18:07:09,208 - mcp_server.oic_client - INFO - list_integrations returned 0 items, total: 0, hasMore: False in 0.18s
2026-09-16 18:07:09,209 - mcp_server.oic_client - INFO - Fetching page 1/100
2026-09-16 18:07:09,209 - mcp_server.oic_client - INFO - Calling list_integrations - only_activated: None, limit: 100, page: 1
2026-09-16 18:07:09,272 - httpx - INFO - HTTP Request: GET https://ap-ccs-oic-uat-axhknnpmgslz-si.integration.ap-singapore-1.ocp.oraclecloud.com/ic/api/integration/v1/integrations?limit=100&page=1&integrationInstance=ap-ccswacs-oic-dev-axhknnpmgslz-si "HTTP/1.1 307 Temporary Redirect"
2026-09-16 18:07:09,380 - httpx - INFO - HTTP Request: GET https://design.integration.ap-singapore-1.ocp.oraclecloud.com/ic/api/integration/v1/integrations?limit=100&page=1&integrationInstance=ap-ccswacs-oic-dev-axhknnpmgslz-si&integrationInstance=ap-ccs-oic-uat-axhknnpmgslz-si "HTTP/1.1 200 OK"
2026-09-16 18:07:09,384 - mcp_server.oic_client - INFO - HTTP request to /ic/api/integration/v1/integrations completed in 0.17s (Status: 200)
2026-09-16 18:07:09,386 - mcp_server.oic_client - INFO - list_integrations returned 0 items, total: 0, hasMore: False in 0.18s
2026-09-16 18:07:09,387 - mcp_server.oic_client - INFO - Page 1: API returned 0 items, totalResults: 0, hasMore: False
2026-09-16 18:07:09,387 - mcp_server.oic_client - INFO - No items found on page 1, stopping pagination
2026-09-16 18:07:09,387 - mcp_server.oic_client - INFO - list_all_integrations completed: fetched 95 unique integrations from 0 pages in 7.38s
2026-09-16 18:07:09,389 - mcp_server.tools - INFO - Tool _call_list_all_integrations completed in 7.39s - returned 95 integrations
2026-09-16 18:07:09,389 - mcp_server.main - INFO - Tool list_all_integrations executed successfully in 7.39s
2026-09-16 18:07:09,404 - mcp_server.main - INFO - Tool list_all_integrations request completed in 7.41s total
2026-09-16 18:07:12,152 - mcp_server.main - INFO - Received MCP request: tools/call (ID: 7)
2026-09-16 18:07:12,153 - mcp_server.main - INFO - Executing tool: list_projects
2026-09-16 18:07:12,154 - mcp_server.tools - INFO - Tool _call_list_projects called with params: {}
2026-09-16 18:07:12,219 - httpx - INFO - HTTP Request: GET https://ap-ccs-oic-uat-axhknnpmgslz-si.integration.ap-singapore-1.ocp.oraclecloud.com/ic/api/integration/v1/projects?integrationInstance=ap-ccswacs-oic-dev-axhknnpmgslz-si "HTTP/1.1 307 Temporary Redirect"
2026-09-16 18:07:12,354 - httpx - INFO - HTTP Request: GET https://design.integration.ap-singapore-1.ocp.oraclecloud.com/ic/api/integration/v1/projects?integrationInstance=ap-ccswacs-oic-dev-axhknnpmgslz-si&integrationInstance=ap-ccs-oic-uat-axhknnpmgslz-si "HTTP/1.1 200 OK"
2026-09-16 18:07:12,358 - mcp_server.oic_client - INFO - HTTP request to /ic/api/integration/v1/projects completed in 0.20s (Status: 200)
2026-09-16 18:07:12,359 - mcp_server.tools - INFO - Tool _call_list_projects completed in 0.20s
2026-09-16 18:07:12,360 - mcp_server.main - INFO - Tool list_projects executed successfully in 0.21s
2026-09-16 18:07:12,364 - mcp_server.main - INFO - Tool list_projects request completed in 0.21s total
2026-09-16 18:07:58,590 - mcp_server.main - INFO - Received MCP request: tools/call (ID: 8)
2026-09-16 18:07:58,590 - mcp_server.main - INFO - Executing tool: list_project_integrations
2026-09-16 18:07:58,592 - mcp_server.tools - INFO - Tool _call_list_project_integrations called with params: {'projectId': 'APDU_WACS_DXI_GIS'}
2026-09-16 18:07:58,821 - httpx - INFO - HTTP Request: GET https://ap-ccs-oic-uat-axhknnpmgslz-si.integration.ap-singapore-1.ocp.oraclecloud.com/ic/api/integration/v1/projects/APDU_WACS_DXI_GIS/integrations?integrationInstance=ap-ccswacs-oic-dev-axhknnpmgslz-si "HTTP/1.1 307 Temporary Redirect"
2026-09-16 18:07:59,360 - httpx - INFO - HTTP Request: GET https://design.integration.ap-singapore-1.ocp.oraclecloud.com/ic/api/integration/v1/projects/APDU_WACS_DXI_GIS/integrations?integrationInstance=ap-ccswacs-oic-dev-axhknnpmgslz-si&integrationInstance=ap-ccs-oic-uat-axhknnpmgslz-si "HTTP/1.1 200 OK"
2026-09-16 18:07:59,363 - mcp_server.oic_client - INFO - HTTP request to /ic/api/integration/v1/projects/APDU_WACS_DXI_GIS/integrations completed in 0.77s (Status: 200)
2026-09-16 18:07:59,364 - mcp_server.tools - INFO - Tool _call_list_project_integrations completed in 0.77s
2026-09-16 18:07:59,364 - mcp_server.main - INFO - Tool list_project_integrations executed successfully in 0.77s
2026-09-16 18:07:59,367 - mcp_server.main - INFO - Tool list_project_integrations request completed in 0.78s total
2026-09-16 18:08:18,661 - mcp_server.main - INFO - Received MCP request: tools/call (ID: 9)
2026-09-16 18:08:18,661 - mcp_server.main - INFO - Executing tool: list_project_instances
2026-09-16 18:08:18,902 - httpx - INFO - HTTP Request: GET https://ap-ccs-oic-uat-axhknnpmgslz-si.integration.ap-singapore-1.ocp.oraclecloud.com/ic/api/integration/v1/projects/APDU_WACS_DXI_GIS/monitoring/instances?q=%7BprojectId+%3A+%27APDU_WACS_DXI_GIS%27%2C+code+%3A+%27APDU_WACS_DXI_CREATEWO%27%2C+version+%3A+%2701.00.0002%27%2C+timewindow+%3A+%273d%27%7D&integrationInstance=ap-ccswacs-oic-dev-axhknnpmgslz-si "HTTP/1.1 307 Temporary Redirect"
2026-09-16 18:08:19,183 - httpx - INFO - HTTP Request: GET https://design.integration.ap-singapore-1.ocp.oraclecloud.com/ic/api/integration/v1/projects/APDU_WACS_DXI_GIS/monitoring/instances?q=%7BprojectId+%3A+%27APDU_WACS_DXI_GIS%27%2C+code+%3A+%27APDU_WACS_DXI_CREATEWO%27%2C+version+%3A+%2701.00.0002%27%2C+timewindow+%3A+%273d%27%7D&integrationInstance=ap-ccswacs-oic-dev-axhknnpmgslz-si&integrationInstance=ap-ccs-oic-uat-axhknnpmgslz-si "HTTP/1.1 404 Not Found"
2026-09-16 18:08:19,186 - mcp_server.oic_client - INFO - HTTP request to /ic/api/integration/v1/projects/APDU_WACS_DXI_GIS/monitoring/instances completed in 0.52s (Status: 404)
2026-09-16 18:08:19,248 - httpx - INFO - HTTP Request: GET https://ap-ccs-oic-uat-axhknnpmgslz-si.integration.ap-singapore-1.ocp.oraclecloud.com/ic/api/integration/v1/projects/APDU_WACS_DXI_GIS/instances?q=%7BprojectId+%3A+%27APDU_WACS_DXI_GIS%27%2C+code+%3A+%27APDU_WACS_DXI_CREATEWO%27%2C+version+%3A+%2701.00.0002%27%2C+timewindow+%3A+%273d%27%7D&integrationInstance=ap-ccswacs-oic-dev-axhknnpmgslz-si "HTTP/1.1 307 Temporary Redirect"
2026-09-16 18:08:19,325 - httpx - INFO - HTTP Request: GET https://design.integration.ap-singapore-1.ocp.oraclecloud.com/ic/api/integration/v1/projects/APDU_WACS_DXI_GIS/instances?q=%7BprojectId+%3A+%27APDU_WACS_DXI_GIS%27%2C+code+%3A+%27APDU_WACS_DXI_CREATEWO%27%2C+version+%3A+%2701.00.0002%27%2C+timewindow+%3A+%273d%27%7D&integrationInstance=ap-ccswacs-oic-dev-axhknnpmgslz-si&integrationInstance=ap-ccs-oic-uat-axhknnpmgslz-si "HTTP/1.1 404 Not Found"
2026-09-16 18:08:19,328 - mcp_server.oic_client - INFO - HTTP request to /ic/api/integration/v1/projects/APDU_WACS_DXI_GIS/instances completed in 0.14s (Status: 404)
2026-09-16 18:08:19,391 - httpx - INFO - HTTP Request: GET https://ap-ccs-oic-uat-axhknnpmgslz-si.integration.ap-singapore-1.ocp.oraclecloud.com/ic/api/integration/v1/monitoring/instances?q=%7BprojectId+%3A+%27APDU_WACS_DXI_GIS%27%2C+code+%3A+%27APDU_WACS_DXI_CREATEWO%27%2C+version+%3A+%2701.00.0002%27%2C+timewindow+%3A+%273d%27%7D&integrationInstance=ap-ccswacs-oic-dev-axhknnpmgslz-si "HTTP/1.1 307 Temporary Redirect"
2026-09-16 18:08:19,464 - httpx - INFO - HTTP Request: GET https://design.integration.ap-singapore-1.ocp.oraclecloud.com/ic/api/integration/v1/monitoring/instances?q=%7BprojectId+%3A+%27APDU_WACS_DXI_GIS%27%2C+code+%3A+%27APDU_WACS_DXI_CREATEWO%27%2C+version+%3A+%2701.00.0002%27%2C+timewindow+%3A+%273d%27%7D&integrationInstance=ap-ccswacs-oic-dev-axhknnpmgslz-si&integrationInstance=ap-ccs-oic-uat-axhknnpmgslz-si "HTTP/1.1 400 Bad Request"
2026-09-16 18:08:19,466 - mcp_server.oic_client - INFO - HTTP request to /ic/api/integration/v1/monitoring/instances completed in 0.14s (Status: 400)
2026-09-16 18:08:19,466 - mcp_server.main - ERROR - Tool list_project_instances failed after 0.80s: Client error '400 Bad Request' for url 'https://design.integration.ap-singapore-1.ocp.oraclecloud.com/ic/api/integration/v1/monitoring/instances?q=%7BprojectId+%3A+%27APDU_WACS_DXI_GIS%27%2C+code+%3A+%27APDU_WACS_DXI_CREATEWO%27%2C+version+%3A+%2701.00.0002%27%2C+timewindow+%3A+%273d%27%7D&integrationInstance=ap-ccswacs-oic-dev-axhknnpmgslz-si&integrationInstance=ap-ccs-oic-uat-axhknnpmgslz-si'
For more information check: https://developer.mozilla.org/en-US/docs/Web/HTTP/Status/400
2026-09-16 18:08:28,459 - mcp_server.main - INFO - Received MCP request: tools/call (ID: 10)
2026-09-16 18:08:28,460 - mcp_server.main - INFO - Executing tool: list_instances
2026-09-16 18:08:28,713 - httpx - INFO - HTTP Request: GET https://ap-ccs-oic-uat-axhknnpmgslz-si.integration.ap-singapore-1.ocp.oraclecloud.com/ic/api/integration/v1/monitoring/instances?q=%7Bcode+%3A+%27APDU_WACS_DXI_CREATEWO%27%2C+version+%3A+%2701.00.0002%27%2C+timewindow+%3A+%273d%27%7D&integrationInstance=ap-ccswacs-oic-dev-axhknnpmgslz-si "HTTP/1.1 307 Temporary Redirect"
2026-09-16 18:08:29,088 - httpx - INFO - HTTP Request: GET https://design.integration.ap-singapore-1.ocp.oraclecloud.com/ic/api/integration/v1/monitoring/instances?q=%7Bcode+%3A+%27APDU_WACS_DXI_CREATEWO%27%2C+version+%3A+%2701.00.0002%27%2C+timewindow+%3A+%273d%27%7D&integrationInstance=ap-ccswacs-oic-dev-axhknnpmgslz-si&integrationInstance=ap-ccs-oic-uat-axhknnpmgslz-si "HTTP/1.1 200 OK"
2026-09-16 18:08:29,093 - mcp_server.oic_client - INFO - HTTP request to /ic/api/integration/v1/monitoring/instances completed in 0.63s (Status: 200)
2026-09-16 18:08:29,094 - mcp_server.main - INFO - Tool list_instances executed successfully in 0.63s
2026-09-16 18:08:29,096 - mcp_server.main - INFO - Tool list_instances request completed in 0.64s total
2026-09-16 18:08:35,020 - mcp_server.main - INFO - Received MCP request: tools/call (ID: 11)
2026-09-16 18:08:35,020 - mcp_server.main - INFO - Executing tool: list_instances
2026-09-16 18:08:35,279 - httpx - INFO - HTTP Request: GET https://ap-ccs-oic-uat-axhknnpmgslz-si.integration.ap-singapore-1.ocp.oraclecloud.com/ic/api/integration/v1/monitoring/instances?q=%7Bcode+%3A+%27APDU_WACS_DXI_CREATEWO%27%2C+version+%3A+%2701.00.0002%27%2C+timewindow+%3A+%27RETENTIONPERIOD%27%7D&integrationInstance=ap-ccswacs-oic-dev-axhknnpmgslz-si "HTTP/1.1 307 Temporary Redirect"
2026-09-16 18:08:35,651 - httpx - INFO - HTTP Request: GET https://design.integration.ap-singapore-1.ocp.oraclecloud.com/ic/api/integration/v1/monitoring/instances?q=%7Bcode+%3A+%27APDU_WACS_DXI_CREATEWO%27%2C+version+%3A+%2701.00.0002%27%2C+timewindow+%3A+%27RETENTIONPERIOD%27%7D&integrationInstance=ap-ccswacs-oic-dev-axhknnpmgslz-si&integrationInstance=ap-ccs-oic-uat-axhknnpmgslz-si "HTTP/1.1 200 OK"
2026-09-16 18:08:35,654 - mcp_server.oic_client - INFO - HTTP request to /ic/api/integration/v1/monitoring/instances completed in 0.63s (Status: 200)
2026-09-16 18:08:35,655 - mcp_server.main - INFO - Tool list_instances executed successfully in 0.63s
2026-09-16 18:08:35,656 - mcp_server.main - INFO - Tool list_instances request completed in 0.64s total
2026-09-16 18:09:47,340 - mcp_server.main - INFO - Received MCP request: tools/call (ID: 12)
2026-09-16 18:09:47,340 - mcp_server.main - INFO - Executing tool: get_integration_simple
2026-09-16 18:09:47,342 - mcp_server.tools - INFO - Tool _call_get_integration_simple called with params: {'identifier': 'APDU_WACS_DXI_CREATEWO'}
2026-09-16 18:09:47,578 - httpx - INFO - HTTP Request: GET https://ap-ccs-oic-uat-axhknnpmgslz-si.integration.ap-singapore-1.ocp.oraclecloud.com/ic/api/integration/v1/integrations/APDU_WACS_DXI_CREATEWO?integrationInstance=ap-ccswacs-oic-dev-axhknnpmgslz-si "HTTP/1.1 307 Temporary Redirect"
2026-09-16 18:09:47,945 - httpx - INFO - HTTP Request: GET https://design.integration.ap-singapore-1.ocp.oraclecloud.com/ic/api/integration/v1/integrations/APDU_WACS_DXI_CREATEWO?integrationInstance=ap-ccswacs-oic-dev-axhknnpmgslz-si&integrationInstance=ap-ccs-oic-uat-axhknnpmgslz-si "HTTP/1.1 404 Not Found"
2026-09-16 18:09:47,949 - mcp_server.oic_client - INFO - HTTP request to /ic/api/integration/v1/integrations/APDU_WACS_DXI_CREATEWO completed in 0.60s (Status: 404)
2026-09-16 18:09:47,950 - mcp_server.main - ERROR - Tool get_integration_simple failed after 0.61s: Client error '404 Not Found' for url 'https://design.integration.ap-singapore-1.ocp.oraclecloud.com/ic/api/integration/v1/integrations/APDU_WACS_DXI_CREATEWO?integrationInstance=ap-ccswacs-oic-dev-axhknnpmgslz-si&integrationInstance=ap-ccs-oic-uat-axhknnpmgslz-si'
For more information check: https://developer.mozilla.org/en-US/docs/Web/HTTP/Status/404
2026-09-16 18:10:27,956 - mcp_server.main - INFO - Received MCP request: tools/call (ID: 13)
2026-09-16 18:10:27,957 - mcp_server.main - INFO - Executing tool: list_instances
2026-09-16 18:10:28,186 - httpx - INFO - HTTP Request: GET https://ap-ccs-oic-uat-axhknnpmgslz-si.integration.ap-singapore-1.ocp.oraclecloud.com/ic/api/integration/v1/monitoring/instances?q=%7Bcode+%3A+%27APDU_WACS_DXI_CREATEWO%27%2C+version+%3A+%2701.00.0003%27%2C+timewindow+%3A+%27RETENTIONPERIOD%27%7D&integrationInstance=ap-ccswacs-oic-dev-axhknnpmgslz-si "HTTP/1.1 307 Temporary Redirect"
2026-09-16 18:10:28,532 - httpx - INFO - HTTP Request: GET https://design.integration.ap-singapore-1.ocp.oraclecloud.com/ic/api/integration/v1/monitoring/instances?q=%7Bcode+%3A+%27APDU_WACS_DXI_CREATEWO%27%2C+version+%3A+%2701.00.0003%27%2C+timewindow+%3A+%27RETENTIONPERIOD%27%7D&integrationInstance=ap-ccswacs-oic-dev-axhknnpmgslz-si&integrationInstance=ap-ccs-oic-uat-axhknnpmgslz-si "HTTP/1.1 200 OK"
2026-09-16 18:10:28,535 - mcp_server.oic_client - INFO - HTTP request to /ic/api/integration/v1/monitoring/instances completed in 0.58s (Status: 200)
2026-09-16 18:10:28,535 - mcp_server.main - INFO - Tool list_instances executed successfully in 0.58s
2026-09-16 18:10:28,536 - mcp_server.main - INFO - Tool list_instances request completed in 0.58s total
2026-09-16 18:10:31,111 - mcp_server.main - INFO - Received MCP request: tools/call (ID: 14)
2026-09-16 18:10:31,112 - mcp_server.main - INFO - Executing tool: get_integration_simple
2026-09-16 18:10:31,114 - mcp_server.tools - INFO - Tool _call_get_integration_simple called with params: {'identifier': 'APDU_WACS_DXI_CREATEWO|01.00.0003'}
2026-09-16 18:10:31,180 - httpx - INFO - HTTP Request: GET https://ap-ccs-oic-uat-axhknnpmgslz-si.integration.ap-singapore-1.ocp.oraclecloud.com/ic/api/integration/v1/integrations/APDU_WACS_DXI_CREATEWO|01.00.0003?integrationInstance=ap-ccswacs-oic-dev-axhknnpmgslz-si "HTTP/1.1 307 Temporary Redirect"
2026-09-16 18:10:31,268 - httpx - INFO - HTTP Request: GET https://design.integration.ap-singapore-1.ocp.oraclecloud.com/ic/api/integration/v1/integrations/APDU_WACS_DXI_CREATEWO|01.00.0003?integrationInstance=ap-ccswacs-oic-dev-axhknnpmgslz-si&integrationInstance=ap-ccs-oic-uat-axhknnpmgslz-si "HTTP/1.1 404 Not Found"
2026-09-16 18:10:31,271 - mcp_server.oic_client - INFO - HTTP request to /ic/api/integration/v1/integrations/APDU_WACS_DXI_CREATEWO|01.00.0003 completed in 0.16s (Status: 404)
2026-09-16 18:10:31,272 - mcp_server.main - ERROR - Tool get_integration_simple failed after 0.16s: Client error '404 Not Found' for url 'https://design.integration.ap-singapore-1.ocp.oraclecloud.com/ic/api/integration/v1/integrations/APDU_WACS_DXI_CREATEWO|01.00.0003?integrationInstance=ap-ccswacs-oic-dev-axhknnpmgslz-si&integrationInstance=ap-ccs-oic-uat-axhknnpmgslz-si'
For more information check: https://developer.mozilla.org/en-US/docs/Web/HTTP/Status/404
2026-09-16 18:10:42,756 - mcp_server.main - INFO - Received MCP request: tools/call (ID: 15)
2026-09-16 18:10:42,757 - mcp_server.main - INFO - Executing tool: search_integration_by_name
2026-09-16 18:10:42,759 - mcp_server.tools - INFO - Tool _call_search_integration_by_name called with params: {'name': 'CreateWorkOrder'}
2026-09-16 18:10:42,761 - mcp_server.oic_client - INFO - Searching for integration by name: CreateWorkOrder
2026-09-16 18:10:42,998 - httpx - INFO - HTTP Request: GET https://ap-ccs-oic-uat-axhknnpmgslz-si.integration.ap-singapore-1.ocp.oraclecloud.com/ic/api/integration/v1/integrations?limit=100&page=1&integrationInstance=ap-ccswacs-oic-dev-axhknnpmgslz-si "HTTP/1.1 307 Temporary Redirect"
2026-09-16 18:10:43,367 - httpx - INFO - HTTP Request: GET https://design.integration.ap-singapore-1.ocp.oraclecloud.com/ic/api/integration/v1/integrations?limit=100&page=1&integrationInstance=ap-ccswacs-oic-dev-axhknnpmgslz-si&integrationInstance=ap-ccs-oic-uat-axhknnpmgslz-si "HTTP/1.1 200 OK"
2026-09-16 18:10:43,371 - mcp_server.oic_client - INFO - HTTP request to /ic/api/integration/v1/integrations completed in 0.61s (Status: 200)
2026-09-16 18:10:43,372 - mcp_server.oic_client - INFO - Page 1: 0 integrations, hasMore: False
2026-09-16 18:10:43,372 - mcp_server.oic_client - INFO - Found 0 exact and 0 partial matches for 'CreateWorkOrder' across 1 page(s)
2026-09-16 18:10:43,373 - mcp_server.tools - INFO - Tool _call_search_integration_by_name completed in 0.61s
2026-09-16 18:10:43,374 - mcp_server.main - INFO - Tool search_integration_by_name executed successfully in 0.61s
2026-09-16 18:10:43,375 - mcp_server.main - INFO - Tool search_integration_by_name request completed in 0.62s total
2026-09-16 18:10:53,637 - mcp_server.main - INFO - Received MCP request: tools/call (ID: 16)
2026-09-16 18:10:53,638 - mcp_server.main - INFO - Executing tool: list_integrations
2026-09-16 18:10:53,642 - mcp_server.tools - INFO - Tool _call_list_integrations called with params: {'limit': 1000, 'onlyActivated': True}
2026-09-16 18:10:53,643 - mcp_server.oic_client - INFO - Calling list_integrations - only_activated: True, limit: 1000, page: None
2026-09-16 18:10:53,885 - httpx - INFO - HTTP Request: GET https://ap-ccs-oic-uat-axhknnpmgslz-si.integration.ap-singapore-1.ocp.oraclecloud.com/ic/api/integration/v1/integrations?onlyActivated=true&limit=1000&integrationInstance=ap-ccswacs-oic-dev-axhknnpmgslz-si "HTTP/1.1 307 Temporary Redirect"
2026-09-16 18:10:54,194 - httpx - INFO - HTTP Request: GET https://design.integration.ap-singapore-1.ocp.oraclecloud.com/ic/api/integration/v1/integrations?onlyActivated=true&limit=1000&integrationInstance=ap-ccswacs-oic-dev-axhknnpmgslz-si&integrationInstance=ap-ccs-oic-uat-axhknnpmgslz-si "HTTP/1.1 200 OK"
2026-09-16 18:10:54,198 - mcp_server.oic_client - INFO - HTTP request to /ic/api/integration/v1/integrations completed in 0.55s (Status: 200)
2026-09-16 18:10:54,199 - mcp_server.oic_client - INFO - list_integrations returned 0 items, total: 0, hasMore: False in 0.55s
2026-09-16 18:10:54,199 - mcp_server.tools - INFO - Tool _call_list_integrations completed in 0.56s
2026-09-16 18:10:54,200 - mcp_server.main - INFO - Tool list_integrations executed successfully in 0.56s
2026-09-16 18:10:54,201 - mcp_server.main - INFO - Tool list_integrations request completed in 0.56s total
2026-09-16 18:11:07,786 - mcp_server.main - INFO - Received MCP request: tools/call (ID: 17)
2026-09-16 18:11:07,786 - mcp_server.main - INFO - Executing tool: get_integration_monitoring
2026-09-16 18:11:07,791 - mcp_server.oic_client - INFO - Resolving latest version for code: APDU_WACS_DXI_CREATEWO
2026-09-16 18:11:07,792 - mcp_server.oic_client - INFO - Starting list_all_integrations - only_activated: None, max_pages: 50, per_page: 100
2026-09-16 18:11:08,037 - httpx - INFO - HTTP Request: GET https://ap-ccs-oic-uat-axhknnpmgslz-si.integration.ap-singapore-1.ocp.oraclecloud.com/ic/api/integration/v1/projects?limit=100&integrationInstance=ap-ccswacs-oic-dev-axhknnpmgslz-si "HTTP/1.1 307 Temporary Redirect"
2026-09-16 18:11:08,387 - httpx - INFO - HTTP Request: GET https://design.integration.ap-singapore-1.ocp.oraclecloud.com/ic/api/integration/v1/projects?limit=100&integrationInstance=ap-ccswacs-oic-dev-axhknnpmgslz-si&integrationInstance=ap-ccs-oic-uat-axhknnpmgslz-si "HTTP/1.1 200 OK"
2026-09-16 18:11:08,391 - mcp_server.oic_client - INFO - HTTP request to /ic/api/integration/v1/projects completed in 0.60s (Status: 200)
2026-09-16 18:11:08,453 - httpx - INFO - HTTP Request: GET https://ap-ccs-oic-uat-axhknnpmgslz-si.integration.ap-singapore-1.ocp.oraclecloud.com/ic/api/integration/v1/projects/APDU_WACS_OFSC/integrations?limit=100&integrationInstance=ap-ccswacs-oic-dev-axhknnpmgslz-si "HTTP/1.1 307 Temporary Redirect"
2026-09-16 18:11:10,254 - httpx - INFO - HTTP Request: GET https://design.integration.ap-singapore-1.ocp.oraclecloud.com/ic/api/integration/v1/projects/APDU_WACS_OFSC/integrations?limit=100&integrationInstance=ap-ccswacs-oic-dev-axhknnpmgslz-si&integrationInstance=ap-ccs-oic-uat-axhknnpmgslz-si "HTTP/1.1 200 OK"
2026-09-16 18:11:10,257 - mcp_server.oic_client - INFO - HTTP request to /ic/api/integration/v1/projects/APDU_WACS_OFSC/integrations completed in 1.86s (Status: 200)
2026-09-16 18:11:10,324 - httpx - INFO - HTTP Request: GET https://ap-ccs-oic-uat-axhknnpmgslz-si.integration.ap-singapore-1.ocp.oraclecloud.com/ic/api/integration/v1/projects/APDU_CBS_OFSC_FUSIONPA/integrations?limit=100&integrationInstance=ap-ccswacs-oic-dev-axhknnpmgslz-si "HTTP/1.1 307 Temporary Redirect"
2026-09-16 18:11:10,456 - httpx - INFO - HTTP Request: GET https://design.integration.ap-singapore-1.ocp.oraclecloud.com/ic/api/integration/v1/projects/APDU_CBS_OFSC_FUSIONPA/integrations?limit=100&integrationInstance=ap-ccswacs-oic-dev-axhknnpmgslz-si&integrationInstance=ap-ccs-oic-uat-axhknnpmgslz-si "HTTP/1.1 200 OK"
2026-09-16 18:11:10,459 - mcp_server.oic_client - INFO - HTTP request to /ic/api/integration/v1/projects/APDU_CBS_OFSC_FUSIONPA/integrations completed in 0.20s (Status: 200)
2026-09-16 18:11:10,523 - httpx - INFO - HTTP Request: GET https://ap-ccs-oic-uat-axhknnpmgslz-si.integration.ap-singapore-1.ocp.oraclecloud.com/ic/api/integration/v1/projects/APDU_WACS_COMMON/integrations?limit=100&integrationInstance=ap-ccswacs-oic-dev-axhknnpmgslz-si "HTTP/1.1 307 Temporary Redirect"
2026-09-16 18:11:10,704 - httpx - INFO - HTTP Request: GET https://design.integration.ap-singapore-1.ocp.oraclecloud.com/ic/api/integration/v1/projects/APDU_WACS_COMMON/integrations?limit=100&integrationInstance=ap-ccswacs-oic-dev-axhknnpmgslz-si&integrationInstance=ap-ccs-oic-uat-axhknnpmgslz-si "HTTP/1.1 200 OK"
2026-09-16 18:11:10,707 - mcp_server.oic_client - INFO - HTTP request to /ic/api/integration/v1/projects/APDU_WACS_COMMON/integrations completed in 0.25s (Status: 200)
2026-09-16 18:11:10,767 - httpx - INFO - HTTP Request: GET https://ap-ccs-oic-uat-axhknnpmgslz-si.integration.ap-singapore-1.ocp.oraclecloud.com/ic/api/integration/v1/projects/TEST_AI/integrations?limit=100&integrationInstance=ap-ccswacs-oic-dev-axhknnpmgslz-si "HTTP/1.1 307 Temporary Redirect"
2026-09-16 18:11:10,865 - httpx - INFO - HTTP Request: GET https://design.integration.ap-singapore-1.ocp.oraclecloud.com/ic/api/integration/v1/projects/TEST_AI/integrations?limit=100&integrationInstance=ap-ccswacs-oic-dev-axhknnpmgslz-si&integrationInstance=ap-ccs-oic-uat-axhknnpmgslz-si "HTTP/1.1 200 OK"
2026-09-16 18:11:10,869 - mcp_server.oic_client - INFO - HTTP request to /ic/api/integration/v1/projects/TEST_AI/integrations completed in 0.16s (Status: 200)
2026-09-16 18:11:10,928 - httpx - INFO - HTTP Request: GET https://ap-ccs-oic-uat-axhknnpmgslz-si.integration.ap-singapore-1.ocp.oraclecloud.com/ic/api/integration/v1/projects/APDU_OFSC_ZENDESK/integrations?limit=100&integrationInstance=ap-ccswacs-oic-dev-axhknnpmgslz-si "HTTP/1.1 307 Temporary Redirect"
2026-09-16 18:11:11,030 - httpx - INFO - HTTP Request: GET https://design.integration.ap-singapore-1.ocp.oraclecloud.com/ic/api/integration/v1/projects/APDU_OFSC_ZENDESK/integrations?limit=100&integrationInstance=ap-ccswacs-oic-dev-axhknnpmgslz-si&integrationInstance=ap-ccs-oic-uat-axhknnpmgslz-si "HTTP/1.1 200 OK"
2026-09-16 18:11:11,032 - mcp_server.oic_client - INFO - HTTP request to /ic/api/integration/v1/projects/APDU_OFSC_ZENDESK/integrations completed in 0.16s (Status: 200)
2026-09-16 18:11:11,094 - httpx - INFO - HTTP Request: GET https://ap-ccs-oic-uat-axhknnpmgslz-si.integration.ap-singapore-1.ocp.oraclecloud.com/ic/api/integration/v1/projects/APDU_WACS_DXI_GIS/integrations?limit=100&integrationInstance=ap-ccswacs-oic-dev-axhknnpmgslz-si "HTTP/1.1 307 Temporary Redirect"
2026-09-16 18:11:11,406 - httpx - INFO - HTTP Request: GET https://design.integration.ap-singapore-1.ocp.oraclecloud.com/ic/api/integration/v1/projects/APDU_WACS_DXI_GIS/integrations?limit=100&integrationInstance=ap-ccswacs-oic-dev-axhknnpmgslz-si&integrationInstance=ap-ccs-oic-uat-axhknnpmgslz-si "HTTP/1.1 200 OK"
2026-09-16 18:11:11,410 - mcp_server.oic_client - INFO - HTTP request to /ic/api/integration/v1/projects/APDU_WACS_DXI_GIS/integrations completed in 0.38s (Status: 200)
2026-09-16 18:11:11,474 - httpx - INFO - HTTP Request: GET https://ap-ccs-oic-uat-axhknnpmgslz-si.integration.ap-singapore-1.ocp.oraclecloud.com/ic/api/integration/v1/projects/APDU_WACS_ARCGIS/integrations?limit=100&integrationInstance=ap-ccswacs-oic-dev-axhknnpmgslz-si "HTTP/1.1 307 Temporary Redirect"
2026-09-16 18:11:11,664 - httpx - INFO - HTTP Request: GET https://design.integration.ap-singapore-1.ocp.oraclecloud.com/ic/api/integration/v1/projects/APDU_WACS_ARCGIS/integrations?limit=100&integrationInstance=ap-ccswacs-oic-dev-axhknnpmgslz-si&integrationInstance=ap-ccs-oic-uat-axhknnpmgslz-si "HTTP/1.1 200 OK"
2026-09-16 18:11:11,666 - mcp_server.oic_client - INFO - HTTP request to /ic/api/integration/v1/projects/APDU_WACS_ARCGIS/integrations completed in 0.25s (Status: 200)
2026-09-16 18:11:11,733 - httpx - INFO - HTTP Request: GET https://ap-ccs-oic-uat-axhknnpmgslz-si.integration.ap-singapore-1.ocp.oraclecloud.com/ic/api/integration/v1/projects/KAFKA_TEST/integrations?limit=100&integrationInstance=ap-ccswacs-oic-dev-axhknnpmgslz-si "HTTP/1.1 307 Temporary Redirect"
2026-09-16 18:11:11,841 - httpx - INFO - HTTP Request: GET https://design.integration.ap-singapore-1.ocp.oraclecloud.com/ic/api/integration/v1/projects/KAFKA_TEST/integrations?limit=100&integrationInstance=ap-ccswacs-oic-dev-axhknnpmgslz-si&integrationInstance=ap-ccs-oic-uat-axhknnpmgslz-si "HTTP/1.1 200 OK"
2026-09-16 18:11:11,845 - mcp_server.oic_client - INFO - HTTP request to /ic/api/integration/v1/projects/KAFKA_TEST/integrations completed in 0.18s (Status: 200)
2026-09-16 18:11:11,905 - httpx - INFO - HTTP Request: GET https://ap-ccs-oic-uat-axhknnpmgslz-si.integration.ap-singapore-1.ocp.oraclecloud.com/ic/api/integration/v1/projects/ORDEREVENTPROJECT/integrations?limit=100&integrationInstance=ap-ccswacs-oic-dev-axhknnpmgslz-si "HTTP/1.1 307 Temporary Redirect"
2026-09-16 18:11:12,000 - httpx - INFO - HTTP Request: GET https://design.integration.ap-singapore-1.ocp.oraclecloud.com/ic/api/integration/v1/projects/ORDEREVENTPROJECT/integrations?limit=100&integrationInstance=ap-ccswacs-oic-dev-axhknnpmgslz-si&integrationInstance=ap-ccs-oic-uat-axhknnpmgslz-si "HTTP/1.1 200 OK"
2026-09-16 18:11:12,002 - mcp_server.oic_client - INFO - HTTP request to /ic/api/integration/v1/projects/ORDEREVENTPROJECT/integrations completed in 0.16s (Status: 200)
2026-09-16 18:11:12,061 - httpx - INFO - HTTP Request: GET https://ap-ccs-oic-uat-axhknnpmgslz-si.integration.ap-singapore-1.ocp.oraclecloud.com/ic/api/integration/v1/projects/EXPENSE_APPROVAL_PROJECT/integrations?limit=100&integrationInstance=ap-ccswacs-oic-dev-axhknnpmgslz-si "HTTP/1.1 307 Temporary Redirect"
2026-09-16 18:11:12,224 - httpx - INFO - HTTP Request: GET https://design.integration.ap-singapore-1.ocp.oraclecloud.com/ic/api/integration/v1/projects/EXPENSE_APPROVAL_PROJECT/integrations?limit=100&integrationInstance=ap-ccswacs-oic-dev-axhknnpmgslz-si&integrationInstance=ap-ccs-oic-uat-axhknnpmgslz-si "HTTP/1.1 200 OK"
2026-09-16 18:11:12,228 - mcp_server.oic_client - INFO - HTTP request to /ic/api/integration/v1/projects/EXPENSE_APPROVAL_PROJECT/integrations completed in 0.23s (Status: 200)
2026-09-16 18:11:12,305 - httpx - INFO - HTTP Request: GET https://ap-ccs-oic-uat-axhknnpmgslz-si.integration.ap-singapore-1.ocp.oraclecloud.com/ic/api/integration/v1/projects/EMPLOYEEONBOARDINGPROJECT/integrations?limit=100&integrationInstance=ap-ccswacs-oic-dev-axhknnpmgslz-si "HTTP/1.1 307 Temporary Redirect"
2026-09-16 18:11:12,431 - httpx - INFO - HTTP Request: GET https://design.integration.ap-singapore-1.ocp.oraclecloud.com/ic/api/integration/v1/projects/EMPLOYEEONBOARDINGPROJECT/integrations?limit=100&integrationInstance=ap-ccswacs-oic-dev-axhknnpmgslz-si&integrationInstance=ap-ccs-oic-uat-axhknnpmgslz-si "HTTP/1.1 200 OK"
2026-09-16 18:11:12,434 - mcp_server.oic_client - INFO - HTTP request to /ic/api/integration/v1/projects/EMPLOYEEONBOARDINGPROJECT/integrations completed in 0.21s (Status: 200)
2026-09-16 18:11:12,497 - httpx - INFO - HTTP Request: GET https://ap-ccs-oic-uat-axhknnpmgslz-si.integration.ap-singapore-1.ocp.oraclecloud.com/ic/api/integration/v1/projects/OUTL-BA-WACS_OFSC/integrations?limit=100&integrationInstance=ap-ccswacs-oic-dev-axhknnpmgslz-si "HTTP/1.1 307 Temporary Redirect"
2026-09-16 18:11:12,750 - httpx - INFO - HTTP Request: GET https://design.integration.ap-singapore-1.ocp.oraclecloud.com/ic/api/integration/v1/projects/OUTL-BA-WACS_OFSC/integrations?limit=100&integrationInstance=ap-ccswacs-oic-dev-axhknnpmgslz-si&integrationInstance=ap-ccs-oic-uat-axhknnpmgslz-si "HTTP/1.1 200 OK"
2026-09-16 18:11:12,752 - mcp_server.oic_client - INFO - HTTP request to /ic/api/integration/v1/projects/OUTL-BA-WACS_OFSC/integrations completed in 0.32s (Status: 200)
2026-09-16 18:11:12,817 - httpx - INFO - HTTP Request: GET https://ap-ccs-oic-uat-axhknnpmgslz-si.integration.ap-singapore-1.ocp.oraclecloud.com/ic/api/integration/v1/projects/OUTL-BA-WACS_ERPSCM/integrations?limit=100&integrationInstance=ap-ccswacs-oic-dev-axhknnpmgslz-si "HTTP/1.1 307 Temporary Redirect"
2026-09-16 18:11:13,116 - httpx - INFO - HTTP Request: GET https://design.integration.ap-singapore-1.ocp.oraclecloud.com/ic/api/integration/v1/projects/OUTL-BA-WACS_ERPSCM/integrations?limit=100&integrationInstance=ap-ccswacs-oic-dev-axhknnpmgslz-si&integrationInstance=ap-ccs-oic-uat-axhknnpmgslz-si "HTTP/1.1 200 OK"
2026-09-16 18:11:13,119 - mcp_server.oic_client - INFO - HTTP request to /ic/api/integration/v1/projects/OUTL-BA-WACS_ERPSCM/integrations completed in 0.37s (Status: 200)
2026-09-16 18:11:13,185 - httpx - INFO - HTTP Request: GET https://ap-ccs-oic-uat-axhknnpmgslz-si.integration.ap-singapore-1.ocp.oraclecloud.com/ic/api/integration/v1/projects/APDU_ODM_MDM/integrations?limit=100&integrationInstance=ap-ccswacs-oic-dev-axhknnpmgslz-si "HTTP/1.1 307 Temporary Redirect"
2026-09-16 18:11:13,320 - httpx - INFO - HTTP Request: GET https://design.integration.ap-singapore-1.ocp.oraclecloud.com/ic/api/integration/v1/projects/APDU_ODM_MDM/integrations?limit=100&integrationInstance=ap-ccswacs-oic-dev-axhknnpmgslz-si&integrationInstance=ap-ccs-oic-uat-axhknnpmgslz-si "HTTP/1.1 200 OK"
2026-09-16 18:11:13,326 - mcp_server.oic_client - INFO - HTTP request to /ic/api/integration/v1/projects/APDU_ODM_MDM/integrations completed in 0.20s (Status: 200)
2026-09-16 18:11:13,387 - httpx - INFO - HTTP Request: GET https://ap-ccs-oic-uat-axhknnpmgslz-si.integration.ap-singapore-1.ocp.oraclecloud.com/ic/api/integration/v1/projects/APDU_CCS_OFSC/integrations?limit=100&integrationInstance=ap-ccswacs-oic-dev-axhknnpmgslz-si "HTTP/1.1 307 Temporary Redirect"
2026-09-16 18:11:13,553 - httpx - INFO - HTTP Request: GET https://design.integration.ap-singapore-1.ocp.oraclecloud.com/ic/api/integration/v1/projects/APDU_CCS_OFSC/integrations?limit=100&integrationInstance=ap-ccswacs-oic-dev-axhknnpmgslz-si&integrationInstance=ap-ccs-oic-uat-axhknnpmgslz-si "HTTP/1.1 200 OK"
2026-09-16 18:11:13,558 - mcp_server.oic_client - INFO - HTTP request to /ic/api/integration/v1/projects/APDU_CCS_OFSC/integrations completed in 0.23s (Status: 200)
2026-09-16 18:11:13,623 - httpx - INFO - HTTP Request: GET https://ap-ccs-oic-uat-axhknnpmgslz-si.integration.ap-singapore-1.ocp.oraclecloud.com/ic/api/integration/v1/projects/OUTL-BA-CCS_OFSC/integrations?limit=100&integrationInstance=ap-ccswacs-oic-dev-axhknnpmgslz-si "HTTP/1.1 307 Temporary Redirect"
2026-09-16 18:11:13,815 - httpx - INFO - HTTP Request: GET https://design.integration.ap-singapore-1.ocp.oraclecloud.com/ic/api/integration/v1/projects/OUTL-BA-CCS_OFSC/integrations?limit=100&integrationInstance=ap-ccswacs-oic-dev-axhknnpmgslz-si&integrationInstance=ap-ccs-oic-uat-axhknnpmgslz-si "HTTP/1.1 200 OK"
2026-09-16 18:11:13,817 - mcp_server.oic_client - INFO - HTTP request to /ic/api/integration/v1/projects/OUTL-BA-CCS_OFSC/integrations completed in 0.26s (Status: 200)
2026-09-16 18:11:13,880 - httpx - INFO - HTTP Request: GET https://ap-ccs-oic-uat-axhknnpmgslz-si.integration.ap-singapore-1.ocp.oraclecloud.com/ic/api/integration/v1/projects/APDU_WACS_CCS/integrations?limit=100&integrationInstance=ap-ccswacs-oic-dev-axhknnpmgslz-si "HTTP/1.1 307 Temporary Redirect"
2026-09-16 18:11:13,994 - httpx - INFO - HTTP Request: GET https://design.integration.ap-singapore-1.ocp.oraclecloud.com/ic/api/integration/v1/projects/APDU_WACS_CCS/integrations?limit=100&integrationInstance=ap-ccswacs-oic-dev-axhknnpmgslz-si&integrationInstance=ap-ccs-oic-uat-axhknnpmgslz-si "HTTP/1.1 200 OK"
2026-09-16 18:11:13,998 - mcp_server.oic_client - INFO - HTTP request to /ic/api/integration/v1/projects/APDU_WACS_CCS/integrations completed in 0.18s (Status: 200)
2026-09-16 18:11:14,057 - httpx - INFO - HTTP Request: GET https://ap-ccs-oic-uat-axhknnpmgslz-si.integration.ap-singapore-1.ocp.oraclecloud.com/ic/api/integration/v1/projects/OUTL-BA-ARCGIS_WACS/integrations?limit=100&integrationInstance=ap-ccswacs-oic-dev-axhknnpmgslz-si "HTTP/1.1 307 Temporary Redirect"
2026-09-16 18:11:14,269 - httpx - INFO - HTTP Request: GET https://design.integration.ap-singapore-1.ocp.oraclecloud.com/ic/api/integration/v1/projects/OUTL-BA-ARCGIS_WACS/integrations?limit=100&integrationInstance=ap-ccswacs-oic-dev-axhknnpmgslz-si&integrationInstance=ap-ccs-oic-uat-axhknnpmgslz-si "HTTP/1.1 200 OK"
2026-09-16 18:11:14,271 - mcp_server.oic_client - INFO - HTTP request to /ic/api/integration/v1/projects/OUTL-BA-ARCGIS_WACS/integrations completed in 0.27s (Status: 200)
2026-09-16 18:11:14,272 - mcp_server.oic_client - INFO - Calling list_integrations - only_activated: None, limit: None, page: None
2026-09-16 18:11:14,332 - httpx - INFO - HTTP Request: GET https://ap-ccs-oic-uat-axhknnpmgslz-si.integration.ap-singapore-1.ocp.oraclecloud.com/ic/api/integration/v1/integrations?integrationInstance=ap-ccswacs-oic-dev-axhknnpmgslz-si "HTTP/1.1 307 Temporary Redirect"
2026-09-16 18:11:14,475 - httpx - INFO - HTTP Request: GET https://design.integration.ap-singapore-1.ocp.oraclecloud.com/ic/api/integration/v1/integrations?integrationInstance=ap-ccswacs-oic-dev-axhknnpmgslz-si&integrationInstance=ap-ccs-oic-uat-axhknnpmgslz-si "HTTP/1.1 200 OK"
2026-09-16 18:11:14,478 - mcp_server.oic_client - INFO - HTTP request to /ic/api/integration/v1/integrations completed in 0.21s (Status: 200)
2026-09-16 18:11:14,479 - mcp_server.oic_client - INFO - list_integrations returned 0 items, total: 0, hasMore: False in 0.21s
2026-09-16 18:11:14,480 - mcp_server.oic_client - INFO - Fetching page 1/50
2026-09-16 18:11:14,482 - mcp_server.oic_client - INFO - Calling list_integrations - only_activated: None, limit: 100, page: 1
2026-09-16 18:11:14,542 - httpx - INFO - HTTP Request: GET https://ap-ccs-oic-uat-axhknnpmgslz-si.integration.ap-singapore-1.ocp.oraclecloud.com/ic/api/integration/v1/integrations?limit=100&page=1&integrationInstance=ap-ccswacs-oic-dev-axhknnpmgslz-si "HTTP/1.1 307 Temporary Redirect"
2026-09-16 18:11:14,638 - httpx - INFO - HTTP Request: GET https://design.integration.ap-singapore-1.ocp.oraclecloud.com/ic/api/integration/v1/integrations?limit=100&page=1&integrationInstance=ap-ccswacs-oic-dev-axhknnpmgslz-si&integrationInstance=ap-ccs-oic-uat-axhknnpmgslz-si "HTTP/1.1 200 OK"
2026-09-16 18:11:14,641 - mcp_server.oic_client - INFO - HTTP request to /ic/api/integration/v1/integrations completed in 0.16s (Status: 200)
2026-09-16 18:11:14,641 - mcp_server.oic_client - INFO - list_integrations returned 0 items, total: 0, hasMore: False in 0.16s
2026-09-16 18:11:14,643 - mcp_server.oic_client - INFO - Page 1: API returned 0 items, totalResults: 0, hasMore: False
2026-09-16 18:11:14,643 - mcp_server.oic_client - INFO - No items found on page 1, stopping pagination
2026-09-16 18:11:14,644 - mcp_server.oic_client - INFO - list_all_integrations completed: fetched 95 unique integrations from 0 pages in 6.85s
2026-09-16 18:11:14,644 - mcp_server.oic_client - INFO - Found latest version for APDU_WACS_DXI_CREATEWO: 01.00.0002 in 6.85s
2026-09-16 18:11:14,706 - httpx - INFO - HTTP Request: GET https://ap-ccs-oic-uat-axhknnpmgslz-si.integration.ap-singapore-1.ocp.oraclecloud.com/ic/api/integration/v1/monitoring/integrations/APDU_WACS_DXI_CREATEWO%7C01.00.0002?integrationInstance=ap-ccswacs-oic-dev-axhknnpmgslz-si "HTTP/1.1 307 Temporary Redirect"
2026-09-16 18:11:14,822 - httpx - INFO - HTTP Request: GET https://design.integration.ap-singapore-1.ocp.oraclecloud.com/ic/api/integration/v1/monitoring/integrations/APDU_WACS_DXI_CREATEWO%7C01.00.0002?integrationInstance=ap-ccswacs-oic-dev-axhknnpmgslz-si&integrationInstance=ap-ccs-oic-uat-axhknnpmgslz-si "HTTP/1.1 200 OK"
2026-09-16 18:11:14,826 - mcp_server.oic_client - INFO - HTTP request to /ic/api/integration/v1/monitoring/integrations/APDU_WACS_DXI_CREATEWO%7C01.00.0002 completed in 0.18s (Status: 200)
2026-09-16 18:11:14,826 - mcp_server.main - INFO - Tool get_integration_monitoring executed successfully in 7.03s
2026-09-16 18:11:14,828 - mcp_server.main - INFO - Tool get_integration_monitoring request completed in 7.04s total
2026-09-16 18:11:42,866 - __main__ - INFO - Received MCP request: tools/call (ID: 2)
2026-09-16 18:11:42,867 - __main__ - INFO - Executing tool: get_integration_monitoring
2026-09-16 18:11:42,868 - mcp_server.oic_client - INFO - Resolving latest version for code: APDU_WACS_DXI_CREATEWO
2026-09-16 18:11:42,868 - mcp_server.oic_client - INFO - Starting list_all_integrations - only_activated: None, max_pages: 50, per_page: 100
2026-09-16 18:11:43,189 - httpx - INFO - HTTP Request: GET https://ap-ccs-oic-uat-axhknnpmgslz-si.integration.ap-singapore-1.ocp.oraclecloud.com/ic/api/integration/v1/projects?limit=100&integrationInstance=ap-ccswacs-oic-dev-axhknnpmgslz-si "HTTP/1.1 307 Temporary Redirect"
2026-09-16 18:11:43,684 - httpx - INFO - HTTP Request: GET https://design.integration.ap-singapore-1.ocp.oraclecloud.com/ic/api/integration/v1/projects?limit=100&integrationInstance=ap-ccswacs-oic-dev-axhknnpmgslz-si&integrationInstance=ap-ccs-oic-uat-axhknnpmgslz-si "HTTP/1.1 200 OK"
2026-09-16 18:11:43,686 - mcp_server.oic_client - INFO - HTTP request to /ic/api/integration/v1/projects completed in 0.82s (Status: 200)
2026-09-16 18:11:43,752 - httpx - INFO - HTTP Request: GET https://ap-ccs-oic-uat-axhknnpmgslz-si.integration.ap-singapore-1.ocp.oraclecloud.com/ic/api/integration/v1/projects/APDU_WACS_OFSC/integrations?limit=100&integrationInstance=ap-ccswacs-oic-dev-axhknnpmgslz-si "HTTP/1.1 307 Temporary Redirect"
2026-09-16 18:11:44,409 - httpx - INFO - HTTP Request: GET https://design.integration.ap-singapore-1.ocp.oraclecloud.com/ic/api/integration/v1/projects/APDU_WACS_OFSC/integrations?limit=100&integrationInstance=ap-ccswacs-oic-dev-axhknnpmgslz-si&integrationInstance=ap-ccs-oic-uat-axhknnpmgslz-si "HTTP/1.1 200 OK"
2026-09-16 18:11:44,414 - mcp_server.oic_client - INFO - HTTP request to /ic/api/integration/v1/projects/APDU_WACS_OFSC/integrations completed in 0.73s (Status: 200)
2026-09-16 18:11:44,480 - httpx - INFO - HTTP Request: GET https://ap-ccs-oic-uat-axhknnpmgslz-si.integration.ap-singapore-1.ocp.oraclecloud.com/ic/api/integration/v1/projects/APDU_CBS_OFSC_FUSIONPA/integrations?limit=100&integrationInstance=ap-ccswacs-oic-dev-axhknnpmgslz-si "HTTP/1.1 307 Temporary Redirect"
2026-09-16 18:11:44,652 - httpx - INFO - HTTP Request: GET https://design.integration.ap-singapore-1.ocp.oraclecloud.com/ic/api/integration/v1/projects/APDU_CBS_OFSC_FUSIONPA/integrations?limit=100&integrationInstance=ap-ccswacs-oic-dev-axhknnpmgslz-si&integrationInstance=ap-ccs-oic-uat-axhknnpmgslz-si "HTTP/1.1 200 OK"
2026-09-16 18:11:44,655 - mcp_server.oic_client - INFO - HTTP request to /ic/api/integration/v1/projects/APDU_CBS_OFSC_FUSIONPA/integrations completed in 0.23s (Status: 200)
2026-09-16 18:11:44,720 - httpx - INFO - HTTP Request: GET https://ap-ccs-oic-uat-axhknnpmgslz-si.integration.ap-singapore-1.ocp.oraclecloud.com/ic/api/integration/v1/projects/APDU_WACS_COMMON/integrations?limit=100&integrationInstance=ap-ccswacs-oic-dev-axhknnpmgslz-si "HTTP/1.1 307 Temporary Redirect"
2026-09-16 18:11:44,872 - httpx - INFO - HTTP Request: GET https://design.integration.ap-singapore-1.ocp.oraclecloud.com/ic/api/integration/v1/projects/APDU_WACS_COMMON/integrations?limit=100&integrationInstance=ap-ccswacs-oic-dev-axhknnpmgslz-si&integrationInstance=ap-ccs-oic-uat-axhknnpmgslz-si "HTTP/1.1 200 OK"
2026-09-16 18:11:44,875 - mcp_server.oic_client - INFO - HTTP request to /ic/api/integration/v1/projects/APDU_WACS_COMMON/integrations completed in 0.22s (Status: 200)
2026-09-16 18:11:44,945 - httpx - INFO - HTTP Request: GET https://ap-ccs-oic-uat-axhknnpmgslz-si.integration.ap-singapore-1.ocp.oraclecloud.com/ic/api/integration/v1/projects/TEST_AI/integrations?limit=100&integrationInstance=ap-ccswacs-oic-dev-axhknnpmgslz-si "HTTP/1.1 307 Temporary Redirect"
2026-09-16 18:11:45,044 - httpx - INFO - HTTP Request: GET https://design.integration.ap-singapore-1.ocp.oraclecloud.com/ic/api/integration/v1/projects/TEST_AI/integrations?limit=100&integrationInstance=ap-ccswacs-oic-dev-axhknnpmgslz-si&integrationInstance=ap-ccs-oic-uat-axhknnpmgslz-si "HTTP/1.1 200 OK"
2026-09-16 18:11:45,046 - mcp_server.oic_client - INFO - HTTP request to /ic/api/integration/v1/projects/TEST_AI/integrations completed in 0.17s (Status: 200)
2026-09-16 18:11:45,108 - httpx - INFO - HTTP Request: GET https://ap-ccs-oic-uat-axhknnpmgslz-si.integration.ap-singapore-1.ocp.oraclecloud.com/ic/api/integration/v1/projects/APDU_OFSC_ZENDESK/integrations?limit=100&integrationInstance=ap-ccswacs-oic-dev-axhknnpmgslz-si "HTTP/1.1 307 Temporary Redirect"
2026-09-16 18:11:45,224 - httpx - INFO - HTTP Request: GET https://design.integration.ap-singapore-1.ocp.oraclecloud.com/ic/api/integration/v1/projects/APDU_OFSC_ZENDESK/integrations?limit=100&integrationInstance=ap-ccswacs-oic-dev-axhknnpmgslz-si&integrationInstance=ap-ccs-oic-uat-axhknnpmgslz-si "HTTP/1.1 200 OK"
2026-09-16 18:11:45,228 - mcp_server.oic_client - INFO - HTTP request to /ic/api/integration/v1/projects/APDU_OFSC_ZENDESK/integrations completed in 0.18s (Status: 200)
2026-09-16 18:11:45,292 - httpx - INFO - HTTP Request: GET https://ap-ccs-oic-uat-axhknnpmgslz-si.integration.ap-singapore-1.ocp.oraclecloud.com/ic/api/integration/v1/projects/APDU_WACS_DXI_GIS/integrations?limit=100&integrationInstance=ap-ccswacs-oic-dev-axhknnpmgslz-si "HTTP/1.1 307 Temporary Redirect"
2026-09-16 18:11:45,440 - httpx - INFO - HTTP Request: GET https://design.integration.ap-singapore-1.ocp.oraclecloud.com/ic/api/integration/v1/projects/APDU_WACS_DXI_GIS/integrations?limit=100&integrationInstance=ap-ccswacs-oic-dev-axhknnpmgslz-si&integrationInstance=ap-ccs-oic-uat-axhknnpmgslz-si "HTTP/1.1 200 OK"
2026-09-16 18:11:45,444 - mcp_server.oic_client - INFO - HTTP request to /ic/api/integration/v1/projects/APDU_WACS_DXI_GIS/integrations completed in 0.21s (Status: 200)
2026-09-16 18:11:45,506 - httpx - INFO - HTTP Request: GET https://ap-ccs-oic-uat-axhknnpmgslz-si.integration.ap-singapore-1.ocp.oraclecloud.com/ic/api/integration/v1/projects/APDU_WACS_ARCGIS/integrations?limit=100&integrationInstance=ap-ccswacs-oic-dev-axhknnpmgslz-si "HTTP/1.1 307 Temporary Redirect"
2026-09-16 18:11:46,015 - httpx - INFO - HTTP Request: GET https://design.integration.ap-singapore-1.ocp.oraclecloud.com/ic/api/integration/v1/projects/APDU_WACS_ARCGIS/integrations?limit=100&integrationInstance=ap-ccswacs-oic-dev-axhknnpmgslz-si&integrationInstance=ap-ccs-oic-uat-axhknnpmgslz-si "HTTP/1.1 200 OK"
2026-09-16 18:11:46,019 - mcp_server.oic_client - INFO - HTTP request to /ic/api/integration/v1/projects/APDU_WACS_ARCGIS/integrations completed in 0.57s (Status: 200)
2026-09-16 18:11:46,081 - httpx - INFO - HTTP Request: GET https://ap-ccs-oic-uat-axhknnpmgslz-si.integration.ap-singapore-1.ocp.oraclecloud.com/ic/api/integration/v1/projects/KAFKA_TEST/integrations?limit=100&integrationInstance=ap-ccswacs-oic-dev-axhknnpmgslz-si "HTTP/1.1 307 Temporary Redirect"
2026-09-16 18:11:46,196 - httpx - INFO - HTTP Request: GET https://design.integration.ap-singapore-1.ocp.oraclecloud.com/ic/api/integration/v1/projects/KAFKA_TEST/integrations?limit=100&integrationInstance=ap-ccswacs-oic-dev-axhknnpmgslz-si&integrationInstance=ap-ccs-oic-uat-axhknnpmgslz-si "HTTP/1.1 200 OK"
2026-09-16 18:11:46,200 - mcp_server.oic_client - INFO - HTTP request to /ic/api/integration/v1/projects/KAFKA_TEST/integrations completed in 0.18s (Status: 200)
2026-09-16 18:11:46,261 - httpx - INFO - HTTP Request: GET https://ap-ccs-oic-uat-axhknnpmgslz-si.integration.ap-singapore-1.ocp.oraclecloud.com/ic/api/integration/v1/projects/ORDEREVENTPROJECT/integrations?limit=100&integrationInstance=ap-ccswacs-oic-dev-axhknnpmgslz-si "HTTP/1.1 307 Temporary Redirect"
2026-09-16 18:11:46,352 - httpx - INFO - HTTP Request: GET https://design.integration.ap-singapore-1.ocp.oraclecloud.com/ic/api/integration/v1/projects/ORDEREVENTPROJECT/integrations?limit=100&integrationInstance=ap-ccswacs-oic-dev-axhknnpmgslz-si&integrationInstance=ap-ccs-oic-uat-axhknnpmgslz-si "HTTP/1.1 200 OK"
2026-09-16 18:11:46,354 - mcp_server.oic_client - INFO - HTTP request to /ic/api/integration/v1/projects/ORDEREVENTPROJECT/integrations completed in 0.15s (Status: 200)
2026-09-16 18:11:46,422 - httpx - INFO - HTTP Request: GET https://ap-ccs-oic-uat-axhknnpmgslz-si.integration.ap-singapore-1.ocp.oraclecloud.com/ic/api/integration/v1/projects/EXPENSE_APPROVAL_PROJECT/integrations?limit=100&integrationInstance=ap-ccswacs-oic-dev-axhknnpmgslz-si "HTTP/1.1 307 Temporary Redirect"
2026-09-16 18:11:46,593 - httpx - INFO - HTTP Request: GET https://design.integration.ap-singapore-1.ocp.oraclecloud.com/ic/api/integration/v1/projects/EXPENSE_APPROVAL_PROJECT/integrations?limit=100&integrationInstance=ap-ccswacs-oic-dev-axhknnpmgslz-si&integrationInstance=ap-ccs-oic-uat-axhknnpmgslz-si "HTTP/1.1 200 OK"
2026-09-16 18:11:46,596 - mcp_server.oic_client - INFO - HTTP request to /ic/api/integration/v1/projects/EXPENSE_APPROVAL_PROJECT/integrations completed in 0.24s (Status: 200)
2026-09-16 18:11:46,662 - httpx - INFO - HTTP Request: GET https://ap-ccs-oic-uat-axhknnpmgslz-si.integration.ap-singapore-1.ocp.oraclecloud.com/ic/api/integration/v1/projects/EMPLOYEEONBOARDINGPROJECT/integrations?limit=100&integrationInstance=ap-ccswacs-oic-dev-axhknnpmgslz-si "HTTP/1.1 307 Temporary Redirect"
2026-09-16 18:11:46,770 - httpx - INFO - HTTP Request: GET https://design.integration.ap-singapore-1.ocp.oraclecloud.com/ic/api/integration/v1/projects/EMPLOYEEONBOARDINGPROJECT/integrations?limit=100&integrationInstance=ap-ccswacs-oic-dev-axhknnpmgslz-si&integrationInstance=ap-ccs-oic-uat-axhknnpmgslz-si "HTTP/1.1 200 OK"
2026-09-16 18:11:46,772 - mcp_server.oic_client - INFO - HTTP request to /ic/api/integration/v1/projects/EMPLOYEEONBOARDINGPROJECT/integrations completed in 0.17s (Status: 200)
2026-09-16 18:11:46,831 - httpx - INFO - HTTP Request: GET https://ap-ccs-oic-uat-axhknnpmgslz-si.integration.ap-singapore-1.ocp.oraclecloud.com/ic/api/integration/v1/projects/OUTL-BA-WACS_OFSC/integrations?limit=100&integrationInstance=ap-ccswacs-oic-dev-axhknnpmgslz-si "HTTP/1.1 307 Temporary Redirect"
2026-09-16 18:11:47,079 - httpx - INFO - HTTP Request: GET https://design.integration.ap-singapore-1.ocp.oraclecloud.com/ic/api/integration/v1/projects/OUTL-BA-WACS_OFSC/integrations?limit=100&integrationInstance=ap-ccswacs-oic-dev-axhknnpmgslz-si&integrationInstance=ap-ccs-oic-uat-axhknnpmgslz-si "HTTP/1.1 200 OK"
2026-09-16 18:11:47,082 - mcp_server.oic_client - INFO - HTTP request to /ic/api/integration/v1/projects/OUTL-BA-WACS_OFSC/integrations completed in 0.31s (Status: 200)
2026-09-16 18:11:47,148 - httpx - INFO - HTTP Request: GET https://ap-ccs-oic-uat-axhknnpmgslz-si.integration.ap-singapore-1.ocp.oraclecloud.com/ic/api/integration/v1/projects/OUTL-BA-WACS_ERPSCM/integrations?limit=100&integrationInstance=ap-ccswacs-oic-dev-axhknnpmgslz-si "HTTP/1.1 307 Temporary Redirect"
2026-09-16 18:11:47,462 - httpx - INFO - HTTP Request: GET https://design.integration.ap-singapore-1.ocp.oraclecloud.com/ic/api/integration/v1/projects/OUTL-BA-WACS_ERPSCM/integrations?limit=100&integrationInstance=ap-ccswacs-oic-dev-axhknnpmgslz-si&integrationInstance=ap-ccs-oic-uat-axhknnpmgslz-si "HTTP/1.1 200 OK"
2026-09-16 18:11:47,465 - mcp_server.oic_client - INFO - HTTP request to /ic/api/integration/v1/projects/OUTL-BA-WACS_ERPSCM/integrations completed in 0.38s (Status: 200)
2026-09-16 18:11:47,532 - httpx - INFO - HTTP Request: GET https://ap-ccs-oic-uat-axhknnpmgslz-si.integration.ap-singapore-1.ocp.oraclecloud.com/ic/api/integration/v1/projects/APDU_ODM_MDM/integrations?limit=100&integrationInstance=ap-ccswacs-oic-dev-axhknnpmgslz-si "HTTP/1.1 307 Temporary Redirect"
2026-09-16 18:11:47,667 - httpx - INFO - HTTP Request: GET https://design.integration.ap-singapore-1.ocp.oraclecloud.com/ic/api/integration/v1/projects/APDU_ODM_MDM/integrations?limit=100&integrationInstance=ap-ccswacs-oic-dev-axhknnpmgslz-si&integrationInstance=ap-ccs-oic-uat-axhknnpmgslz-si "HTTP/1.1 200 OK"
2026-09-16 18:11:47,669 - mcp_server.oic_client - INFO - HTTP request to /ic/api/integration/v1/projects/APDU_ODM_MDM/integrations completed in 0.20s (Status: 200)
2026-09-16 18:11:47,732 - httpx - INFO - HTTP Request: GET https://ap-ccs-oic-uat-axhknnpmgslz-si.integration.ap-singapore-1.ocp.oraclecloud.com/ic/api/integration/v1/projects/APDU_CCS_OFSC/integrations?limit=100&integrationInstance=ap-ccswacs-oic-dev-axhknnpmgslz-si "HTTP/1.1 307 Temporary Redirect"
2026-09-16 18:11:47,899 - httpx - INFO - HTTP Request: GET https://design.integration.ap-singapore-1.ocp.oraclecloud.com/ic/api/integration/v1/projects/APDU_CCS_OFSC/integrations?limit=100&integrationInstance=ap-ccswacs-oic-dev-axhknnpmgslz-si&integrationInstance=ap-ccs-oic-uat-axhknnpmgslz-si "HTTP/1.1 200 OK"
2026-09-16 18:11:47,903 - mcp_server.oic_client - INFO - HTTP request to /ic/api/integration/v1/projects/APDU_CCS_OFSC/integrations completed in 0.23s (Status: 200)
2026-09-16 18:11:47,965 - httpx - INFO - HTTP Request: GET https://ap-ccs-oic-uat-axhknnpmgslz-si.integration.ap-singapore-1.ocp.oraclecloud.com/ic/api/integration/v1/projects/OUTL-BA-CCS_OFSC/integrations?limit=100&integrationInstance=ap-ccswacs-oic-dev-axhknnpmgslz-si "HTTP/1.1 307 Temporary Redirect"
2026-09-16 18:11:48,163 - httpx - INFO - HTTP Request: GET https://design.integration.ap-singapore-1.ocp.oraclecloud.com/ic/api/integration/v1/projects/OUTL-BA-CCS_OFSC/integrations?limit=100&integrationInstance=ap-ccswacs-oic-dev-axhknnpmgslz-si&integrationInstance=ap-ccs-oic-uat-axhknnpmgslz-si "HTTP/1.1 200 OK"
2026-09-16 18:11:48,167 - mcp_server.oic_client - INFO - HTTP request to /ic/api/integration/v1/projects/OUTL-BA-CCS_OFSC/integrations completed in 0.26s (Status: 200)
2026-09-16 18:11:48,229 - httpx - INFO - HTTP Request: GET https://ap-ccs-oic-uat-axhknnpmgslz-si.integration.ap-singapore-1.ocp.oraclecloud.com/ic/api/integration/v1/projects/APDU_WACS_CCS/integrations?limit=100&integrationInstance=ap-ccswacs-oic-dev-axhknnpmgslz-si "HTTP/1.1 307 Temporary Redirect"
2026-09-16 18:11:48,339 - httpx - INFO - HTTP Request: GET https://design.integration.ap-singapore-1.ocp.oraclecloud.com/ic/api/integration/v1/projects/APDU_WACS_CCS/integrations?limit=100&integrationInstance=ap-ccswacs-oic-dev-axhknnpmgslz-si&integrationInstance=ap-ccs-oic-uat-axhknnpmgslz-si "HTTP/1.1 200 OK"
2026-09-16 18:11:48,342 - mcp_server.oic_client - INFO - HTTP request to /ic/api/integration/v1/projects/APDU_WACS_CCS/integrations completed in 0.17s (Status: 200)
2026-09-16 18:11:48,402 - httpx - INFO - HTTP Request: GET https://ap-ccs-oic-uat-axhknnpmgslz-si.integration.ap-singapore-1.ocp.oraclecloud.com/ic/api/integration/v1/projects/OUTL-BA-ARCGIS_WACS/integrations?limit=100&integrationInstance=ap-ccswacs-oic-dev-axhknnpmgslz-si "HTTP/1.1 307 Temporary Redirect"
2026-09-16 18:11:48,803 - httpx - INFO - HTTP Request: GET https://design.integration.ap-singapore-1.ocp.oraclecloud.com/ic/api/integration/v1/projects/OUTL-BA-ARCGIS_WACS/integrations?limit=100&integrationInstance=ap-ccswacs-oic-dev-axhknnpmgslz-si&integrationInstance=ap-ccs-oic-uat-axhknnpmgslz-si "HTTP/1.1 200 OK"
2026-09-16 18:11:48,806 - mcp_server.oic_client - INFO - HTTP request to /ic/api/integration/v1/projects/OUTL-BA-ARCGIS_WACS/integrations completed in 0.46s (Status: 200)
2026-09-16 18:11:48,808 - mcp_server.oic_client - INFO - Calling list_integrations - only_activated: None, limit: None, page: None
2026-09-16 18:11:48,866 - httpx - INFO - HTTP Request: GET https://ap-ccs-oic-uat-axhknnpmgslz-si.integration.ap-singapore-1.ocp.oraclecloud.com/ic/api/integration/v1/integrations?integrationInstance=ap-ccswacs-oic-dev-axhknnpmgslz-si "HTTP/1.1 307 Temporary Redirect"
2026-09-16 18:11:48,958 - httpx - INFO - HTTP Request: GET https://design.integration.ap-singapore-1.ocp.oraclecloud.com/ic/api/integration/v1/integrations?integrationInstance=ap-ccswacs-oic-dev-axhknnpmgslz-si&integrationInstance=ap-ccs-oic-uat-axhknnpmgslz-si "HTTP/1.1 200 OK"
2026-09-16 18:11:48,960 - mcp_server.oic_client - INFO - HTTP request to /ic/api/integration/v1/integrations completed in 0.15s (Status: 200)
2026-09-16 18:11:48,960 - mcp_server.oic_client - INFO - list_integrations returned 0 items, total: 0, hasMore: False in 0.15s
2026-09-16 18:11:48,961 - mcp_server.oic_client - INFO - Fetching page 1/50
2026-09-16 18:11:48,961 - mcp_server.oic_client - INFO - Calling list_integrations - only_activated: None, limit: 100, page: 1
2026-09-16 18:11:49,022 - httpx - INFO - HTTP Request: GET https://ap-ccs-oic-uat-axhknnpmgslz-si.integration.ap-singapore-1.ocp.oraclecloud.com/ic/api/integration/v1/integrations?limit=100&page=1&integrationInstance=ap-ccswacs-oic-dev-axhknnpmgslz-si "HTTP/1.1 307 Temporary Redirect"
2026-09-16 18:11:49,109 - httpx - INFO - HTTP Request: GET https://design.integration.ap-singapore-1.ocp.oraclecloud.com/ic/api/integration/v1/integrations?limit=100&page=1&integrationInstance=ap-ccswacs-oic-dev-axhknnpmgslz-si&integrationInstance=ap-ccs-oic-uat-axhknnpmgslz-si "HTTP/1.1 200 OK"
2026-09-16 18:11:49,113 - mcp_server.oic_client - INFO - HTTP request to /ic/api/integration/v1/integrations completed in 0.15s (Status: 200)
2026-09-16 18:11:49,113 - mcp_server.oic_client - INFO - list_integrations returned 0 items, total: 0, hasMore: False in 0.15s
2026-09-16 18:11:49,114 - mcp_server.oic_client - INFO - Page 1: API returned 0 items, totalResults: 0, hasMore: False
2026-09-16 18:11:49,114 - mcp_server.oic_client - INFO - No items found on page 1, stopping pagination
2026-09-16 18:11:49,114 - mcp_server.oic_client - INFO - list_all_integrations completed: fetched 95 unique integrations from 0 pages in 6.25s
2026-09-16 18:11:49,115 - mcp_server.oic_client - INFO - Found latest version for APDU_WACS_DXI_CREATEWO: 01.00.0002 in 6.25s
2026-09-16 18:11:49,177 - httpx - INFO - HTTP Request: GET https://ap-ccs-oic-uat-axhknnpmgslz-si.integration.ap-singapore-1.ocp.oraclecloud.com/ic/api/integration/v1/monitoring/integrations/APDU_WACS_DXI_CREATEWO%7C01.00.0002?integrationInstance=ap-ccswacs-oic-dev-axhknnpmgslz-si "HTTP/1.1 307 Temporary Redirect"
2026-09-16 18:11:49,274 - httpx - INFO - HTTP Request: GET https://design.integration.ap-singapore-1.ocp.oraclecloud.com/ic/api/integration/v1/monitoring/integrations/APDU_WACS_DXI_CREATEWO%7C01.00.0002?integrationInstance=ap-ccswacs-oic-dev-axhknnpmgslz-si&integrationInstance=ap-ccs-oic-uat-axhknnpmgslz-si "HTTP/1.1 200 OK"
2026-09-16 18:11:49,277 - mcp_server.oic_client - INFO - HTTP request to /ic/api/integration/v1/monitoring/integrations/APDU_WACS_DXI_CREATEWO%7C01.00.0002 completed in 0.16s (Status: 200)
2026-09-16 18:11:49,278 - __main__ - INFO - Tool get_integration_monitoring executed successfully in 6.41s
2026-09-16 18:11:49,278 - __main__ - INFO - Tool get_integration_monitoring request completed in 6.41s total
2026-09-16 18:11:52,435 - mcp_server.main - INFO - Received MCP request: tools/call (ID: 2)
2026-09-16 18:11:52,435 - mcp_server.main - INFO - Executing tool: get_integration_monitoring
2026-09-16 18:11:52,435 - mcp_server.oic_client - INFO - Resolving latest version for code: APDU_WACS_DXI_CREATEWO
2026-09-16 18:11:52,436 - mcp_server.oic_client - INFO - Starting list_all_integrations - only_activated: None, max_pages: 50, per_page: 100
2026-09-16 18:11:52,839 - mcp_server.oic_client - INFO - Fetching new OAuth token
2026-09-16 18:11:53,144 - httpx - INFO - HTTP Request: POST https://idcs-40ce518ee4354cb8b8a1f54926629fc0.identity.oraclecloud.com/oauth2/v1/token "HTTP/1.1 200 OK"
2026-09-16 18:11:53,149 - mcp_server.oic_client - INFO - OAuth token fetched successfully in 0.31s
2026-09-16 18:11:53,389 - httpx - INFO - HTTP Request: GET https://ap-ccs-oic-uat-axhknnpmgslz-si.integration.ap-singapore-1.ocp.oraclecloud.com/ic/api/integration/v1/projects?limit=100&integrationInstance=ap-ccswacs-oic-dev-axhknnpmgslz-si "HTTP/1.1 307 Temporary Redirect"
2026-09-16 18:11:53,717 - httpx - INFO - HTTP Request: GET https://design.integration.ap-singapore-1.ocp.oraclecloud.com/ic/api/integration/v1/projects?limit=100&integrationInstance=ap-ccswacs-oic-dev-axhknnpmgslz-si&integrationInstance=ap-ccs-oic-uat-axhknnpmgslz-si "HTTP/1.1 200 OK"
2026-09-16 18:11:53,720 - mcp_server.oic_client - INFO - HTTP request to /ic/api/integration/v1/projects completed in 0.57s (Status: 200)
2026-09-16 18:11:53,785 - httpx - INFO - HTTP Request: GET https://ap-ccs-oic-uat-axhknnpmgslz-si.integration.ap-singapore-1.ocp.oraclecloud.com/ic/api/integration/v1/projects/APDU_WACS_OFSC/integrations?limit=100&integrationInstance=ap-ccswacs-oic-dev-axhknnpmgslz-si "HTTP/1.1 307 Temporary Redirect"
2026-09-16 18:11:55,366 - httpx - INFO - HTTP Request: GET https://design.integration.ap-singapore-1.ocp.oraclecloud.com/ic/api/integration/v1/projects/APDU_WACS_OFSC/integrations?limit=100&integrationInstance=ap-ccswacs-oic-dev-axhknnpmgslz-si&integrationInstance=ap-ccs-oic-uat-axhknnpmgslz-si "HTTP/1.1 200 OK"
2026-09-16 18:11:55,368 - mcp_server.oic_client - INFO - HTTP request to /ic/api/integration/v1/projects/APDU_WACS_OFSC/integrations completed in 1.65s (Status: 200)
2026-09-16 18:11:55,432 - httpx - INFO - HTTP Request: GET https://ap-ccs-oic-uat-axhknnpmgslz-si.integration.ap-singapore-1.ocp.oraclecloud.com/ic/api/integration/v1/projects/APDU_CBS_OFSC_FUSIONPA/integrations?limit=100&integrationInstance=ap-ccswacs-oic-dev-axhknnpmgslz-si "HTTP/1.1 307 Temporary Redirect"
2026-09-16 18:11:55,590 - httpx - INFO - HTTP Request: GET https://design.integration.ap-singapore-1.ocp.oraclecloud.com/ic/api/integration/v1/projects/APDU_CBS_OFSC_FUSIONPA/integrations?limit=100&integrationInstance=ap-ccswacs-oic-dev-axhknnpmgslz-si&integrationInstance=ap-ccs-oic-uat-axhknnpmgslz-si "HTTP/1.1 200 OK"
2026-09-16 18:11:55,592 - mcp_server.oic_client - INFO - HTTP request to /ic/api/integration/v1/projects/APDU_CBS_OFSC_FUSIONPA/integrations completed in 0.22s (Status: 200)
2026-09-16 18:11:55,649 - httpx - INFO - HTTP Request: GET https://ap-ccs-oic-uat-axhknnpmgslz-si.integration.ap-singapore-1.ocp.oraclecloud.com/ic/api/integration/v1/projects/APDU_WACS_COMMON/integrations?limit=100&integrationInstance=ap-ccswacs-oic-dev-axhknnpmgslz-si "HTTP/1.1 307 Temporary Redirect"
2026-09-16 18:11:55,787 - httpx - INFO - HTTP Request: GET https://design.integration.ap-singapore-1.ocp.oraclecloud.com/ic/api/integration/v1/projects/APDU_WACS_COMMON/integrations?limit=100&integrationInstance=ap-ccswacs-oic-dev-axhknnpmgslz-si&integrationInstance=ap-ccs-oic-uat-axhknnpmgslz-si "HTTP/1.1 200 OK"
2026-09-16 18:11:55,791 - mcp_server.oic_client - INFO - HTTP request to /ic/api/integration/v1/projects/APDU_WACS_COMMON/integrations completed in 0.20s (Status: 200)
2026-09-16 18:11:55,860 - httpx - INFO - HTTP Request: GET https://ap-ccs-oic-uat-axhknnpmgslz-si.integration.ap-singapore-1.ocp.oraclecloud.com/ic/api/integration/v1/projects/TEST_AI/integrations?limit=100&integrationInstance=ap-ccswacs-oic-dev-axhknnpmgslz-si "HTTP/1.1 307 Temporary Redirect"
2026-09-16 18:11:56,006 - httpx - INFO - HTTP Request: GET https://design.integration.ap-singapore-1.ocp.oraclecloud.com/ic/api/integration/v1/projects/TEST_AI/integrations?limit=100&integrationInstance=ap-ccswacs-oic-dev-axhknnpmgslz-si&integrationInstance=ap-ccs-oic-uat-axhknnpmgslz-si "HTTP/1.1 200 OK"
2026-09-16 18:11:56,010 - mcp_server.oic_client - INFO - HTTP request to /ic/api/integration/v1/projects/TEST_AI/integrations completed in 0.22s (Status: 200)
2026-09-16 18:11:56,071 - httpx - INFO - HTTP Request: GET https://ap-ccs-oic-uat-axhknnpmgslz-si.integration.ap-singapore-1.ocp.oraclecloud.com/ic/api/integration/v1/projects/APDU_OFSC_ZENDESK/integrations?limit=100&integrationInstance=ap-ccswacs-oic-dev-axhknnpmgslz-si "HTTP/1.1 307 Temporary Redirect"
2026-09-16 18:11:56,175 - httpx - INFO - HTTP Request: GET https://design.integration.ap-singapore-1.ocp.oraclecloud.com/ic/api/integration/v1/projects/APDU_OFSC_ZENDESK/integrations?limit=100&integrationInstance=ap-ccswacs-oic-dev-axhknnpmgslz-si&integrationInstance=ap-ccs-oic-uat-axhknnpmgslz-si "HTTP/1.1 200 OK"
2026-09-16 18:11:56,177 - mcp_server.oic_client - INFO - HTTP request to /ic/api/integration/v1/projects/APDU_OFSC_ZENDESK/integrations completed in 0.17s (Status: 200)
2026-09-16 18:11:56,237 - httpx - INFO - HTTP Request: GET https://ap-ccs-oic-uat-axhknnpmgslz-si.integration.ap-singapore-1.ocp.oraclecloud.com/ic/api/integration/v1/projects/APDU_WACS_DXI_GIS/integrations?limit=100&integrationInstance=ap-ccswacs-oic-dev-axhknnpmgslz-si "HTTP/1.1 307 Temporary Redirect"
2026-09-16 18:11:56,376 - httpx - INFO - HTTP Request: GET https://design.integration.ap-singapore-1.ocp.oraclecloud.com/ic/api/integration/v1/projects/APDU_WACS_DXI_GIS/integrations?limit=100&integrationInstance=ap-ccswacs-oic-dev-axhknnpmgslz-si&integrationInstance=ap-ccs-oic-uat-axhknnpmgslz-si "HTTP/1.1 200 OK"
2026-09-16 18:11:56,377 - mcp_server.oic_client - INFO - HTTP request to /ic/api/integration/v1/projects/APDU_WACS_DXI_GIS/integrations completed in 0.20s (Status: 200)
2026-09-16 18:11:56,437 - httpx - INFO - HTTP Request: GET https://ap-ccs-oic-uat-axhknnpmgslz-si.integration.ap-singapore-1.ocp.oraclecloud.com/ic/api/integration/v1/projects/APDU_WACS_ARCGIS/integrations?limit=100&integrationInstance=ap-ccswacs-oic-dev-axhknnpmgslz-si "HTTP/1.1 307 Temporary Redirect"
2026-09-16 18:11:56,671 - httpx - INFO - HTTP Request: GET https://design.integration.ap-singapore-1.ocp.oraclecloud.com/ic/api/integration/v1/projects/APDU_WACS_ARCGIS/integrations?limit=100&integrationInstance=ap-ccswacs-oic-dev-axhknnpmgslz-si&integrationInstance=ap-ccs-oic-uat-axhknnpmgslz-si "HTTP/1.1 200 OK"
2026-09-16 18:11:56,675 - mcp_server.oic_client - INFO - HTTP request to /ic/api/integration/v1/projects/APDU_WACS_ARCGIS/integrations completed in 0.30s (Status: 200)
2026-09-16 18:11:56,736 - httpx - INFO - HTTP Request: GET https://ap-ccs-oic-uat-axhknnpmgslz-si.integration.ap-singapore-1.ocp.oraclecloud.com/ic/api/integration/v1/projects/KAFKA_TEST/integrations?limit=100&integrationInstance=ap-ccswacs-oic-dev-axhknnpmgslz-si "HTTP/1.1 307 Temporary Redirect"
2026-09-16 18:11:56,825 - httpx - INFO - HTTP Request: GET https://design.integration.ap-singapore-1.ocp.oraclecloud.com/ic/api/integration/v1/projects/KAFKA_TEST/integrations?limit=100&integrationInstance=ap-ccswacs-oic-dev-axhknnpmgslz-si&integrationInstance=ap-ccs-oic-uat-axhknnpmgslz-si "HTTP/1.1 200 OK"
2026-09-16 18:11:56,827 - mcp_server.oic_client - INFO - HTTP request to /ic/api/integration/v1/projects/KAFKA_TEST/integrations completed in 0.15s (Status: 200)
2026-09-16 18:11:56,888 - httpx - INFO - HTTP Request: GET https://ap-ccs-oic-uat-axhknnpmgslz-si.integration.ap-singapore-1.ocp.oraclecloud.com/ic/api/integration/v1/projects/ORDEREVENTPROJECT/integrations?limit=100&integrationInstance=ap-ccswacs-oic-dev-axhknnpmgslz-si "HTTP/1.1 307 Temporary Redirect"
2026-09-16 18:11:56,986 - httpx - INFO - HTTP Request: GET https://design.integration.ap-singapore-1.ocp.oraclecloud.com/ic/api/integration/v1/projects/ORDEREVENTPROJECT/integrations?limit=100&integrationInstance=ap-ccswacs-oic-dev-axhknnpmgslz-si&integrationInstance=ap-ccs-oic-uat-axhknnpmgslz-si "HTTP/1.1 200 OK"
2026-09-16 18:11:56,992 - mcp_server.oic_client - INFO - HTTP request to /ic/api/integration/v1/projects/ORDEREVENTPROJECT/integrations completed in 0.16s (Status: 200)
2026-09-16 18:11:57,055 - httpx - INFO - HTTP Request: GET https://ap-ccs-oic-uat-axhknnpmgslz-si.integration.ap-singapore-1.ocp.oraclecloud.com/ic/api/integration/v1/projects/EXPENSE_APPROVAL_PROJECT/integrations?limit=100&integrationInstance=ap-ccswacs-oic-dev-axhknnpmgslz-si "HTTP/1.1 307 Temporary Redirect"
2026-09-16 18:11:57,164 - httpx - INFO - HTTP Request: GET https://design.integration.ap-singapore-1.ocp.oraclecloud.com/ic/api/integration/v1/projects/EXPENSE_APPROVAL_PROJECT/integrations?limit=100&integrationInstance=ap-ccswacs-oic-dev-axhknnpmgslz-si&integrationInstance=ap-ccs-oic-uat-axhknnpmgslz-si "HTTP/1.1 200 OK"
2026-09-16 18:11:57,168 - mcp_server.oic_client - INFO - HTTP request to /ic/api/integration/v1/projects/EXPENSE_APPROVAL_PROJECT/integrations completed in 0.18s (Status: 200)
2026-09-16 18:11:57,227 - httpx - INFO - HTTP Request: GET https://ap-ccs-oic-uat-axhknnpmgslz-si.integration.ap-singapore-1.ocp.oraclecloud.com/ic/api/integration/v1/projects/EMPLOYEEONBOARDINGPROJECT/integrations?limit=100&integrationInstance=ap-ccswacs-oic-dev-axhknnpmgslz-si "HTTP/1.1 307 Temporary Redirect"
2026-09-16 18:11:57,327 - httpx - INFO - HTTP Request: GET https://design.integration.ap-singapore-1.ocp.oraclecloud.com/ic/api/integration/v1/projects/EMPLOYEEONBOARDINGPROJECT/integrations?limit=100&integrationInstance=ap-ccswacs-oic-dev-axhknnpmgslz-si&integrationInstance=ap-ccs-oic-uat-axhknnpmgslz-si "HTTP/1.1 200 OK"
2026-09-16 18:11:57,329 - mcp_server.oic_client - INFO - HTTP request to /ic/api/integration/v1/projects/EMPLOYEEONBOARDINGPROJECT/integrations completed in 0.16s (Status: 200)
2026-09-16 18:11:57,389 - httpx - INFO - HTTP Request: GET https://ap-ccs-oic-uat-axhknnpmgslz-si.integration.ap-singapore-1.ocp.oraclecloud.com/ic/api/integration/v1/projects/OUTL-BA-WACS_OFSC/integrations?limit=100&integrationInstance=ap-ccswacs-oic-dev-axhknnpmgslz-si "HTTP/1.1 307 Temporary Redirect"
2026-09-16 18:11:57,668 - httpx - INFO - HTTP Request: GET https://design.integration.ap-singapore-1.ocp.oraclecloud.com/ic/api/integration/v1/projects/OUTL-BA-WACS_OFSC/integrations?limit=100&integrationInstance=ap-ccswacs-oic-dev-axhknnpmgslz-si&integrationInstance=ap-ccs-oic-uat-axhknnpmgslz-si "HTTP/1.1 200 OK"
2026-09-16 18:11:57,671 - mcp_server.oic_client - INFO - HTTP request to /ic/api/integration/v1/projects/OUTL-BA-WACS_OFSC/integrations completed in 0.34s (Status: 200)
2026-09-16 18:11:57,736 - httpx - INFO - HTTP Request: GET https://ap-ccs-oic-uat-axhknnpmgslz-si.integration.ap-singapore-1.ocp.oraclecloud.com/ic/api/integration/v1/projects/OUTL-BA-WACS_ERPSCM/integrations?limit=100&integrationInstance=ap-ccswacs-oic-dev-axhknnpmgslz-si "HTTP/1.1 307 Temporary Redirect"
2026-09-16 18:11:58,014 - httpx - INFO - HTTP Request: GET https://design.integration.ap-singapore-1.ocp.oraclecloud.com/ic/api/integration/v1/projects/OUTL-BA-WACS_ERPSCM/integrations?limit=100&integrationInstance=ap-ccswacs-oic-dev-axhknnpmgslz-si&integrationInstance=ap-ccs-oic-uat-axhknnpmgslz-si "HTTP/1.1 200 OK"
2026-09-16 18:11:58,016 - mcp_server.oic_client - INFO - HTTP request to /ic/api/integration/v1/projects/OUTL-BA-WACS_ERPSCM/integrations completed in 0.34s (Status: 200)
2026-09-16 18:11:58,080 - httpx - INFO - HTTP Request: GET https://ap-ccs-oic-uat-axhknnpmgslz-si.integration.ap-singapore-1.ocp.oraclecloud.com/ic/api/integration/v1/projects/APDU_ODM_MDM/integrations?limit=100&integrationInstance=ap-ccswacs-oic-dev-axhknnpmgslz-si "HTTP/1.1 307 Temporary Redirect"
2026-09-16 18:11:58,214 - httpx - INFO - HTTP Request: GET https://design.integration.ap-singapore-1.ocp.oraclecloud.com/ic/api/integration/v1/projects/APDU_ODM_MDM/integrations?limit=100&integrationInstance=ap-ccswacs-oic-dev-axhknnpmgslz-si&integrationInstance=ap-ccs-oic-uat-axhknnpmgslz-si "HTTP/1.1 200 OK"
2026-09-16 18:11:58,220 - mcp_server.oic_client - INFO - HTTP request to /ic/api/integration/v1/projects/APDU_ODM_MDM/integrations completed in 0.20s (Status: 200)
2026-09-16 18:11:58,284 - httpx - INFO - HTTP Request: GET https://ap-ccs-oic-uat-axhknnpmgslz-si.integration.ap-singapore-1.ocp.oraclecloud.com/ic/api/integration/v1/projects/APDU_CCS_OFSC/integrations?limit=100&integrationInstance=ap-ccswacs-oic-dev-axhknnpmgslz-si "HTTP/1.1 307 Temporary Redirect"
2026-09-16 18:11:58,445 - httpx - INFO - HTTP Request: GET https://design.integration.ap-singapore-1.ocp.oraclecloud.com/ic/api/integration/v1/projects/APDU_CCS_OFSC/integrations?limit=100&integrationInstance=ap-ccswacs-oic-dev-axhknnpmgslz-si&integrationInstance=ap-ccs-oic-uat-axhknnpmgslz-si "HTTP/1.1 200 OK"
2026-09-16 18:11:58,447 - mcp_server.oic_client - INFO - HTTP request to /ic/api/integration/v1/projects/APDU_CCS_OFSC/integrations completed in 0.22s (Status: 200)
2026-09-16 18:11:58,506 - httpx - INFO - HTTP Request: GET https://ap-ccs-oic-uat-axhknnpmgslz-si.integration.ap-singapore-1.ocp.oraclecloud.com/ic/api/integration/v1/projects/OUTL-BA-CCS_OFSC/integrations?limit=100&integrationInstance=ap-ccswacs-oic-dev-axhknnpmgslz-si "HTTP/1.1 307 Temporary Redirect"
2026-09-16 18:11:58,664 - httpx - INFO - HTTP Request: GET https://design.integration.ap-singapore-1.ocp.oraclecloud.com/ic/api/integration/v1/projects/OUTL-BA-CCS_OFSC/integrations?limit=100&integrationInstance=ap-ccswacs-oic-dev-axhknnpmgslz-si&integrationInstance=ap-ccs-oic-uat-axhknnpmgslz-si "HTTP/1.1 200 OK"
2026-09-16 18:11:58,668 - mcp_server.oic_client - INFO - HTTP request to /ic/api/integration/v1/projects/OUTL-BA-CCS_OFSC/integrations completed in 0.22s (Status: 200)
2026-09-16 18:11:58,734 - httpx - INFO - HTTP Request: GET https://ap-ccs-oic-uat-axhknnpmgslz-si.integration.ap-singapore-1.ocp.oraclecloud.com/ic/api/integration/v1/projects/APDU_WACS_CCS/integrations?limit=100&integrationInstance=ap-ccswacs-oic-dev-axhknnpmgslz-si "HTTP/1.1 307 Temporary Redirect"
2026-09-16 18:11:58,857 - httpx - INFO - HTTP Request: GET https://design.integration.ap-singapore-1.ocp.oraclecloud.com/ic/api/integration/v1/projects/APDU_WACS_CCS/integrations?limit=100&integrationInstance=ap-ccswacs-oic-dev-axhknnpmgslz-si&integrationInstance=ap-ccs-oic-uat-axhknnpmgslz-si "HTTP/1.1 200 OK"
2026-09-16 18:11:58,861 - mcp_server.oic_client - INFO - HTTP request to /ic/api/integration/v1/projects/APDU_WACS_CCS/integrations completed in 0.19s (Status: 200)
2026-09-16 18:11:58,922 - httpx - INFO - HTTP Request: GET https://ap-ccs-oic-uat-axhknnpmgslz-si.integration.ap-singapore-1.ocp.oraclecloud.com/ic/api/integration/v1/projects/OUTL-BA-ARCGIS_WACS/integrations?limit=100&integrationInstance=ap-ccswacs-oic-dev-axhknnpmgslz-si "HTTP/1.1 307 Temporary Redirect"
2026-09-16 18:11:59,129 - httpx - INFO - HTTP Request: GET https://design.integration.ap-singapore-1.ocp.oraclecloud.com/ic/api/integration/v1/projects/OUTL-BA-ARCGIS_WACS/integrations?limit=100&integrationInstance=ap-ccswacs-oic-dev-axhknnpmgslz-si&integrationInstance=ap-ccs-oic-uat-axhknnpmgslz-si "HTTP/1.1 200 OK"
2026-09-16 18:11:59,133 - mcp_server.oic_client - INFO - HTTP request to /ic/api/integration/v1/projects/OUTL-BA-ARCGIS_WACS/integrations completed in 0.27s (Status: 200)
2026-09-16 18:11:59,135 - mcp_server.oic_client - INFO - Calling list_integrations - only_activated: None, limit: None, page: None
2026-09-16 18:11:59,197 - httpx - INFO - HTTP Request: GET https://ap-ccs-oic-uat-axhknnpmgslz-si.integration.ap-singapore-1.ocp.oraclecloud.com/ic/api/integration/v1/integrations?integrationInstance=ap-ccswacs-oic-dev-axhknnpmgslz-si "HTTP/1.1 307 Temporary Redirect"
2026-09-16 18:11:59,409 - httpx - INFO - HTTP Request: GET https://design.integration.ap-singapore-1.ocp.oraclecloud.com/ic/api/integration/v1/integrations?integrationInstance=ap-ccswacs-oic-dev-axhknnpmgslz-si&integrationInstance=ap-ccs-oic-uat-axhknnpmgslz-si "HTTP/1.1 200 OK"
2026-09-16 18:11:59,414 - mcp_server.oic_client - INFO - HTTP request to /ic/api/integration/v1/integrations completed in 0.28s (Status: 200)
2026-09-16 18:11:59,415 - mcp_server.oic_client - INFO - list_integrations returned 0 items, total: 0, hasMore: False in 0.28s
2026-09-16 18:11:59,416 - mcp_server.oic_client - INFO - Fetching page 1/50
2026-09-16 18:11:59,417 - mcp_server.oic_client - INFO - Calling list_integrations - only_activated: None, limit: 100, page: 1
2026-09-16 18:11:59,475 - httpx - INFO - HTTP Request: GET https://ap-ccs-oic-uat-axhknnpmgslz-si.integration.ap-singapore-1.ocp.oraclecloud.com/ic/api/integration/v1/integrations?limit=100&page=1&integrationInstance=ap-ccswacs-oic-dev-axhknnpmgslz-si "HTTP/1.1 307 Temporary Redirect"
2026-09-16 18:11:59,594 - httpx - INFO - HTTP Request: GET https://design.integration.ap-singapore-1.ocp.oraclecloud.com/ic/api/integration/v1/integrations?limit=100&page=1&integrationInstance=ap-ccswacs-oic-dev-axhknnpmgslz-si&integrationInstance=ap-ccs-oic-uat-axhknnpmgslz-si "HTTP/1.1 200 OK"
2026-09-16 18:11:59,597 - mcp_server.oic_client - INFO - HTTP request to /ic/api/integration/v1/integrations completed in 0.18s (Status: 200)
2026-09-16 18:11:59,597 - mcp_server.oic_client - INFO - list_integrations returned 0 items, total: 0, hasMore: False in 0.18s
2026-09-16 18:11:59,598 - mcp_server.oic_client - INFO - Page 1: API returned 0 items, totalResults: 0, hasMore: False
2026-09-16 18:11:59,598 - mcp_server.oic_client - INFO - No items found on page 1, stopping pagination
2026-09-16 18:11:59,599 - mcp_server.oic_client - INFO - list_all_integrations completed: fetched 95 unique integrations from 0 pages in 7.16s
2026-09-16 18:11:59,600 - mcp_server.oic_client - INFO - Found latest version for APDU_WACS_DXI_CREATEWO: 01.00.0002 in 7.16s
2026-09-16 18:11:59,662 - httpx - INFO - HTTP Request: GET https://ap-ccs-oic-uat-axhknnpmgslz-si.integration.ap-singapore-1.ocp.oraclecloud.com/ic/api/integration/v1/monitoring/integrations/APDU_WACS_DXI_CREATEWO%7C01.00.0002?integrationInstance=ap-ccswacs-oic-dev-axhknnpmgslz-si "HTTP/1.1 307 Temporary Redirect"
2026-09-16 18:11:59,758 - httpx - INFO - HTTP Request: GET https://design.integration.ap-singapore-1.ocp.oraclecloud.com/ic/api/integration/v1/monitoring/integrations/APDU_WACS_DXI_CREATEWO%7C01.00.0002?integrationInstance=ap-ccswacs-oic-dev-axhknnpmgslz-si&integrationInstance=ap-ccs-oic-uat-axhknnpmgslz-si "HTTP/1.1 200 OK"
2026-09-16 18:11:59,763 - mcp_server.oic_client - INFO - HTTP request to /ic/api/integration/v1/monitoring/integrations/APDU_WACS_DXI_CREATEWO%7C01.00.0002 completed in 0.16s (Status: 200)
2026-09-16 18:11:59,763 - mcp_server.main - INFO - Tool get_integration_monitoring executed successfully in 7.33s
2026-09-16 18:11:59,764 - mcp_server.main - INFO - Tool get_integration_monitoring request completed in 7.33s total
2026-09-16 18:12:02,255 - mcp_server.main - INFO - Received MCP request: tools/call (ID: 2)
2026-09-16 18:12:02,255 - mcp_server.main - INFO - Executing tool: get_integration_monitoring
2026-09-16 18:12:02,256 - mcp_server.oic_client - INFO - Resolving latest version for code: APDU_WACS_DXI_CREATEWO
2026-09-16 18:12:02,256 - mcp_server.oic_client - INFO - Starting list_all_integrations - only_activated: None, max_pages: 50, per_page: 100
2026-09-16 18:12:02,567 - mcp_server.oic_client - INFO - Fetching new OAuth token
2026-09-16 18:12:02,794 - httpx - INFO - HTTP Request: POST https://idcs-40ce518ee4354cb8b8a1f54926629fc0.identity.oraclecloud.com/oauth2/v1/token "HTTP/1.1 200 OK"
2026-09-16 18:12:02,795 - mcp_server.oic_client - INFO - OAuth token fetched successfully in 0.23s
2026-09-16 18:12:03,022 - httpx - INFO - HTTP Request: GET https://ap-ccs-oic-uat-axhknnpmgslz-si.integration.ap-singapore-1.ocp.oraclecloud.com/ic/api/integration/v1/projects?limit=100&integrationInstance=ap-ccswacs-oic-dev-axhknnpmgslz-si "HTTP/1.1 307 Temporary Redirect"
2026-09-16 18:12:03,430 - httpx - INFO - HTTP Request: GET https://design.integration.ap-singapore-1.ocp.oraclecloud.com/ic/api/integration/v1/projects?limit=100&integrationInstance=ap-ccswacs-oic-dev-axhknnpmgslz-si&integrationInstance=ap-ccs-oic-uat-axhknnpmgslz-si "HTTP/1.1 200 OK"
2026-09-16 18:12:03,432 - mcp_server.oic_client - INFO - HTTP request to /ic/api/integration/v1/projects completed in 0.64s (Status: 200)
2026-09-16 18:12:03,505 - httpx - INFO - HTTP Request: GET https://ap-ccs-oic-uat-axhknnpmgslz-si.integration.ap-singapore-1.ocp.oraclecloud.com/ic/api/integration/v1/projects/APDU_WACS_OFSC/integrations?limit=100&integrationInstance=ap-ccswacs-oic-dev-axhknnpmgslz-si "HTTP/1.1 307 Temporary Redirect"
2026-09-16 18:12:04,256 - httpx - INFO - HTTP Request: GET https://design.integration.ap-singapore-1.ocp.oraclecloud.com/ic/api/integration/v1/projects/APDU_WACS_OFSC/integrations?limit=100&integrationInstance=ap-ccswacs-oic-dev-axhknnpmgslz-si&integrationInstance=ap-ccs-oic-uat-axhknnpmgslz-si "HTTP/1.1 200 OK"
2026-09-16 18:12:04,258 - mcp_server.oic_client - INFO - HTTP request to /ic/api/integration/v1/projects/APDU_WACS_OFSC/integrations completed in 0.83s (Status: 200)
2026-09-16 18:12:04,344 - httpx - INFO - HTTP Request: GET https://ap-ccs-oic-uat-axhknnpmgslz-si.integration.ap-singapore-1.ocp.oraclecloud.com/ic/api/integration/v1/projects/APDU_CBS_OFSC_FUSIONPA/integrations?limit=100&integrationInstance=ap-ccswacs-oic-dev-axhknnpmgslz-si "HTTP/1.1 307 Temporary Redirect"
2026-09-16 18:12:04,461 - httpx - INFO - HTTP Request: GET https://design.integration.ap-singapore-1.ocp.oraclecloud.com/ic/api/integration/v1/projects/APDU_CBS_OFSC_FUSIONPA/integrations?limit=100&integrationInstance=ap-ccswacs-oic-dev-axhknnpmgslz-si&integrationInstance=ap-ccs-oic-uat-axhknnpmgslz-si "HTTP/1.1 200 OK"
2026-09-16 18:12:04,463 - mcp_server.oic_client - INFO - HTTP request to /ic/api/integration/v1/projects/APDU_CBS_OFSC_FUSIONPA/integrations completed in 0.20s (Status: 200)
2026-09-16 18:12:04,525 - httpx - INFO - HTTP Request: GET https://ap-ccs-oic-uat-axhknnpmgslz-si.integration.ap-singapore-1.ocp.oraclecloud.com/ic/api/integration/v1/projects/APDU_WACS_COMMON/integrations?limit=100&integrationInstance=ap-ccswacs-oic-dev-axhknnpmgslz-si "HTTP/1.1 307 Temporary Redirect"
2026-09-16 18:12:04,655 - httpx - INFO - HTTP Request: GET https://design.integration.ap-singapore-1.ocp.oraclecloud.com/ic/api/integration/v1/projects/APDU_WACS_COMMON/integrations?limit=100&integrationInstance=ap-ccswacs-oic-dev-axhknnpmgslz-si&integrationInstance=ap-ccs-oic-uat-axhknnpmgslz-si "HTTP/1.1 200 OK"
2026-09-16 18:12:04,657 - mcp_server.oic_client - INFO - HTTP request to /ic/api/integration/v1/projects/APDU_WACS_COMMON/integrations completed in 0.19s (Status: 200)
2026-09-16 18:12:04,723 - httpx - INFO - HTTP Request: GET https://ap-ccs-oic-uat-axhknnpmgslz-si.integration.ap-singapore-1.ocp.oraclecloud.com/ic/api/integration/v1/projects/TEST_AI/integrations?limit=100&integrationInstance=ap-ccswacs-oic-dev-axhknnpmgslz-si "HTTP/1.1 307 Temporary Redirect"
2026-09-16 18:12:04,833 - httpx - INFO - HTTP Request: GET https://design.integration.ap-singapore-1.ocp.oraclecloud.com/ic/api/integration/v1/projects/TEST_AI/integrations?limit=100&integrationInstance=ap-ccswacs-oic-dev-axhknnpmgslz-si&integrationInstance=ap-ccs-oic-uat-axhknnpmgslz-si "HTTP/1.1 200 OK"
2026-09-16 18:12:04,835 - mcp_server.oic_client - INFO - HTTP request to /ic/api/integration/v1/projects/TEST_AI/integrations completed in 0.18s (Status: 200)
2026-09-16 18:12:04,913 - httpx - INFO - HTTP Request: GET https://ap-ccs-oic-uat-axhknnpmgslz-si.integration.ap-singapore-1.ocp.oraclecloud.com/ic/api/integration/v1/projects/APDU_OFSC_ZENDESK/integrations?limit=100&integrationInstance=ap-ccswacs-oic-dev-axhknnpmgslz-si "HTTP/1.1 307 Temporary Redirect"
2026-09-16 18:12:05,014 - httpx - INFO - HTTP Request: GET https://design.integration.ap-singapore-1.ocp.oraclecloud.com/ic/api/integration/v1/projects/APDU_OFSC_ZENDESK/integrations?limit=100&integrationInstance=ap-ccswacs-oic-dev-axhknnpmgslz-si&integrationInstance=ap-ccs-oic-uat-axhknnpmgslz-si "HTTP/1.1 200 OK"
2026-09-16 18:12:05,016 - mcp_server.oic_client - INFO - HTTP request to /ic/api/integration/v1/projects/APDU_OFSC_ZENDESK/integrations completed in 0.17s (Status: 200)
2026-09-16 18:12:05,080 - httpx - INFO - HTTP Request: GET https://ap-ccs-oic-uat-axhknnpmgslz-si.integration.ap-singapore-1.ocp.oraclecloud.com/ic/api/integration/v1/projects/APDU_WACS_DXI_GIS/integrations?limit=100&integrationInstance=ap-ccswacs-oic-dev-axhknnpmgslz-si "HTTP/1.1 307 Temporary Redirect"
2026-09-16 18:12:05,250 - httpx - INFO - HTTP Request: GET https://design.integration.ap-singapore-1.ocp.oraclecloud.com/ic/api/integration/v1/projects/APDU_WACS_DXI_GIS/integrations?limit=100&integrationInstance=ap-ccswacs-oic-dev-axhknnpmgslz-si&integrationInstance=ap-ccs-oic-uat-axhknnpmgslz-si "HTTP/1.1 200 OK"
2026-09-16 18:12:05,253 - mcp_server.oic_client - INFO - HTTP request to /ic/api/integration/v1/projects/APDU_WACS_DXI_GIS/integrations completed in 0.24s (Status: 200)
2026-09-16 18:12:05,315 - httpx - INFO - HTTP Request: GET https://ap-ccs-oic-uat-axhknnpmgslz-si.integration.ap-singapore-1.ocp.oraclecloud.com/ic/api/integration/v1/projects/APDU_WACS_ARCGIS/integrations?limit=100&integrationInstance=ap-ccswacs-oic-dev-axhknnpmgslz-si "HTTP/1.1 307 Temporary Redirect"
2026-09-16 18:12:05,544 - httpx - INFO - HTTP Request: GET https://design.integration.ap-singapore-1.ocp.oraclecloud.com/ic/api/integration/v1/projects/APDU_WACS_ARCGIS/integrations?limit=100&integrationInstance=ap-ccswacs-oic-dev-axhknnpmgslz-si&integrationInstance=ap-ccs-oic-uat-axhknnpmgslz-si "HTTP/1.1 200 OK"
2026-09-16 18:12:05,545 - mcp_server.oic_client - INFO - HTTP request to /ic/api/integration/v1/projects/APDU_WACS_ARCGIS/integrations completed in 0.29s (Status: 200)
2026-09-16 18:12:05,606 - httpx - INFO - HTTP Request: GET https://ap-ccs-oic-uat-axhknnpmgslz-si.integration.ap-singapore-1.ocp.oraclecloud.com/ic/api/integration/v1/projects/KAFKA_TEST/integrations?limit=100&integrationInstance=ap-ccswacs-oic-dev-axhknnpmgslz-si "HTTP/1.1 307 Temporary Redirect"
2026-09-16 18:12:05,688 - httpx - INFO - HTTP Request: GET https://design.integration.ap-singapore-1.ocp.oraclecloud.com/ic/api/integration/v1/projects/KAFKA_TEST/integrations?limit=100&integrationInstance=ap-ccswacs-oic-dev-axhknnpmgslz-si&integrationInstance=ap-ccs-oic-uat-axhknnpmgslz-si "HTTP/1.1 200 OK"
2026-09-16 18:12:05,690 - mcp_server.oic_client - INFO - HTTP request to /ic/api/integration/v1/projects/KAFKA_TEST/integrations completed in 0.14s (Status: 200)
2026-09-16 18:12:05,748 - httpx - INFO - HTTP Request: GET https://ap-ccs-oic-uat-axhknnpmgslz-si.integration.ap-singapore-1.ocp.oraclecloud.com/ic/api/integration/v1/projects/ORDEREVENTPROJECT/integrations?limit=100&integrationInstance=ap-ccswacs-oic-dev-axhknnpmgslz-si "HTTP/1.1 307 Temporary Redirect"
2026-09-16 18:12:05,842 - httpx - INFO - HTTP Request: GET https://design.integration.ap-singapore-1.ocp.oraclecloud.com/ic/api/integration/v1/projects/ORDEREVENTPROJECT/integrations?limit=100&integrationInstance=ap-ccswacs-oic-dev-axhknnpmgslz-si&integrationInstance=ap-ccs-oic-uat-axhknnpmgslz-si "HTTP/1.1 200 OK"
2026-09-16 18:12:05,846 - mcp_server.oic_client - INFO - HTTP request to /ic/api/integration/v1/projects/ORDEREVENTPROJECT/integrations completed in 0.16s (Status: 200)
2026-09-16 18:12:05,914 - httpx - INFO - HTTP Request: GET https://ap-ccs-oic-uat-axhknnpmgslz-si.integration.ap-singapore-1.ocp.oraclecloud.com/ic/api/integration/v1/projects/EXPENSE_APPROVAL_PROJECT/integrations?limit=100&integrationInstance=ap-ccswacs-oic-dev-axhknnpmgslz-si "HTTP/1.1 307 Temporary Redirect"
2026-09-16 18:12:06,031 - httpx - INFO - HTTP Request: GET https://design.integration.ap-singapore-1.ocp.oraclecloud.com/ic/api/integration/v1/projects/EXPENSE_APPROVAL_PROJECT/integrations?limit=100&integrationInstance=ap-ccswacs-oic-dev-axhknnpmgslz-si&integrationInstance=ap-ccs-oic-uat-axhknnpmgslz-si "HTTP/1.1 200 OK"
2026-09-16 18:12:06,034 - mcp_server.oic_client - INFO - HTTP request to /ic/api/integration/v1/projects/EXPENSE_APPROVAL_PROJECT/integrations completed in 0.19s (Status: 200)
2026-09-16 18:12:06,098 - httpx - INFO - HTTP Request: GET https://ap-ccs-oic-uat-axhknnpmgslz-si.integration.ap-singapore-1.ocp.oraclecloud.com/ic/api/integration/v1/projects/EMPLOYEEONBOARDINGPROJECT/integrations?limit=100&integrationInstance=ap-ccswacs-oic-dev-axhknnpmgslz-si "HTTP/1.1 307 Temporary Redirect"
2026-09-16 18:12:06,218 - httpx - INFO - HTTP Request: GET https://design.integration.ap-singapore-1.ocp.oraclecloud.com/ic/api/integration/v1/projects/EMPLOYEEONBOARDINGPROJECT/integrations?limit=100&integrationInstance=ap-ccswacs-oic-dev-axhknnpmgslz-si&integrationInstance=ap-ccs-oic-uat-axhknnpmgslz-si "HTTP/1.1 200 OK"
2026-09-16 18:12:06,222 - mcp_server.oic_client - INFO - HTTP request to /ic/api/integration/v1/projects/EMPLOYEEONBOARDINGPROJECT/integrations completed in 0.19s (Status: 200)
2026-09-16 18:12:06,281 - httpx - INFO - HTTP Request: GET https://ap-ccs-oic-uat-axhknnpmgslz-si.integration.ap-singapore-1.ocp.oraclecloud.com/ic/api/integration/v1/projects/OUTL-BA-WACS_OFSC/integrations?limit=100&integrationInstance=ap-ccswacs-oic-dev-axhknnpmgslz-si "HTTP/1.1 307 Temporary Redirect"
2026-09-16 18:12:06,546 - httpx - INFO - HTTP Request: GET https://design.integration.ap-singapore-1.ocp.oraclecloud.com/ic/api/integration/v1/projects/OUTL-BA-WACS_OFSC/integrations?limit=100&integrationInstance=ap-ccswacs-oic-dev-axhknnpmgslz-si&integrationInstance=ap-ccs-oic-uat-axhknnpmgslz-si "HTTP/1.1 200 OK"
2026-09-16 18:12:06,550 - mcp_server.oic_client - INFO - HTTP request to /ic/api/integration/v1/projects/OUTL-BA-WACS_OFSC/integrations completed in 0.33s (Status: 200)
2026-09-16 18:12:06,612 - httpx - INFO - HTTP Request: GET https://ap-ccs-oic-uat-axhknnpmgslz-si.integration.ap-singapore-1.ocp.oraclecloud.com/ic/api/integration/v1/projects/OUTL-BA-WACS_ERPSCM/integrations?limit=100&integrationInstance=ap-ccswacs-oic-dev-axhknnpmgslz-si "HTTP/1.1 307 Temporary Redirect"
2026-09-16 18:12:07,010 - httpx - INFO - HTTP Request: GET https://design.integration.ap-singapore-1.ocp.oraclecloud.com/ic/api/integration/v1/projects/OUTL-BA-WACS_ERPSCM/integrations?limit=100&integrationInstance=ap-ccswacs-oic-dev-axhknnpmgslz-si&integrationInstance=ap-ccs-oic-uat-axhknnpmgslz-si "HTTP/1.1 200 OK"
2026-09-16 18:12:07,012 - mcp_server.oic_client - INFO - HTTP request to /ic/api/integration/v1/projects/OUTL-BA-WACS_ERPSCM/integrations completed in 0.46s (Status: 200)
2026-09-16 18:12:07,076 - httpx - INFO - HTTP Request: GET https://ap-ccs-oic-uat-axhknnpmgslz-si.integration.ap-singapore-1.ocp.oraclecloud.com/ic/api/integration/v1/projects/APDU_ODM_MDM/integrations?limit=100&integrationInstance=ap-ccswacs-oic-dev-axhknnpmgslz-si "HTTP/1.1 307 Temporary Redirect"
2026-09-16 18:12:07,202 - httpx - INFO - HTTP Request: GET https://design.integration.ap-singapore-1.ocp.oraclecloud.com/ic/api/integration/v1/projects/APDU_ODM_MDM/integrations?limit=100&integrationInstance=ap-ccswacs-oic-dev-axhknnpmgslz-si&integrationInstance=ap-ccs-oic-uat-axhknnpmgslz-si "HTTP/1.1 200 OK"
2026-09-16 18:12:07,205 - mcp_server.oic_client - INFO - HTTP request to /ic/api/integration/v1/projects/APDU_ODM_MDM/integrations completed in 0.19s (Status: 200)
2026-09-16 18:12:07,267 - httpx - INFO - HTTP Request: GET https://ap-ccs-oic-uat-axhknnpmgslz-si.integration.ap-singapore-1.ocp.oraclecloud.com/ic/api/integration/v1/projects/APDU_CCS_OFSC/integrations?limit=100&integrationInstance=ap-ccswacs-oic-dev-axhknnpmgslz-si "HTTP/1.1 307 Temporary Redirect"
2026-09-16 18:12:07,467 - httpx - INFO - HTTP Request: GET https://design.integration.ap-singapore-1.ocp.oraclecloud.com/ic/api/integration/v1/projects/APDU_CCS_OFSC/integrations?limit=100&integrationInstance=ap-ccswacs-oic-dev-axhknnpmgslz-si&integrationInstance=ap-ccs-oic-uat-axhknnpmgslz-si "HTTP/1.1 200 OK"
2026-09-16 18:12:07,471 - mcp_server.oic_client - INFO - HTTP request to /ic/api/integration/v1/projects/APDU_CCS_OFSC/integrations completed in 0.26s (Status: 200)
2026-09-16 18:12:07,538 - httpx - INFO - HTTP Request: GET https://ap-ccs-oic-uat-axhknnpmgslz-si.integration.ap-singapore-1.ocp.oraclecloud.com/ic/api/integration/v1/projects/OUTL-BA-CCS_OFSC/integrations?limit=100&integrationInstance=ap-ccswacs-oic-dev-axhknnpmgslz-si "HTTP/1.1 307 Temporary Redirect"
2026-09-16 18:12:07,729 - httpx - INFO - HTTP Request: GET https://design.integration.ap-singapore-1.ocp.oraclecloud.com/ic/api/integration/v1/projects/OUTL-BA-CCS_OFSC/integrations?limit=100&integrationInstance=ap-ccswacs-oic-dev-axhknnpmgslz-si&integrationInstance=ap-ccs-oic-uat-axhknnpmgslz-si "HTTP/1.1 200 OK"
2026-09-16 18:12:07,734 - mcp_server.oic_client - INFO - HTTP request to /ic/api/integration/v1/projects/OUTL-BA-CCS_OFSC/integrations completed in 0.26s (Status: 200)
2026-09-16 18:12:07,813 - httpx - INFO - HTTP Request: GET https://ap-ccs-oic-uat-axhknnpmgslz-si.integration.ap-singapore-1.ocp.oraclecloud.com/ic/api/integration/v1/projects/APDU_WACS_CCS/integrations?limit=100&integrationInstance=ap-ccswacs-oic-dev-axhknnpmgslz-si "HTTP/1.1 307 Temporary Redirect"
2026-09-16 18:12:07,986 - httpx - INFO - HTTP Request: GET https://design.integration.ap-singapore-1.ocp.oraclecloud.com/ic/api/integration/v1/projects/APDU_WACS_CCS/integrations?limit=100&integrationInstance=ap-ccswacs-oic-dev-axhknnpmgslz-si&integrationInstance=ap-ccs-oic-uat-axhknnpmgslz-si "HTTP/1.1 200 OK"
2026-09-16 18:12:07,989 - mcp_server.oic_client - INFO - HTTP request to /ic/api/integration/v1/projects/APDU_WACS_CCS/integrations completed in 0.25s (Status: 200)
2026-09-16 18:12:08,108 - httpx - INFO - HTTP Request: GET https://ap-ccs-oic-uat-axhknnpmgslz-si.integration.ap-singapore-1.ocp.oraclecloud.com/ic/api/integration/v1/projects/OUTL-BA-ARCGIS_WACS/integrations?limit=100&integrationInstance=ap-ccswacs-oic-dev-axhknnpmgslz-si "HTTP/1.1 307 Temporary Redirect"
2026-09-16 18:12:08,322 - httpx - INFO - HTTP Request: GET https://design.integration.ap-singapore-1.ocp.oraclecloud.com/ic/api/integration/v1/projects/OUTL-BA-ARCGIS_WACS/integrations?limit=100&integrationInstance=ap-ccswacs-oic-dev-axhknnpmgslz-si&integrationInstance=ap-ccs-oic-uat-axhknnpmgslz-si "HTTP/1.1 200 OK"
2026-09-16 18:12:08,324 - mcp_server.oic_client - INFO - HTTP request to /ic/api/integration/v1/projects/OUTL-BA-ARCGIS_WACS/integrations completed in 0.33s (Status: 200)
2026-09-16 18:12:08,325 - mcp_server.oic_client - INFO - Calling list_integrations - only_activated: None, limit: None, page: None
2026-09-16 18:12:08,390 - httpx - INFO - HTTP Request: GET https://ap-ccs-oic-uat-axhknnpmgslz-si.integration.ap-singapore-1.ocp.oraclecloud.com/ic/api/integration/v1/integrations?integrationInstance=ap-ccswacs-oic-dev-axhknnpmgslz-si "HTTP/1.1 307 Temporary Redirect"
2026-09-16 18:12:08,510 - httpx - INFO - HTTP Request: GET https://design.integration.ap-singapore-1.ocp.oraclecloud.com/ic/api/integration/v1/integrations?integrationInstance=ap-ccswacs-oic-dev-axhknnpmgslz-si&integrationInstance=ap-ccs-oic-uat-axhknnpmgslz-si "HTTP/1.1 200 OK"
2026-09-16 18:12:08,511 - mcp_server.oic_client - INFO - HTTP request to /ic/api/integration/v1/integrations completed in 0.19s (Status: 200)
2026-09-16 18:12:08,512 - mcp_server.oic_client - INFO - list_integrations returned 0 items, total: 0, hasMore: False in 0.19s
2026-09-16 18:12:08,512 - mcp_server.oic_client - INFO - Fetching page 1/50
2026-09-16 18:12:08,513 - mcp_server.oic_client - INFO - Calling list_integrations - only_activated: None, limit: 100, page: 1
2026-09-16 18:12:08,572 - httpx - INFO - HTTP Request: GET https://ap-ccs-oic-uat-axhknnpmgslz-si.integration.ap-singapore-1.ocp.oraclecloud.com/ic/api/integration/v1/integrations?limit=100&page=1&integrationInstance=ap-ccswacs-oic-dev-axhknnpmgslz-si "HTTP/1.1 307 Temporary Redirect"
2026-09-16 18:12:08,660 - httpx - INFO - HTTP Request: GET https://design.integration.ap-singapore-1.ocp.oraclecloud.com/ic/api/integration/v1/integrations?limit=100&page=1&integrationInstance=ap-ccswacs-oic-dev-axhknnpmgslz-si&integrationInstance=ap-ccs-oic-uat-axhknnpmgslz-si "HTTP/1.1 200 OK"
2026-09-16 18:12:08,662 - mcp_server.oic_client - INFO - HTTP request to /ic/api/integration/v1/integrations completed in 0.15s (Status: 200)
2026-09-16 18:12:08,663 - mcp_server.oic_client - INFO - list_integrations returned 0 items, total: 0, hasMore: False in 0.15s
2026-09-16 18:12:08,663 - mcp_server.oic_client - INFO - Page 1: API returned 0 items, totalResults: 0, hasMore: False
2026-09-16 18:12:08,663 - mcp_server.oic_client - INFO - No items found on page 1, stopping pagination
2026-09-16 18:12:08,663 - mcp_server.oic_client - INFO - list_all_integrations completed: fetched 95 unique integrations from 0 pages in 6.41s
2026-09-16 18:12:08,664 - mcp_server.oic_client - INFO - Found latest version for APDU_WACS_DXI_CREATEWO: 01.00.0002 in 6.41s
2026-09-16 18:12:08,727 - httpx - INFO - HTTP Request: GET https://ap-ccs-oic-uat-axhknnpmgslz-si.integration.ap-singapore-1.ocp.oraclecloud.com/ic/api/integration/v1/monitoring/integrations/APDU_WACS_DXI_CREATEWO%7C01.00.0002?integrationInstance=ap-ccswacs-oic-dev-axhknnpmgslz-si "HTTP/1.1 307 Temporary Redirect"
2026-09-16 18:12:08,824 - httpx - INFO - HTTP Request: GET https://design.integration.ap-singapore-1.ocp.oraclecloud.com/ic/api/integration/v1/monitoring/integrations/APDU_WACS_DXI_CREATEWO%7C01.00.0002?integrationInstance=ap-ccswacs-oic-dev-axhknnpmgslz-si&integrationInstance=ap-ccs-oic-uat-axhknnpmgslz-si "HTTP/1.1 200 OK"
2026-09-16 18:12:08,828 - mcp_server.oic_client - INFO - HTTP request to /ic/api/integration/v1/monitoring/integrations/APDU_WACS_DXI_CREATEWO%7C01.00.0002 completed in 0.16s (Status: 200)
2026-09-16 18:12:08,831 - mcp_server.main - INFO - Tool get_integration_monitoring executed successfully in 6.58s
2026-09-16 18:12:08,833 - mcp_server.main - INFO - Tool get_integration_monitoring request completed in 6.58s total
2026-09-16 18:12:20,780 - mcp_server.main - INFO - Received MCP request: tools/call (ID: 18)
2026-09-16 18:14:14,283 - mcp_server.main - INFO - WebSocket connection disconnected
2026-09-16 18:14:14,284 - mcp_server.main - INFO - WebSocket connection disconnected
2026-09-16 18:14:30,109 - mcp_server.main - INFO - WebSocket connection disconnected
2026-09-16 18:14:30,110 - mcp_server.main - INFO - WebSocket connection disconnected
2026-09-16 18:14:43,006 - mcp_server.main - INFO - Executing tool: get_integration_monitoring
2026-09-16 18:14:43,014 - mcp_server.main - INFO - WebSocket connection disconnected
2026-09-16 18:14:43,014 - mcp_server.main - INFO - WebSocket connection accepted (subprotocol='mcp')
2026-09-16 18:14:43,016 - mcp_server.main - INFO - WebSocket connection accepted (subprotocol='mcp')
2026-09-16 18:14:43,016 - mcp_server.main - INFO - WebSocket connection disconnected
2026-09-16 18:14:43,016 - mcp_server.main - INFO - WebSocket connection disconnected
2026-09-16 18:14:43,251 - httpx - INFO - HTTP Request: GET https://ap-ccs-oic-uat-axhknnpmgslz-si.integration.ap-singapore-1.ocp.oraclecloud.com/ic/api/integration/v1/monitoring/integrations/APDU_WACS_DXI_CREATEWO%7C01.00.0003?integrationInstance=ap-ccswacs-oic-dev-axhknnpmgslz-si "HTTP/1.1 307 Temporary Redirect"
2026-09-16 18:14:43,639 - httpx - INFO - HTTP Request: GET https://design.integration.ap-singapore-1.ocp.oraclecloud.com/ic/api/integration/v1/monitoring/integrations/APDU_WACS_DXI_CREATEWO%7C01.00.0003?integrationInstance=ap-ccswacs-oic-dev-axhknnpmgslz-si&integrationInstance=ap-ccs-oic-uat-axhknnpmgslz-si "HTTP/1.1 200 OK"
2026-09-16 18:14:43,642 - mcp_server.oic_client - INFO - HTTP request to /ic/api/integration/v1/monitoring/integrations/APDU_WACS_DXI_CREATEWO%7C01.00.0003 completed in 0.63s (Status: 200)
2026-09-16 18:14:43,642 - mcp_server.main - INFO - Tool get_integration_monitoring executed successfully in 0.63s
2026-09-16 18:14:43,643 - mcp_server.main - ERROR - Tool get_integration_monitoring failed after 0.63s: 
2026-09-16 18:14:43,643 - mcp_server.main - ERROR - Unexpected error processing request: Cannot call "send" once a close message has been sent.
2026-09-16 18:14:43,646 - mcp_server.main - ERROR - WebSocket error: Cannot call "send" once a close message has been sent.
2026-09-16 18:16:17,652 - mcp_server.main - INFO - WebSocket connection accepted (subprotocol='mcp')
2026-09-16 18:16:17,660 - mcp_server.main - INFO - Received MCP request: initialize (ID: 0)
2026-09-16 18:16:17,660 - mcp_server.main - INFO - Processing initialize request
2026-09-16 18:16:17,660 - mcp_server.main - INFO - Initialize request completed
2026-09-16 18:16:17,662 - mcp_server.main - INFO - Received MCP request: notifications/initialized (ID: None)
2026-09-16 18:16:17,662 - mcp_server.main - ERROR - Unknown method: notifications/initialized
2026-09-16 18:16:17,664 - mcp_server.main - INFO - Received MCP request: tools/list (ID: 1)
2026-09-16 18:16:17,664 - mcp_server.main - INFO - Processing tools/list request
2026-09-16 18:16:17,665 - mcp_server.main - INFO - Tools list request completed
2026-09-16 18:16:17,668 - mcp_server.main - INFO - Received MCP request: tools/call (ID: 2)
2026-09-16 18:16:17,669 - mcp_server.main - INFO - Executing tool: get_integration_monitoring
2026-09-16 18:16:18,215 - mcp_server.oic_client - INFO - Fetching new OAuth token
2026-09-16 18:16:18,780 - httpx - INFO - HTTP Request: POST https://idcs-40ce518ee4354cb8b8a1f54926629fc0.identity.oraclecloud.com/oauth2/v1/token "HTTP/1.1 200 OK"
2026-09-16 18:16:18,784 - mcp_server.oic_client - INFO - OAuth token fetched successfully in 0.57s
2026-09-16 18:16:19,032 - httpx - INFO - HTTP Request: GET https://ap-ccs-oic-uat-axhknnpmgslz-si.integration.ap-singapore-1.ocp.oraclecloud.com/ic/api/integration/v1/monitoring/integrations/APDU_WACS_DXI_CREATEWO%7C01.00.0003?integrationInstance=ap-ccswacs-oic-dev-axhknnpmgslz-si "HTTP/1.1 307 Temporary Redirect"
2026-09-16 18:16:19,438 - httpx - INFO - HTTP Request: GET https://design.integration.ap-singapore-1.ocp.oraclecloud.com/ic/api/integration/v1/monitoring/integrations/APDU_WACS_DXI_CREATEWO%7C01.00.0003?integrationInstance=ap-ccswacs-oic-dev-axhknnpmgslz-si&integrationInstance=ap-ccs-oic-uat-axhknnpmgslz-si "HTTP/1.1 200 OK"
2026-09-16 18:16:19,443 - mcp_server.oic_client - INFO - HTTP request to /ic/api/integration/v1/monitoring/integrations/APDU_WACS_DXI_CREATEWO%7C01.00.0003 completed in 0.66s (Status: 200)
2026-09-16 18:16:19,445 - mcp_server.main - INFO - Tool get_integration_monitoring executed successfully in 1.78s
2026-09-16 18:16:19,447 - mcp_server.main - INFO - Tool get_integration_monitoring request completed in 1.78s total
2026-09-16 18:16:26,313 - mcp_server.main - INFO - Received MCP request: tools/call (ID: 3)
2026-09-16 18:16:26,313 - mcp_server.main - INFO - Executing tool: list_instances
2026-09-16 18:16:26,555 - httpx - INFO - HTTP Request: GET https://ap-ccs-oic-uat-axhknnpmgslz-si.integration.ap-singapore-1.ocp.oraclecloud.com/ic/api/integration/v1/monitoring/instances?q=%7Bcode+%3A+%27APDU_WACS_DXI_CREATEWO%27%2C+version+%3A+%2701.00.0003%27%2C+timewindow+%3A+%27RETENTIONPERIOD%27%7D&integrationInstance=ap-ccswacs-oic-dev-axhknnpmgslz-si "HTTP/1.1 307 Temporary Redirect"
2026-09-16 18:16:26,878 - httpx - INFO - HTTP Request: GET https://design.integration.ap-singapore-1.ocp.oraclecloud.com/ic/api/integration/v1/monitoring/instances?q=%7Bcode+%3A+%27APDU_WACS_DXI_CREATEWO%27%2C+version+%3A+%2701.00.0003%27%2C+timewindow+%3A+%27RETENTIONPERIOD%27%7D&integrationInstance=ap-ccswacs-oic-dev-axhknnpmgslz-si&integrationInstance=ap-ccs-oic-uat-axhknnpmgslz-si "HTTP/1.1 200 OK"
2026-09-16 18:16:26,882 - mcp_server.oic_client - INFO - HTTP request to /ic/api/integration/v1/monitoring/instances completed in 0.57s (Status: 200)
2026-09-16 18:16:26,882 - mcp_server.main - INFO - Tool list_instances executed successfully in 0.57s
2026-09-16 18:16:26,883 - mcp_server.main - INFO - Tool list_instances request completed in 0.57s total
2026-09-16 18:17:24,453 - mcp_server.main - INFO - Received MCP request: tools/call (ID: 4)
2026-09-16 18:17:24,454 - mcp_server.main - INFO - Executing tool: list_instances
2026-09-16 18:17:24,790 - httpx - INFO - HTTP Request: GET https://ap-ccs-oic-uat-axhknnpmgslz-si.integration.ap-singapore-1.ocp.oraclecloud.com/ic/api/integration/v1/monitoring/instances?q=%7Bcode+%3A+%27APDU_WACS_DXI_CREATEWO%27%2C+version+%3A+%2701.00.0003%27%2C+timewindow+%3A+%276h%27%7D&integrationInstance=ap-ccswacs-oic-dev-axhknnpmgslz-si "HTTP/1.1 307 Temporary Redirect"
2026-09-16 18:17:25,115 - httpx - INFO - HTTP Request: GET https://design.integration.ap-singapore-1.ocp.oraclecloud.com/ic/api/integration/v1/monitoring/instances?q=%7Bcode+%3A+%27APDU_WACS_DXI_CREATEWO%27%2C+version+%3A+%2701.00.0003%27%2C+timewindow+%3A+%276h%27%7D&integrationInstance=ap-ccswacs-oic-dev-axhknnpmgslz-si&integrationInstance=ap-ccs-oic-uat-axhknnpmgslz-si "HTTP/1.1 200 OK"
2026-09-16 18:17:25,117 - mcp_server.oic_client - INFO - HTTP request to /ic/api/integration/v1/monitoring/instances completed in 0.66s (Status: 200)
2026-09-16 18:17:25,117 - mcp_server.main - INFO - Tool list_instances executed successfully in 0.66s
2026-09-16 18:17:25,119 - mcp_server.main - INFO - Tool list_instances request completed in 0.67s total
2026-09-16 18:17:55,811 - mcp_server.main - INFO - Received MCP request: tools/call (ID: 5)
2026-09-16 18:17:55,812 - mcp_server.main - INFO - Executing tool: get_integration
2026-09-16 18:17:55,813 - mcp_server.oic_client - INFO - Getting integration: APDU_WACS_DXI_CREATEWO, version: 01.00.0003
2026-09-16 18:17:56,053 - httpx - INFO - HTTP Request: GET https://ap-ccs-oic-uat-axhknnpmgslz-si.integration.ap-singapore-1.ocp.oraclecloud.com/ic/api/integration/v1/integrations/APDU_WACS_DXI_CREATEWO%7C01.00.0003?integrationInstance=ap-ccswacs-oic-dev-axhknnpmgslz-si "HTTP/1.1 307 Temporary Redirect"
2026-09-16 18:17:56,517 - httpx - INFO - HTTP Request: GET https://design.integration.ap-singapore-1.ocp.oraclecloud.com/ic/api/integration/v1/integrations/APDU_WACS_DXI_CREATEWO%7C01.00.0003?integrationInstance=ap-ccswacs-oic-dev-axhknnpmgslz-si&integrationInstance=ap-ccs-oic-uat-axhknnpmgslz-si "HTTP/1.1 404 Not Found"
2026-09-16 18:17:56,545 - mcp_server.oic_client - INFO - HTTP request to /ic/api/integration/v1/integrations/APDU_WACS_DXI_CREATEWO%7C01.00.0003 completed in 0.73s (Status: 404)
2026-09-16 18:17:56,546 - mcp_server.main - ERROR - Tool get_integration failed after 0.73s: Client error '404 Not Found' for url 'https://design.integration.ap-singapore-1.ocp.oraclecloud.com/ic/api/integration/v1/integrations/APDU_WACS_DXI_CREATEWO%7C01.00.0003?integrationInstance=ap-ccswacs-oic-dev-axhknnpmgslz-si&integrationInstance=ap-ccs-oic-uat-axhknnpmgslz-si'
For more information check: https://developer.mozilla.org/en-US/docs/Web/HTTP/Status/404
2026-09-16 18:18:01,727 - mcp_server.main - INFO - Received MCP request: tools/call (ID: 6)
2026-09-16 18:18:01,727 - mcp_server.main - INFO - Executing tool: get_integration_auto
2026-09-16 18:18:01,729 - mcp_server.oic_client - INFO - Getting integration: APDU_WACS_DXI_CREATEWO|01.00.0003, version: None
2026-09-16 18:18:01,963 - httpx - INFO - HTTP Request: GET https://ap-ccs-oic-uat-axhknnpmgslz-si.integration.ap-singapore-1.ocp.oraclecloud.com/ic/api/integration/v1/integrations/APDU_WACS_DXI_CREATEWO%7C01.00.0003?integrationInstance=ap-ccswacs-oic-dev-axhknnpmgslz-si "HTTP/1.1 307 Temporary Redirect"
2026-09-16 18:18:02,255 - httpx - INFO - HTTP Request: GET https://design.integration.ap-singapore-1.ocp.oraclecloud.com/ic/api/integration/v1/integrations/APDU_WACS_DXI_CREATEWO%7C01.00.0003?integrationInstance=ap-ccswacs-oic-dev-axhknnpmgslz-si&integrationInstance=ap-ccs-oic-uat-axhknnpmgslz-si "HTTP/1.1 404 Not Found"
2026-09-16 18:18:02,259 - mcp_server.oic_client - INFO - HTTP request to /ic/api/integration/v1/integrations/APDU_WACS_DXI_CREATEWO%7C01.00.0003 completed in 0.53s (Status: 404)
2026-09-16 18:18:02,260 - mcp_server.main - ERROR - Tool get_integration_auto failed after 0.53s: Failed to retrieve integration 'APDU_WACS_DXI_CREATEWO|01.00.0003': Client error '404 Not Found' for url 'https://design.integration.ap-singapore-1.ocp.oraclecloud.com/ic/api/integration/v1/integrations/APDU_WACS_DXI_CREATEWO%7C01.00.0003?integrationInstance=ap-ccswacs-oic-dev-axhknnpmgslz-si&integrationInstance=ap-ccs-oic-uat-axhknnpmgslz-si'
For more information check: https://developer.mozilla.org/en-US/docs/Web/HTTP/Status/404
2026-09-16 18:18:05,181 - mcp_server.main - INFO - Received MCP request: tools/call (ID: 7)
2026-09-16 18:18:05,182 - mcp_server.main - INFO - Executing tool: list_endpoints
2026-09-16 18:18:05,183 - mcp_server.oic_client - INFO - Getting integration: APDU_WACS_DXI_CREATEWO, version: 01.00.0003
2026-09-16 18:18:05,245 - httpx - INFO - HTTP Request: GET https://ap-ccs-oic-uat-axhknnpmgslz-si.integration.ap-singapore-1.ocp.oraclecloud.com/ic/api/integration/v1/integrations/APDU_WACS_DXI_CREATEWO%7C01.00.0003?integrationInstance=ap-ccswacs-oic-dev-axhknnpmgslz-si "HTTP/1.1 307 Temporary Redirect"
2026-09-16 18:18:05,367 - httpx - INFO - HTTP Request: GET https://design.integration.ap-singapore-1.ocp.oraclecloud.com/ic/api/integration/v1/integrations/APDU_WACS_DXI_CREATEWO%7C01.00.0003?integrationInstance=ap-ccswacs-oic-dev-axhknnpmgslz-si&integrationInstance=ap-ccs-oic-uat-axhknnpmgslz-si "HTTP/1.1 404 Not Found"
2026-09-16 18:18:05,371 - mcp_server.oic_client - INFO - HTTP request to /ic/api/integration/v1/integrations/APDU_WACS_DXI_CREATEWO%7C01.00.0003 completed in 0.19s (Status: 404)
2026-09-16 18:18:05,371 - mcp_server.main - ERROR - Tool list_endpoints failed after 0.19s: Client error '404 Not Found' for url 'https://design.integration.ap-singapore-1.ocp.oraclecloud.com/ic/api/integration/v1/integrations/APDU_WACS_DXI_CREATEWO%7C01.00.0003?integrationInstance=ap-ccswacs-oic-dev-axhknnpmgslz-si&integrationInstance=ap-ccs-oic-uat-axhknnpmgslz-si'
For more information check: https://developer.mozilla.org/en-US/docs/Web/HTTP/Status/404
2026-09-16 18:18:31,014 - mcp_server.main - INFO - Received MCP request: tools/call (ID: 8)
2026-09-16 18:18:31,015 - mcp_server.main - INFO - Executing tool: list_project_integrations
2026-09-16 18:18:31,017 - mcp_server.tools - INFO - Tool _call_list_project_integrations called with params: {'projectId': 'APDU_WACS_DXI_GIS'}
2026-09-16 18:18:31,264 - httpx - INFO - HTTP Request: GET https://ap-ccs-oic-uat-axhknnpmgslz-si.integration.ap-singapore-1.ocp.oraclecloud.com/ic/api/integration/v1/projects/APDU_WACS_DXI_GIS/integrations?integrationInstance=ap-ccswacs-oic-dev-axhknnpmgslz-si "HTTP/1.1 307 Temporary Redirect"
2026-09-16 18:18:31,849 - httpx - INFO - HTTP Request: GET https://design.integration.ap-singapore-1.ocp.oraclecloud.com/ic/api/integration/v1/projects/APDU_WACS_DXI_GIS/integrations?integrationInstance=ap-ccswacs-oic-dev-axhknnpmgslz-si&integrationInstance=ap-ccs-oic-uat-axhknnpmgslz-si "HTTP/1.1 200 OK"
2026-09-16 18:18:31,855 - mcp_server.oic_client - INFO - HTTP request to /ic/api/integration/v1/projects/APDU_WACS_DXI_GIS/integrations completed in 0.84s (Status: 200)
2026-09-16 18:18:31,857 - mcp_server.tools - INFO - Tool _call_list_project_integrations completed in 0.84s
2026-09-16 18:18:31,858 - mcp_server.main - INFO - Tool list_project_integrations executed successfully in 0.84s
2026-09-16 18:18:31,863 - mcp_server.main - INFO - Tool list_project_integrations request completed in 0.85s total
2026-09-16 18:18:50,146 - mcp_server.main - INFO - Received MCP request: tools/call (ID: 9)
2026-09-16 18:23:37,188 - mcp_server.main - INFO - WebSocket connection accepted (subprotocol='mcp')
2026-09-16 18:23:37,195 - mcp_server.main - INFO - Received MCP request: initialize (ID: 0)
2026-09-16 18:23:37,196 - mcp_server.main - INFO - Processing initialize request
2026-09-16 18:23:37,196 - mcp_server.main - INFO - Initialize request completed
2026-09-16 18:23:37,197 - mcp_server.main - INFO - Received MCP request: notifications/initialized (ID: None)
2026-09-16 18:23:37,198 - mcp_server.main - ERROR - Unknown method: notifications/initialized
2026-09-16 18:23:37,199 - mcp_server.main - INFO - Received MCP request: tools/list (ID: 1)
2026-09-16 18:23:37,199 - mcp_server.main - INFO - Processing tools/list request
2026-09-16 18:23:37,200 - mcp_server.main - INFO - Tools list request completed
2026-09-16 18:23:37,204 - mcp_server.main - INFO - Received MCP request: tools/call (ID: 2)
2026-09-16 18:23:37,204 - mcp_server.main - INFO - Executing tool: list_project_instances
2026-09-16 18:23:37,818 - mcp_server.oic_client - INFO - Fetching new OAuth token
2026-09-16 18:23:38,155 - httpx - INFO - HTTP Request: POST https://idcs-40ce518ee4354cb8b8a1f54926629fc0.identity.oraclecloud.com/oauth2/v1/token "HTTP/1.1 200 OK"
2026-09-16 18:23:38,158 - mcp_server.oic_client - INFO - OAuth token fetched successfully in 0.34s
2026-09-16 18:23:38,469 - httpx - INFO - HTTP Request: GET https://ap-ccs-oic-uat-axhknnpmgslz-si.integration.ap-singapore-1.ocp.oraclecloud.com/ic/api/integration/v1/projects/APDU_WACS_DXI_GIS/monitoring/instances?q=%7BprojectId+%3A+%27APDU_WACS_DXI_GIS%27%2C+code+%3A+%27APDU_WACS_DXI_CREATEWO%27%2C+version+%3A+%2701.00.0003%27%2C+timewindow+%3A+%276h%27%7D&integrationInstance=ap-ccswacs-oic-dev-axhknnpmgslz-si "HTTP/1.1 307 Temporary Redirect"
2026-09-16 18:23:38,923 - httpx - INFO - HTTP Request: GET https://design.integration.ap-singapore-1.ocp.oraclecloud.com/ic/api/integration/v1/projects/APDU_WACS_DXI_GIS/monitoring/instances?q=%7BprojectId+%3A+%27APDU_WACS_DXI_GIS%27%2C+code+%3A+%27APDU_WACS_DXI_CREATEWO%27%2C+version+%3A+%2701.00.0003%27%2C+timewindow+%3A+%276h%27%7D&integrationInstance=ap-ccswacs-oic-dev-axhknnpmgslz-si&integrationInstance=ap-ccs-oic-uat-axhknnpmgslz-si "HTTP/1.1 404 Not Found"
2026-09-16 18:23:38,926 - mcp_server.oic_client - INFO - HTTP request to /ic/api/integration/v1/projects/APDU_WACS_DXI_GIS/monitoring/instances completed in 0.77s (Status: 404)
2026-09-16 18:23:38,988 - httpx - INFO - HTTP Request: GET https://ap-ccs-oic-uat-axhknnpmgslz-si.integration.ap-singapore-1.ocp.oraclecloud.com/ic/api/integration/v1/projects/APDU_WACS_DXI_GIS/instances?q=%7BprojectId+%3A+%27APDU_WACS_DXI_GIS%27%2C+code+%3A+%27APDU_WACS_DXI_CREATEWO%27%2C+version+%3A+%2701.00.0003%27%2C+timewindow+%3A+%276h%27%7D&integrationInstance=ap-ccswacs-oic-dev-axhknnpmgslz-si "HTTP/1.1 307 Temporary Redirect"
2026-09-16 18:23:39,106 - httpx - INFO - HTTP Request: GET https://design.integration.ap-singapore-1.ocp.oraclecloud.com/ic/api/integration/v1/projects/APDU_WACS_DXI_GIS/instances?q=%7BprojectId+%3A+%27APDU_WACS_DXI_GIS%27%2C+code+%3A+%27APDU_WACS_DXI_CREATEWO%27%2C+version+%3A+%2701.00.0003%27%2C+timewindow+%3A+%276h%27%7D&integrationInstance=ap-ccswacs-oic-dev-axhknnpmgslz-si&integrationInstance=ap-ccs-oic-uat-axhknnpmgslz-si "HTTP/1.1 404 Not Found"
2026-09-16 18:23:39,109 - mcp_server.oic_client - INFO - HTTP request to /ic/api/integration/v1/projects/APDU_WACS_DXI_GIS/instances completed in 0.18s (Status: 404)
2026-09-16 18:23:39,172 - httpx - INFO - HTTP Request: GET https://ap-ccs-oic-uat-axhknnpmgslz-si.integration.ap-singapore-1.ocp.oraclecloud.com/ic/api/integration/v1/monitoring/instances?q=%7BprojectId+%3A+%27APDU_WACS_DXI_GIS%27%2C+code+%3A+%27APDU_WACS_DXI_CREATEWO%27%2C+version+%3A+%2701.00.0003%27%2C+timewindow+%3A+%276h%27%7D&integrationInstance=ap-ccswacs-oic-dev-axhknnpmgslz-si "HTTP/1.1 307 Temporary Redirect"
2026-09-16 18:23:39,283 - httpx - INFO - HTTP Request: GET https://design.integration.ap-singapore-1.ocp.oraclecloud.com/ic/api/integration/v1/monitoring/instances?q=%7BprojectId+%3A+%27APDU_WACS_DXI_GIS%27%2C+code+%3A+%27APDU_WACS_DXI_CREATEWO%27%2C+version+%3A+%2701.00.0003%27%2C+timewindow+%3A+%276h%27%7D&integrationInstance=ap-ccswacs-oic-dev-axhknnpmgslz-si&integrationInstance=ap-ccs-oic-uat-axhknnpmgslz-si "HTTP/1.1 400 Bad Request"
2026-09-16 18:23:39,286 - mcp_server.oic_client - INFO - HTTP request to /ic/api/integration/v1/monitoring/instances completed in 0.18s (Status: 400)
2026-09-16 18:23:39,287 - mcp_server.main - ERROR - Tool list_project_instances failed after 2.08s: Client error '400 Bad Request' for url 'https://design.integration.ap-singapore-1.ocp.oraclecloud.com/ic/api/integration/v1/monitoring/instances?q=%7BprojectId+%3A+%27APDU_WACS_DXI_GIS%27%2C+code+%3A+%27APDU_WACS_DXI_CREATEWO%27%2C+version+%3A+%2701.00.0003%27%2C+timewindow+%3A+%276h%27%7D&integrationInstance=ap-ccswacs-oic-dev-axhknnpmgslz-si&integrationInstance=ap-ccs-oic-uat-axhknnpmgslz-si'
For more information check: https://developer.mozilla.org/en-US/docs/Web/HTTP/Status/400
2026-09-16 18:23:48,884 - mcp_server.main - INFO - Received MCP request: tools/call (ID: 3)
2026-09-16 18:23:48,884 - mcp_server.main - INFO - Executing tool: fetch_raw_path
2026-09-16 18:23:49,115 - httpx - INFO - HTTP Request: GET https://ap-ccs-oic-uat-axhknnpmgslz-si.integration.ap-singapore-1.ocp.oraclecloud.com/ic/api/integration/v1/monitoring/instances?integrationInstance=ap-ccswacs-oic-dev-axhknnpmgslz-si "HTTP/1.1 307 Temporary Redirect"
2026-09-16 18:23:49,449 - httpx - INFO - HTTP Request: GET https://design.integration.ap-singapore-1.ocp.oraclecloud.com/ic/api/integration/v1/monitoring/instances?integrationInstance=ap-ccswacs-oic-dev-axhknnpmgslz-si&integrationInstance=ap-ccs-oic-uat-axhknnpmgslz-si "HTTP/1.1 200 OK"
2026-09-16 18:23:49,452 - mcp_server.oic_client - INFO - HTTP request to /ic/api/integration/v1/monitoring/instances?offset=0&limit=50&q=%7Btimewindow%3A%276h%27%2C+code%3A%27APDU_WACS_DXI_CREATEWO%27%2C+version%3A%2701.00.0003%27%2C+includePurged%3A%27yes%27%2CprojectCode%3A%27APDU_WACS_DXI_GIS%27%7D&orderBy=creationdate&fields=detail completed in 0.57s (Status: 200)
2026-09-16 18:23:49,453 - mcp_server.main - INFO - Tool fetch_raw_path executed successfully in 0.57s
2026-09-16 18:23:49,454 - mcp_server.main - INFO - Tool fetch_raw_path request completed in 0.57s total
2026-09-16 18:24:10,067 - mcp_server.main - INFO - WebSocket connection accepted (subprotocol='mcp')
2026-09-16 18:24:10,076 - mcp_server.main - INFO - Received MCP request: initialize (ID: 0)
2026-09-16 18:24:10,076 - mcp_server.main - INFO - Processing initialize request
2026-09-16 18:24:10,077 - mcp_server.main - INFO - Initialize request completed
2026-09-16 18:24:10,078 - mcp_server.main - INFO - Received MCP request: notifications/initialized (ID: None)
2026-09-16 18:24:10,078 - mcp_server.main - ERROR - Unknown method: notifications/initialized
2026-09-16 18:24:10,079 - mcp_server.main - INFO - Received MCP request: tools/list (ID: 1)
2026-09-16 18:24:10,079 - mcp_server.main - INFO - Processing tools/list request
2026-09-16 18:24:10,080 - mcp_server.main - INFO - Tools list request completed
2026-09-16 18:24:10,083 - mcp_server.main - INFO - Received MCP request: tools/call (ID: 2)
2026-09-16 18:24:10,083 - mcp_server.main - INFO - Executing tool: list_instances
2026-09-16 18:24:10,548 - mcp_server.oic_client - INFO - Fetching new OAuth token
2026-09-16 18:24:10,796 - httpx - INFO - HTTP Request: POST https://idcs-40ce518ee4354cb8b8a1f54926629fc0.identity.oraclecloud.com/oauth2/v1/token "HTTP/1.1 200 OK"
2026-09-16 18:24:10,800 - mcp_server.oic_client - INFO - OAuth token fetched successfully in 0.25s
2026-09-16 18:24:11,038 - httpx - INFO - HTTP Request: GET https://ap-ccs-oic-uat-axhknnpmgslz-si.integration.ap-singapore-1.ocp.oraclecloud.com/ic/api/integration/v1/monitoring/instances?q=%7Bcode+%3A+%27APDU_WACS_DXI_CREATEWO%27%2C+version+%3A+%2701.00.0003%27%2C+timewindow+%3A+%276h%27%7D&integrationInstance=ap-ccswacs-oic-dev-axhknnpmgslz-si "HTTP/1.1 307 Temporary Redirect"
2026-09-16 18:24:11,414 - httpx - INFO - HTTP Request: GET https://design.integration.ap-singapore-1.ocp.oraclecloud.com/ic/api/integration/v1/monitoring/instances?q=%7Bcode+%3A+%27APDU_WACS_DXI_CREATEWO%27%2C+version+%3A+%2701.00.0003%27%2C+timewindow+%3A+%276h%27%7D&integrationInstance=ap-ccswacs-oic-dev-axhknnpmgslz-si&integrationInstance=ap-ccs-oic-uat-axhknnpmgslz-si "HTTP/1.1 200 OK"
2026-09-16 18:24:11,417 - mcp_server.oic_client - INFO - HTTP request to /ic/api/integration/v1/monitoring/instances completed in 0.62s (Status: 200)
2026-09-16 18:24:11,417 - mcp_server.main - INFO - Tool list_instances executed successfully in 1.33s
2026-09-16 18:24:11,418 - mcp_server.main - INFO - Tool list_instances request completed in 1.34s total
2026-09-16 18:24:26,065 - mcp_server.main - INFO - Received MCP request: tools/call (ID: 4)
2026-09-16 18:24:26,066 - mcp_server.main - INFO - Executing tool: fetch_raw_path
2026-09-16 18:24:26,332 - httpx - INFO - HTTP Request: GET https://ap-ccs-oic-uat-axhknnpmgslz-si.integration.ap-singapore-1.ocp.oraclecloud.com/ic/api/integration/v1/monitoring/instances?integrationInstance=ap-ccswacs-oic-dev-axhknnpmgslz-si "HTTP/1.1 307 Temporary Redirect"
2026-09-16 18:24:26,626 - httpx - INFO - HTTP Request: GET https://design.integration.ap-singapore-1.ocp.oraclecloud.com/ic/api/integration/v1/monitoring/instances?integrationInstance=ap-ccswacs-oic-dev-axhknnpmgslz-si&integrationInstance=ap-ccs-oic-uat-axhknnpmgslz-si "HTTP/1.1 200 OK"
2026-09-16 18:24:26,629 - mcp_server.oic_client - INFO - HTTP request to /ic/api/integration/v1/monitoring/instances?offset=0&limit=50&q=%7Btimewindow%3A%27RETENTIONPERIOD%27%2C+code%3A%27APDU_WACS_DXI_CREATEWO%27%2C+includePurged%3A%27yes%27%2CprojectCode%3A%27APDU_WACS_DXI_GIS%27%7D&orderBy=creationdate&fields=detail completed in 0.56s (Status: 200)
2026-09-16 18:24:26,629 - mcp_server.main - INFO - Tool fetch_raw_path executed successfully in 0.56s
2026-09-16 18:24:26,631 - mcp_server.main - INFO - Tool fetch_raw_path request completed in 0.57s total
2026-09-16 18:28:26,134 - mcp_server.main - INFO - Received MCP request: tools/call (ID: 5)
2026-09-16 18:28:26,134 - mcp_server.main - INFO - Executing tool: fetch_raw_path
2026-09-16 18:28:26,367 - httpx - INFO - HTTP Request: GET https://ap-ccs-oic-uat-axhknnpmgslz-si.integration.ap-singapore-1.ocp.oraclecloud.com/ic/api/integration/v1/monitoring/instances?integrationInstance=ap-ccswacs-oic-dev-axhknnpmgslz-si "HTTP/1.1 307 Temporary Redirect"
2026-09-16 18:28:26,697 - httpx - INFO - HTTP Request: GET https://design.integration.ap-singapore-1.ocp.oraclecloud.com/ic/api/integration/v1/monitoring/instances?integrationInstance=ap-ccswacs-oic-dev-axhknnpmgslz-si&integrationInstance=ap-ccs-oic-uat-axhknnpmgslz-si "HTTP/1.1 200 OK"
2026-09-16 18:28:26,701 - mcp_server.oic_client - INFO - HTTP request to /ic/api/integration/v1/monitoring/instances?offset=0&limit=50&q=%7Btimewindow%3A%27RETENTIONPERIOD%27%2C+includePurged%3A%27yes%27%2CprojectCode%3A%27APDU_WACS_DXI_GIS%27%7D&orderBy=creationdate&fields=detail completed in 0.56s (Status: 200)
2026-09-16 18:28:26,702 - mcp_server.main - INFO - Tool fetch_raw_path executed successfully in 0.57s
2026-09-16 18:28:26,703 - mcp_server.main - INFO - Tool fetch_raw_path request completed in 0.57s total
2026-09-16 18:28:33,545 - mcp_server.main - INFO - Received MCP request: tools/call (ID: 6)
2026-09-16 18:28:33,546 - mcp_server.main - INFO - Executing tool: list_project_instances
2026-09-16 18:28:33,790 - httpx - INFO - HTTP Request: GET https://ap-ccs-oic-uat-axhknnpmgslz-si.integration.ap-singapore-1.ocp.oraclecloud.com/ic/api/integration/v1/projects/APDU_WACS_DXI_GIS/monitoring/instances?q=%7BprojectId+%3A+%27APDU_WACS_DXI_GIS%27%2C+timewindow+%3A+%27RETENTIONPERIOD%27%7D&integrationInstance=ap-ccswacs-oic-dev-axhknnpmgslz-si "HTTP/1.1 307 Temporary Redirect"
2026-09-16 18:28:34,169 - httpx - INFO - HTTP Request: GET https://design.integration.ap-singapore-1.ocp.oraclecloud.com/ic/api/integration/v1/projects/APDU_WACS_DXI_GIS/monitoring/instances?q=%7BprojectId+%3A+%27APDU_WACS_DXI_GIS%27%2C+timewindow+%3A+%27RETENTIONPERIOD%27%7D&integrationInstance=ap-ccswacs-oic-dev-axhknnpmgslz-si&integrationInstance=ap-ccs-oic-uat-axhknnpmgslz-si "HTTP/1.1 404 Not Found"
2026-09-16 18:28:34,171 - mcp_server.oic_client - INFO - HTTP request to /ic/api/integration/v1/projects/APDU_WACS_DXI_GIS/monitoring/instances completed in 0.62s (Status: 404)
2026-09-16 18:28:34,231 - httpx - INFO - HTTP Request: GET https://ap-ccs-oic-uat-axhknnpmgslz-si.integration.ap-singapore-1.ocp.oraclecloud.com/ic/api/integration/v1/projects/APDU_WACS_DXI_GIS/instances?q=%7BprojectId+%3A+%27APDU_WACS_DXI_GIS%27%2C+timewindow+%3A+%27RETENTIONPERIOD%27%7D&integrationInstance=ap-ccswacs-oic-dev-axhknnpmgslz-si "HTTP/1.1 307 Temporary Redirect"
2026-09-16 18:28:34,308 - httpx - INFO - HTTP Request: GET https://design.integration.ap-singapore-1.ocp.oraclecloud.com/ic/api/integration/v1/projects/APDU_WACS_DXI_GIS/instances?q=%7BprojectId+%3A+%27APDU_WACS_DXI_GIS%27%2C+timewindow+%3A+%27RETENTIONPERIOD%27%7D&integrationInstance=ap-ccswacs-oic-dev-axhknnpmgslz-si&integrationInstance=ap-ccs-oic-uat-axhknnpmgslz-si "HTTP/1.1 404 Not Found"
2026-09-16 18:28:34,311 - mcp_server.oic_client - INFO - HTTP request to /ic/api/integration/v1/projects/APDU_WACS_DXI_GIS/instances completed in 0.14s (Status: 404)
2026-09-16 18:28:34,370 - httpx - INFO - HTTP Request: GET https://ap-ccs-oic-uat-axhknnpmgslz-si.integration.ap-singapore-1.ocp.oraclecloud.com/ic/api/integration/v1/monitoring/instances?q=%7BprojectId+%3A+%27APDU_WACS_DXI_GIS%27%2C+timewindow+%3A+%27RETENTIONPERIOD%27%7D&integrationInstance=ap-ccswacs-oic-dev-axhknnpmgslz-si "HTTP/1.1 307 Temporary Redirect"
2026-09-16 18:28:34,444 - httpx - INFO - HTTP Request: GET https://design.integration.ap-singapore-1.ocp.oraclecloud.com/ic/api/integration/v1/monitoring/instances?q=%7BprojectId+%3A+%27APDU_WACS_DXI_GIS%27%2C+timewindow+%3A+%27RETENTIONPERIOD%27%7D&integrationInstance=ap-ccswacs-oic-dev-axhknnpmgslz-si&integrationInstance=ap-ccs-oic-uat-axhknnpmgslz-si "HTTP/1.1 400 Bad Request"
2026-09-16 18:28:34,448 - mcp_server.oic_client - INFO - HTTP request to /ic/api/integration/v1/monitoring/instances completed in 0.14s (Status: 400)
2026-09-16 18:28:34,449 - mcp_server.main - ERROR - Tool list_project_instances failed after 0.90s: Client error '400 Bad Request' for url 'https://design.integration.ap-singapore-1.ocp.oraclecloud.com/ic/api/integration/v1/monitoring/instances?q=%7BprojectId+%3A+%27APDU_WACS_DXI_GIS%27%2C+timewindow+%3A+%27RETENTIONPERIOD%27%7D&integrationInstance=ap-ccswacs-oic-dev-axhknnpmgslz-si&integrationInstance=ap-ccs-oic-uat-axhknnpmgslz-si'
For more information check: https://developer.mozilla.org/en-US/docs/Web/HTTP/Status/400
2026-09-16 18:28:37,326 - mcp_server.main - INFO - Received MCP request: tools/call (ID: 3)
2026-09-16 18:28:37,327 - mcp_server.main - INFO - Executing tool: fetch_raw_path
2026-09-16 18:28:37,626 - httpx - INFO - HTTP Request: GET https://ap-ccs-oic-uat-axhknnpmgslz-si.integration.ap-singapore-1.ocp.oraclecloud.com/ic/api/integration/v1/monitoring/instances?integrationInstance=ap-ccswacs-oic-dev-axhknnpmgslz-si "HTTP/1.1 307 Temporary Redirect"
2026-09-16 18:28:37,900 - httpx - INFO - HTTP Request: GET https://design.integration.ap-singapore-1.ocp.oraclecloud.com/ic/api/integration/v1/monitoring/instances?integrationInstance=ap-ccswacs-oic-dev-axhknnpmgslz-si&integrationInstance=ap-ccs-oic-uat-axhknnpmgslz-si "HTTP/1.1 200 OK"
2026-09-16 18:28:37,903 - mcp_server.oic_client - INFO - HTTP request to /ic/api/integration/v1/monitoring/instances?offset=0&limit=50&q=%7Btimewindow%3A%27RETENTIONPERIOD%27%2C+includePurged%3A%27yes%27%2CprojectCode%3A%27APDU_WACS_DXI_GIS%27%7D&orderBy=creationdate&fields=detail completed in 0.58s (Status: 200)
2026-09-16 18:28:37,904 - mcp_server.main - INFO - Tool fetch_raw_path executed successfully in 0.58s
2026-09-16 18:28:37,905 - mcp_server.main - INFO - Tool fetch_raw_path request completed in 0.58s total
2026-09-16 18:28:44,092 - __main__ - INFO - Received MCP request: tools/call (ID: 3)
2026-09-16 18:28:44,092 - __main__ - INFO - Executing tool: fetch_raw_path
2026-09-16 18:28:44,402 - httpx - INFO - HTTP Request: GET https://ap-ccs-oic-uat-axhknnpmgslz-si.integration.ap-singapore-1.ocp.oraclecloud.com/ic/api/integration/v1/monitoring/instances?integrationInstance=ap-ccswacs-oic-dev-axhknnpmgslz-si "HTTP/1.1 307 Temporary Redirect"
2026-09-16 18:28:44,696 - httpx - INFO - HTTP Request: GET https://design.integration.ap-singapore-1.ocp.oraclecloud.com/ic/api/integration/v1/monitoring/instances?integrationInstance=ap-ccswacs-oic-dev-axhknnpmgslz-si&integrationInstance=ap-ccs-oic-uat-axhknnpmgslz-si "HTTP/1.1 200 OK"
2026-09-16 18:28:44,699 - mcp_server.oic_client - INFO - HTTP request to /ic/api/integration/v1/monitoring/instances?offset=0&limit=50&q=%7Btimewindow%3A%27RETENTIONPERIOD%27%2C+includePurged%3A%27yes%27%2CprojectCode%3A%27APDU_WACS_DXI_GIS%27%7D&orderBy=creationdate&fields=detail completed in 0.61s (Status: 200)
2026-09-16 18:28:44,700 - __main__ - INFO - Tool fetch_raw_path executed successfully in 0.61s
2026-09-16 18:28:44,700 - __main__ - INFO - Tool fetch_raw_path request completed in 0.61s total
2026-09-16 18:34:33,440 - mcp_server.main - INFO - WebSocket connection accepted (subprotocol='mcp')
2026-09-16 18:34:33,448 - mcp_server.main - INFO - Received MCP request: initialize (ID: 0)
2026-09-16 18:34:33,448 - mcp_server.main - INFO - Processing initialize request
2026-09-16 18:34:33,449 - mcp_server.main - INFO - Initialize request completed
2026-09-16 18:34:33,450 - mcp_server.main - INFO - Received MCP request: notifications/initialized (ID: None)
2026-09-16 18:34:33,451 - mcp_server.main - ERROR - Unknown method: notifications/initialized
2026-09-16 18:34:33,452 - mcp_server.main - INFO - Received MCP request: tools/list (ID: 1)
2026-09-16 18:34:33,453 - mcp_server.main - INFO - Processing tools/list request
2026-09-16 18:34:33,455 - mcp_server.main - INFO - Tools list request completed
2026-09-16 18:34:33,458 - mcp_server.main - INFO - Received MCP request: tools/call (ID: 2)
2026-09-16 18:34:33,458 - mcp_server.main - INFO - Executing tool: fetch_raw_path
2026-09-16 18:34:33,945 - mcp_server.oic_client - INFO - Fetching new OAuth token
2026-09-16 18:34:34,336 - httpx - INFO - HTTP Request: POST https://idcs-40ce518ee4354cb8b8a1f54926629fc0.identity.oraclecloud.com/oauth2/v1/token "HTTP/1.1 200 OK"
2026-09-16 18:34:34,340 - mcp_server.oic_client - INFO - OAuth token fetched successfully in 0.39s
2026-09-16 18:34:34,653 - httpx - INFO - HTTP Request: GET https://ap-ccs-oic-uat-axhknnpmgslz-si.integration.ap-singapore-1.ocp.oraclecloud.com/ic/api/integration/v1/monitoring/instances?integrationInstance=ap-ccswacs-oic-dev-axhknnpmgslz-si "HTTP/1.1 307 Temporary Redirect"
2026-09-16 18:34:35,159 - httpx - INFO - HTTP Request: GET https://design.integration.ap-singapore-1.ocp.oraclecloud.com/ic/api/integration/v1/monitoring/instances?integrationInstance=ap-ccswacs-oic-dev-axhknnpmgslz-si&integrationInstance=ap-ccs-oic-uat-axhknnpmgslz-si "HTTP/1.1 200 OK"
2026-09-16 18:34:35,163 - mcp_server.oic_client - INFO - HTTP request to /ic/api/integration/v1/monitoring/instances?offset=0&limit=50&q=%7Btimewindow%3A%27RETENTIONPERIOD%27%2C+includePurged%3A%27yes%27%2CprojectCode%3A%27APDU_WACS_DXI_GIS%27%7D&orderBy=creationdate&fields=detail completed in 0.82s (Status: 200)
2026-09-16 18:34:35,164 - mcp_server.main - INFO - Tool fetch_raw_path executed successfully in 1.70s
2026-09-16 18:34:35,165 - mcp_server.main - INFO - Tool fetch_raw_path request completed in 1.71s total
2026-09-16 18:36:07,480 - mcp_server.main - INFO - Received MCP request: tools/call (ID: 3)
2026-09-16 18:36:07,481 - mcp_server.main - INFO - Executing tool: fetch_raw_path
2026-09-16 18:36:07,729 - httpx - INFO - HTTP Request: GET https://ap-ccs-oic-uat-axhknnpmgslz-si.integration.ap-singapore-1.ocp.oraclecloud.com/ic/api/integration/v1/monitoring/instances?integrationInstance=ap-ccswacs-oic-dev-axhknnpmgslz-si "HTTP/1.1 307 Temporary Redirect"
2026-09-16 18:36:08,178 - httpx - INFO - HTTP Request: GET https://design.integration.ap-singapore-1.ocp.oraclecloud.com/ic/api/integration/v1/monitoring/instances?integrationInstance=ap-ccswacs-oic-dev-axhknnpmgslz-si&integrationInstance=ap-ccs-oic-uat-axhknnpmgslz-si "HTTP/1.1 200 OK"
2026-09-16 18:36:08,182 - mcp_server.oic_client - INFO - HTTP request to /ic/api/integration/v1/monitoring/instances?offset=0&limit=50&q=%7Btimewindow%3A%271d%27%2C+code%3A%27APDU_WACS_DXI_CREATEWO%27%2C+includePurged%3A%27yes%27%2CprojectCode%3A%27APDU_WACS_DXI_GIS%27%7D&orderBy=creationdate&fields=detail completed in 0.70s (Status: 200)
2026-09-16 18:36:08,183 - mcp_server.main - INFO - Tool fetch_raw_path executed successfully in 0.70s
2026-09-16 18:36:08,184 - mcp_server.main - INFO - Tool fetch_raw_path request completed in 0.70s total
2026-09-16 18:37:25,291 - mcp_server.main - INFO - Received MCP request: tools/call (ID: 4)
2026-09-16 18:37:25,291 - mcp_server.main - INFO - Executing tool: list_instances
2026-09-16 18:37:25,567 - httpx - INFO - HTTP Request: GET https://ap-ccs-oic-uat-axhknnpmgslz-si.integration.ap-singapore-1.ocp.oraclecloud.com/ic/api/integration/v1/monitoring/instances?q=%7Btimewindow+%3A+%271d%27%7D&limit=50&integrationInstance=ap-ccswacs-oic-dev-axhknnpmgslz-si "HTTP/1.1 307 Temporary Redirect"
2026-09-16 18:37:26,216 - httpx - INFO - HTTP Request: GET https://design.integration.ap-singapore-1.ocp.oraclecloud.com/ic/api/integration/v1/monitoring/instances?q=%7Btimewindow+%3A+%271d%27%7D&limit=50&integrationInstance=ap-ccswacs-oic-dev-axhknnpmgslz-si&integrationInstance=ap-ccs-oic-uat-axhknnpmgslz-si "HTTP/1.1 200 OK"
2026-09-16 18:37:26,219 - mcp_server.oic_client - INFO - HTTP request to /ic/api/integration/v1/monitoring/instances completed in 0.93s (Status: 200)
2026-09-16 18:37:26,220 - mcp_server.main - INFO - Tool list_instances executed successfully in 0.93s
2026-09-16 18:37:26,222 - mcp_server.main - INFO - Tool list_instances request completed in 0.93s total
2026-09-16 18:38:44,056 - mcp_server.main - INFO - Received MCP request: tools/call (ID: 5)
2026-09-16 18:38:44,057 - mcp_server.main - INFO - Executing tool: fetch_raw_path
2026-09-16 18:38:44,299 - httpx - INFO - HTTP Request: GET https://ap-ccs-oic-uat-axhknnpmgslz-si.integration.ap-singapore-1.ocp.oraclecloud.com/ic/api/integration/v1/monitoring/instances?integrationInstance=ap-ccswacs-oic-dev-axhknnpmgslz-si "HTTP/1.1 307 Temporary Redirect"
2026-09-16 18:38:44,729 - httpx - INFO - HTTP Request: GET https://design.integration.ap-singapore-1.ocp.oraclecloud.com/ic/api/integration/v1/monitoring/instances?integrationInstance=ap-ccswacs-oic-dev-axhknnpmgslz-si&integrationInstance=ap-ccs-oic-uat-axhknnpmgslz-si "HTTP/1.1 200 OK"
2026-09-16 18:38:44,734 - mcp_server.oic_client - INFO - HTTP request to /ic/api/integration/v1/monitoring/instances?offset=0&limit=50&q=%7Btimewindow%3A%271d%27%2C+code%3A%27APDU_WACS_DXI_CREATEWO%27%2C+version%3A%2701.00.0003%27%2C+includePurged%3A%27yes%27%2CprojectCode%3A%27APDU_WACS_DXI_GIS%27%7D&orderBy=creationdate&fields=detail completed in 0.68s (Status: 200)
2026-09-16 18:38:44,735 - mcp_server.main - INFO - Tool fetch_raw_path executed successfully in 0.68s
2026-09-16 18:38:44,737 - mcp_server.main - INFO - Tool fetch_raw_path request completed in 0.68s total
2026-09-16 18:43:06,875 - mcp_server.main - INFO - WebSocket connection accepted (subprotocol='mcp')
2026-09-16 18:43:06,882 - mcp_server.main - INFO - Received MCP request: initialize (ID: 0)
2026-09-16 18:43:06,883 - mcp_server.main - INFO - Processing initialize request
2026-09-16 18:43:06,883 - mcp_server.main - INFO - Initialize request completed
2026-09-16 18:43:06,885 - mcp_server.main - INFO - Received MCP request: notifications/initialized (ID: None)
2026-09-16 18:43:06,886 - mcp_server.main - ERROR - Unknown method: notifications/initialized
2026-09-16 18:43:06,887 - mcp_server.main - INFO - Received MCP request: tools/list (ID: 1)
2026-09-16 18:43:06,887 - mcp_server.main - INFO - Processing tools/list request
2026-09-16 18:43:06,888 - mcp_server.main - INFO - Tools list request completed
2026-09-16 18:43:06,891 - mcp_server.main - INFO - Received MCP request: tools/call (ID: 2)
2026-09-16 18:43:06,893 - mcp_server.main - INFO - Executing tool: fetch_raw_path
2026-09-16 18:43:07,417 - mcp_server.oic_client - INFO - Fetching new OAuth token
2026-09-16 18:43:07,754 - httpx - INFO - HTTP Request: POST https://idcs-40ce518ee4354cb8b8a1f54926629fc0.identity.oraclecloud.com/oauth2/v1/token "HTTP/1.1 200 OK"
2026-09-16 18:43:07,757 - mcp_server.oic_client - INFO - OAuth token fetched successfully in 0.34s
2026-09-16 18:43:08,051 - httpx - INFO - HTTP Request: GET https://ap-ccs-oic-uat-axhknnpmgslz-si.integration.ap-singapore-1.ocp.oraclecloud.com/ic/api/integration/v1/monitoring/instances?integrationInstance=ap-ccswacs-oic-dev-axhknnpmgslz-si "HTTP/1.1 307 Temporary Redirect"
2026-09-16 18:43:08,547 - httpx - INFO - HTTP Request: GET https://design.integration.ap-singapore-1.ocp.oraclecloud.com/ic/api/integration/v1/monitoring/instances?integrationInstance=ap-ccswacs-oic-dev-axhknnpmgslz-si&integrationInstance=ap-ccs-oic-uat-axhknnpmgslz-si "HTTP/1.1 200 OK"
2026-09-16 18:43:08,549 - mcp_server.oic_client - INFO - HTTP request to /ic/api/integration/v1/monitoring/instances?offset=0&limit=50&q=%7Btimewindow%3A%27RETENTIONPERIOD%27%2C+code%3A%27APDU_WACS_DXI_CREATEWO%27%2C+version%3A%2701.00.0003%27%2C+includePurged%3A%27yes%27%2CprojectCode%3A%27APDU_WACS_DXI_GIS%27%7D&orderBy=creationdate&fields=detail completed in 0.79s (Status: 200)
2026-09-16 18:43:08,549 - mcp_server.main - INFO - Tool fetch_raw_path executed successfully in 1.66s
2026-09-16 18:43:08,550 - mcp_server.main - INFO - Tool fetch_raw_path request completed in 1.66s total
2026-09-16 18:43:57,911 - mcp_server.main - INFO - WebSocket connection disconnected
2026-09-16 18:43:58,039 - __main__ - INFO - WebSocket connection disconnected
2026-09-16 18:43:58,178 - __main__ - INFO - WebSocket connection disconnected
2026-09-16 18:44:12,302 - __main__ - INFO - WebSocket connection accepted (subprotocol='mcp')
2026-09-16 18:44:12,406 - __main__ - INFO - WebSocket connection disconnected
2026-09-16 18:44:12,469 - mcp_server.main - INFO - WebSocket connection accepted (subprotocol='mcp')
2026-09-16 18:44:12,613 - mcp_server.main - INFO - WebSocket connection disconnected
2026-09-16 18:44:12,826 - mcp_server.main - INFO - WebSocket connection accepted (subprotocol='mcp')
2026-09-16 18:44:12,865 - mcp_server.main - INFO - WebSocket connection disconnected
2026-09-16 18:44:13,062 - mcp_server.main - INFO - WebSocket connection accepted (subprotocol='mcp')
2026-09-16 18:44:13,094 - mcp_server.main - INFO - Received MCP request: initialize (ID: 0)
2026-09-16 18:44:13,107 - mcp_server.main - INFO - Processing initialize request
2026-09-16 18:44:13,109 - mcp_server.main - INFO - Initialize request completed
2026-09-16 18:44:13,139 - mcp_server.main - INFO - Received MCP request: notifications/initialized (ID: None)
2026-09-16 18:44:13,143 - mcp_server.main - ERROR - Unknown method: notifications/initialized
2026-09-16 18:44:13,197 - mcp_server.main - INFO - Received MCP request: tools/list (ID: 1)
2026-09-16 18:44:13,198 - mcp_server.main - INFO - Processing tools/list request
2026-09-16 18:44:13,201 - mcp_server.main - INFO - Tools list request completed
2026-09-16 18:44:13,570 - __main__ - INFO - WebSocket connection accepted (subprotocol='mcp')
2026-09-16 18:44:13,587 - mcp_server.main - INFO - WebSocket connection accepted (subprotocol='mcp')
2026-09-16 18:44:13,591 - __main__ - INFO - Received MCP request: initialize (ID: 0)
2026-09-16 18:44:13,602 - __main__ - INFO - Processing initialize request
2026-09-16 18:44:13,627 - __main__ - INFO - Initialize request completed
2026-09-16 18:44:13,630 - __main__ - INFO - Received MCP request: notifications/initialized (ID: None)
2026-09-16 18:44:13,630 - __main__ - ERROR - Unknown method: notifications/initialized
2026-09-16 18:44:13,635 - __main__ - INFO - Received MCP request: tools/list (ID: 1)
2026-09-16 18:44:13,636 - mcp_server.main - INFO - Received MCP request: initialize (ID: 0)
2026-09-16 18:44:13,636 - __main__ - INFO - Processing tools/list request
2026-09-16 18:44:13,637 - mcp_server.main - INFO - Processing initialize request
2026-09-16 18:44:13,639 - mcp_server.main - INFO - Initialize request completed
2026-09-16 18:44:13,640 - __main__ - INFO - Tools list request completed
2026-09-16 18:44:13,644 - mcp_server.main - INFO - Received MCP request: notifications/initialized (ID: None)
2026-09-16 18:44:13,646 - mcp_server.main - ERROR - Unknown method: notifications/initialized
2026-09-16 18:44:13,655 - mcp_server.main - INFO - Received MCP request: tools/list (ID: 1)
2026-09-16 18:44:13,656 - mcp_server.main - INFO - Processing tools/list request
2026-09-16 18:44:13,660 - mcp_server.main - INFO - Tools list request completed
2026-09-16 18:44:14,220 - __main__ - INFO - WebSocket connection accepted (subprotocol='mcp')
2026-09-16 18:44:14,232 - __main__ - INFO - Received MCP request: initialize (ID: 0)
2026-09-16 18:44:14,233 - __main__ - INFO - Processing initialize request
2026-09-16 18:44:14,235 - __main__ - INFO - Initialize request completed
2026-09-16 18:44:14,325 - mcp_server.main - INFO - WebSocket connection accepted (subprotocol='mcp')
2026-09-16 18:44:14,339 - mcp_server.main - INFO - Received MCP request: initialize (ID: 0)
2026-09-16 18:44:14,339 - mcp_server.main - INFO - Processing initialize request
2026-09-16 18:44:14,340 - mcp_server.main - INFO - Initialize request completed
2026-09-16 18:44:14,447 - mcp_server.main - INFO - WebSocket connection accepted (subprotocol='mcp')
2026-09-16 18:44:14,461 - mcp_server.main - INFO - Received MCP request: initialize (ID: 0)
2026-09-16 18:44:14,462 - mcp_server.main - INFO - Processing initialize request
2026-09-16 18:44:14,462 - mcp_server.main - INFO - Initialize request completed
2026-09-16 18:44:14,622 - __main__ - INFO - Received MCP request: notifications/initialized (ID: None)
2026-09-16 18:44:14,622 - __main__ - ERROR - Unknown method: notifications/initialized
2026-09-16 18:44:14,648 - __main__ - INFO - Received MCP request: tools/list (ID: 1)
2026-09-16 18:44:14,649 - mcp_server.main - INFO - Received MCP request: notifications/initialized (ID: None)
2026-09-16 18:44:14,650 - mcp_server.main - ERROR - Unknown method: notifications/initialized
2026-09-16 18:44:14,654 - __main__ - INFO - Tools list request completed
2026-09-16 18:44:14,695 - mcp_server.main - INFO - Received MCP request: tools/list (ID: 1)
2026-09-16 18:44:14,695 - mcp_server.main - INFO - Processing tools/list request
2026-09-16 18:44:14,699 - mcp_server.main - INFO - Tools list request completed
2026-09-16 18:44:14,746 - mcp_server.main - INFO - Received MCP request: notifications/initialized (ID: None)
2026-09-16 18:44:14,747 - mcp_server.main - ERROR - Unknown method: notifications/initialized
2026-09-16 18:44:14,773 - mcp_server.main - INFO - Received MCP request: tools/list (ID: 1)
2026-09-16 18:44:14,774 - mcp_server.main - INFO - Processing tools/list request
2026-09-16 18:44:14,777 - mcp_server.main - INFO - Tools list request completed
2026-09-16 18:45:48,464 - mcp_server.main - INFO - WebSocket connection accepted (subprotocol='mcp')
2026-09-16 18:45:48,473 - mcp_server.main - INFO - Received MCP request: initialize (ID: 0)
2026-09-16 18:45:48,473 - mcp_server.main - INFO - Processing initialize request
2026-09-16 18:45:48,473 - mcp_server.main - INFO - Initialize request completed
2026-09-16 18:45:48,476 - mcp_server.main - INFO - Received MCP request: notifications/initialized (ID: None)
2026-09-16 18:45:48,476 - mcp_server.main - ERROR - Unknown method: notifications/initialized
2026-09-16 18:45:48,478 - mcp_server.main - INFO - Received MCP request: tools/list (ID: 1)
2026-09-16 18:45:48,478 - mcp_server.main - INFO - Processing tools/list request
2026-09-16 18:45:48,481 - mcp_server.main - INFO - Tools list request completed
2026-09-16 18:47:19,451 - mcp_server.main - INFO - WebSocket connection disconnected
2026-09-16 18:47:19,496 - __main__ - INFO - WebSocket connection disconnected
2026-09-16 18:47:19,519 - __main__ - INFO - WebSocket connection disconnected
2026-09-16 18:47:34,928 - __main__ - INFO - WebSocket connection accepted (subprotocol='mcp')
2026-09-16 18:47:34,969 - __main__ - INFO - WebSocket connection disconnected
2026-09-16 18:47:35,048 - mcp_server.main - INFO - WebSocket connection accepted (subprotocol='mcp')
2026-09-16 18:47:35,065 - mcp_server.main - INFO - WebSocket connection disconnected
2026-09-16 18:47:35,261 - mcp_server.main - INFO - WebSocket connection accepted (subprotocol='mcp')
2026-09-16 18:47:35,278 - mcp_server.main - INFO - Received MCP request: initialize (ID: 0)
2026-09-16 18:47:35,281 - mcp_server.main - INFO - Processing initialize request
2026-09-16 18:47:35,283 - mcp_server.main - INFO - Initialize request completed
2026-09-16 18:47:35,291 - mcp_server.main - INFO - Received MCP request: notifications/initialized (ID: None)
2026-09-16 18:47:35,292 - mcp_server.main - ERROR - Unknown method: notifications/initialized
2026-09-16 18:47:35,294 - mcp_server.main - INFO - Received MCP request: tools/list (ID: 1)
2026-09-16 18:47:35,295 - mcp_server.main - INFO - Processing tools/list request
2026-09-16 18:47:35,298 - mcp_server.main - INFO - Tools list request completed
2026-09-16 18:47:35,390 - __main__ - INFO - WebSocket connection accepted (subprotocol='mcp')
2026-09-16 18:47:35,452 - __main__ - INFO - Received MCP request: initialize (ID: 0)
2026-09-16 18:47:35,453 - __main__ - INFO - Processing initialize request
2026-09-16 18:47:35,487 - __main__ - INFO - Initialize request completed
2026-09-16 18:47:35,489 - __main__ - INFO - Received MCP request: notifications/initialized (ID: None)
2026-09-16 18:47:35,496 - __main__ - ERROR - Unknown method: notifications/initialized
2026-09-16 18:47:35,498 - __main__ - INFO - Received MCP request: tools/list (ID: 1)
2026-09-16 18:47:35,502 - __main__ - INFO - Processing tools/list request
2026-09-16 18:47:35,507 - __main__ - INFO - Tools list request completed
2026-09-16 18:47:36,655 - __main__ - INFO - WebSocket connection accepted (subprotocol='mcp')
2026-09-16 18:47:36,670 - __main__ - INFO - Received MCP request: initialize (ID: 0)
2026-09-16 18:47:36,671 - __main__ - INFO - Processing initialize request
2026-09-16 18:47:36,676 - __main__ - INFO - Initialize request completed
2026-09-16 18:47:36,683 - __main__ - INFO - Received MCP request: notifications/initialized (ID: None)
2026-09-16 18:47:36,683 - __main__ - ERROR - Unknown method: notifications/initialized
2026-09-16 18:47:36,688 - __main__ - INFO - Received MCP request: tools/list (ID: 1)
2026-09-16 18:47:36,688 - __main__ - INFO - Processing tools/list request
2026-09-16 18:47:36,692 - __main__ - INFO - Tools list request completed
2026-09-16 18:47:36,720 - mcp_server.main - INFO - WebSocket connection accepted (subprotocol='mcp')
2026-09-16 18:47:36,737 - mcp_server.main - INFO - Received MCP request: initialize (ID: 0)
2026-09-16 18:47:36,741 - mcp_server.main - INFO - Processing initialize request
2026-09-16 18:47:36,743 - mcp_server.main - INFO - Initialize request completed
2026-09-16 18:47:36,747 - mcp_server.main - INFO - Received MCP request: notifications/initialized (ID: None)
2026-09-16 18:47:36,779 - mcp_server.main - ERROR - Unknown method: notifications/initialized
2026-09-16 18:47:36,803 - mcp_server.main - INFO - Received MCP request: tools/list (ID: 1)
2026-09-16 18:47:36,812 - mcp_server.main - INFO - Processing tools/list request
2026-09-16 18:47:36,815 - mcp_server.main - INFO - Tools list request completed
2026-09-16 18:48:17,543 - __main__ - INFO - Received MCP request: tools/call (ID: 2)
2026-09-16 18:48:17,543 - __main__ - INFO - Executing tool: list_connections
2026-09-16 18:48:17,551 - mcp_server.oic_client - INFO - Fetching new OAuth token
2026-09-16 18:48:17,853 - httpx - INFO - HTTP Request: POST https://idcs-40ce518ee4354cb8b8a1f54926629fc0.identity.oraclecloud.com/oauth2/v1/token "HTTP/1.1 200 OK"
2026-09-16 18:48:17,859 - mcp_server.oic_client - INFO - OAuth token fetched successfully in 0.31s
2026-09-16 18:48:18,178 - httpx - INFO - HTTP Request: GET https://ap-ccs-oic-uat-axhknnpmgslz-si.integration.ap-singapore-1.ocp.oraclecloud.com/ic/api/integration/v1/connections?limit=5&integrationInstance=ap-ccswacs-oic-dev-axhknnpmgslz-si "HTTP/1.1 307 Temporary Redirect"
2026-09-16 18:48:18,682 - httpx - INFO - HTTP Request: GET https://design.integration.ap-singapore-1.ocp.oraclecloud.com/ic/api/integration/v1/connections?limit=5&integrationInstance=ap-ccswacs-oic-dev-axhknnpmgslz-si&integrationInstance=ap-ccs-oic-uat-axhknnpmgslz-si "HTTP/1.1 200 OK"
2026-09-16 18:48:18,685 - mcp_server.oic_client - INFO - HTTP request to /ic/api/integration/v1/connections completed in 0.83s (Status: 200)
2026-09-16 18:48:18,686 - __main__ - INFO - Tool list_connections executed successfully in 1.14s
2026-09-16 18:48:18,687 - __main__ - INFO - Tool list_connections request completed in 1.14s total
2026-09-16 18:49:31,501 - __main__ - INFO - WebSocket connection disconnected
2026-09-16 18:49:31,521 - __main__ - INFO - WebSocket connection disconnected
2026-09-16 18:50:09,756 - __main__ - INFO - WebSocket connection accepted (subprotocol='mcp')
2026-09-16 18:50:09,861 - __main__ - INFO - WebSocket connection disconnected
2026-09-16 18:50:09,979 - mcp_server.main - INFO - WebSocket connection accepted (subprotocol='mcp')
2026-09-16 18:50:10,022 - mcp_server.main - INFO - WebSocket connection disconnected
2026-09-16 18:50:10,042 - mcp_server.main - INFO - WebSocket connection accepted (subprotocol='mcp')
2026-09-16 18:50:10,136 - mcp_server.main - INFO - WebSocket connection disconnected
2026-09-16 18:50:10,156 - mcp_server.main - INFO - WebSocket connection accepted (subprotocol='mcp')
2026-09-16 18:50:10,192 - mcp_server.main - INFO - WebSocket connection disconnected
2026-09-16 18:50:10,266 - mcp_server.main - INFO - WebSocket connection accepted (subprotocol='mcp')
2026-09-16 18:50:10,289 - mcp_server.main - INFO - Received MCP request: initialize (ID: 0)
2026-09-16 18:50:10,295 - mcp_server.main - INFO - Processing initialize request
2026-09-16 18:50:10,296 - mcp_server.main - INFO - Initialize request completed
2026-09-16 18:50:10,315 - mcp_server.main - INFO - Received MCP request: notifications/initialized (ID: None)
2026-09-16 18:50:10,320 - mcp_server.main - ERROR - Unknown method: notifications/initialized
2026-09-16 18:50:10,322 - mcp_server.main - INFO - Received MCP request: tools/list (ID: 1)
2026-09-16 18:50:10,324 - mcp_server.main - INFO - Processing tools/list request
2026-09-16 18:50:10,326 - mcp_server.main - INFO - Tools list request completed
2026-09-16 18:50:10,364 - __main__ - INFO - WebSocket connection accepted (subprotocol='mcp')
2026-09-16 18:50:10,377 - mcp_server.main - INFO - WebSocket connection accepted (subprotocol='mcp')
2026-09-16 18:50:10,381 - __main__ - INFO - Received MCP request: initialize (ID: 0)
2026-09-16 18:50:10,382 - __main__ - INFO - Processing initialize request
2026-09-16 18:50:10,383 - __main__ - INFO - Initialize request completed
2026-09-16 18:50:10,386 - __main__ - INFO - Received MCP request: notifications/initialized (ID: None)
2026-09-16 18:50:10,386 - __main__ - ERROR - Unknown method: notifications/initialized
2026-09-16 18:50:10,389 - __main__ - INFO - Received MCP request: tools/list (ID: 1)
2026-09-16 18:50:10,390 - __main__ - INFO - Processing tools/list request
2026-09-16 18:50:10,393 - __main__ - INFO - Tools list request completed
2026-09-16 18:50:10,398 - mcp_server.main - INFO - Received MCP request: initialize (ID: 0)
2026-09-16 18:50:10,401 - mcp_server.main - INFO - Processing initialize request
2026-09-16 18:50:10,403 - mcp_server.main - INFO - Initialize request completed
2026-09-16 18:50:10,406 - mcp_server.main - INFO - Received MCP request: notifications/initialized (ID: None)
2026-09-16 18:50:10,407 - mcp_server.main - ERROR - Unknown method: notifications/initialized
2026-09-16 18:50:10,409 - mcp_server.main - INFO - Received MCP request: tools/list (ID: 1)
2026-09-16 18:50:10,410 - mcp_server.main - INFO - Processing tools/list request
2026-09-16 18:50:10,414 - mcp_server.main - INFO - Tools list request completed
2026-09-16 18:50:10,552 - mcp_server.main - INFO - WebSocket connection accepted (subprotocol='mcp')
2026-09-16 18:50:10,573 - mcp_server.main - INFO - Received MCP request: initialize (ID: 0)
2026-09-16 18:50:10,574 - mcp_server.main - INFO - Processing initialize request
2026-09-16 18:50:10,575 - mcp_server.main - INFO - Initialize request completed
2026-09-16 18:50:10,577 - mcp_server.main - INFO - Received MCP request: notifications/initialized (ID: None)
2026-09-16 18:50:10,577 - mcp_server.main - ERROR - Unknown method: notifications/initialized
2026-09-16 18:50:10,579 - mcp_server.main - INFO - Received MCP request: tools/list (ID: 1)
2026-09-16 18:50:10,580 - mcp_server.main - INFO - Processing tools/list request
2026-09-16 18:50:10,583 - mcp_server.main - INFO - Tools list request completed
2026-09-16 18:50:11,414 - __main__ - INFO - WebSocket connection accepted (subprotocol='mcp')
2026-09-16 18:50:11,454 - __main__ - INFO - Received MCP request: initialize (ID: 0)
2026-09-16 18:50:11,455 - __main__ - INFO - Processing initialize request
2026-09-16 18:50:11,456 - __main__ - INFO - Initialize request completed
2026-09-16 18:50:11,469 - __main__ - INFO - Received MCP request: notifications/initialized (ID: None)
2026-09-16 18:50:11,471 - __main__ - ERROR - Unknown method: notifications/initialized
2026-09-16 18:50:11,475 - __main__ - INFO - Received MCP request: tools/list (ID: 1)
2026-09-16 18:50:11,479 - __main__ - INFO - Processing tools/list request
2026-09-16 18:50:11,483 - __main__ - INFO - Tools list request completed
2026-09-16 18:50:11,673 - mcp_server.main - INFO - WebSocket connection accepted (subprotocol='mcp')
2026-09-16 18:50:11,684 - mcp_server.main - INFO - Received MCP request: initialize (ID: 0)
2026-09-16 18:50:11,685 - mcp_server.main - INFO - Processing initialize request
2026-09-16 18:50:11,685 - mcp_server.main - INFO - Initialize request completed
2026-09-16 18:50:11,694 - mcp_server.main - INFO - Received MCP request: notifications/initialized (ID: None)
2026-09-16 18:50:11,694 - mcp_server.main - ERROR - Unknown method: notifications/initialized
2026-09-16 18:50:11,701 - mcp_server.main - INFO - Received MCP request: tools/list (ID: 1)
2026-09-16 18:50:11,706 - mcp_server.main - INFO - Processing tools/list request
2026-09-16 18:50:11,709 - mcp_server.main - INFO - Tools list request completed
2026-09-16 18:50:11,752 - mcp_server.main - INFO - WebSocket connection accepted (subprotocol='mcp')
2026-09-16 18:50:11,753 - mcp_server.main - INFO - WebSocket connection accepted (subprotocol='mcp')
2026-09-16 18:50:11,764 - mcp_server.main - INFO - Received MCP request: initialize (ID: 0)
2026-09-16 18:50:11,764 - mcp_server.main - INFO - Received MCP request: initialize (ID: 0)
2026-09-16 18:50:11,764 - mcp_server.main - INFO - Processing initialize request
2026-09-16 18:50:11,765 - mcp_server.main - INFO - Processing initialize request
2026-09-16 18:50:11,765 - mcp_server.main - INFO - Initialize request completed
2026-09-16 18:50:11,765 - mcp_server.main - INFO - Initialize request completed
2026-09-16 18:50:11,770 - mcp_server.main - INFO - Received MCP request: notifications/initialized (ID: None)
2026-09-16 18:50:11,771 - mcp_server.main - ERROR - Unknown method: notifications/initialized
2026-09-16 18:50:11,774 - mcp_server.main - INFO - Received MCP request: tools/list (ID: 1)
2026-09-16 18:50:11,775 - mcp_server.main - INFO - Received MCP request: notifications/initialized (ID: None)
2026-09-16 18:50:11,775 - mcp_server.main - INFO - Processing tools/list request
2026-09-16 18:50:11,775 - mcp_server.main - ERROR - Unknown method: notifications/initialized
2026-09-16 18:50:11,777 - mcp_server.main - INFO - Tools list request completed
2026-09-16 18:50:11,779 - mcp_server.main - INFO - Received MCP request: tools/list (ID: 1)
2026-09-16 18:50:11,779 - mcp_server.main - INFO - Processing tools/list request
2026-09-16 18:50:11,785 - mcp_server.main - INFO - Tools list request completed
2026-09-16 18:50:25,027 - mcp_server.main - INFO - Received MCP request: tools/call (ID: 2)
2026-09-16 18:50:32,291 - mcp_server.main - INFO - Executing tool: list_connections
2026-09-16 18:50:32,682 - mcp_server.oic_client - INFO - Fetching new OAuth token
2026-09-16 18:50:33,094 - httpx - INFO - HTTP Request: POST https://idcs-40ce518ee4354cb8b8a1f54926629fc0.identity.oraclecloud.com/oauth2/v1/token "HTTP/1.1 200 OK"
2026-09-16 18:50:33,097 - mcp_server.oic_client - INFO - OAuth token fetched successfully in 0.41s
2026-09-16 18:50:33,691 - httpx - INFO - HTTP Request: GET https://design.integration.ap-singapore-1.ocp.oraclecloud.com/ic/api/integration/v1/connections?limit=5&integrationInstance=ap-ccs-oic-uat-axhknnpmgslz-si "HTTP/1.1 200 OK"
2026-09-16 18:50:33,696 - mcp_server.oic_client - INFO - HTTP request to /ic/api/integration/v1/connections completed in 0.60s (Status: 200)
2026-09-16 18:50:33,726 - mcp_server.main - INFO - Tool list_connections executed successfully in 1.43s
2026-09-16 18:50:33,741 - mcp_server.main - INFO - Tool list_connections request completed in 8.71s total
2026-09-16 18:51:34,053 - mcp_server.main - INFO - Received MCP request: tools/call (ID: 3)
2026-09-16 18:51:34,054 - mcp_server.main - INFO - Executing tool: search_integration_by_name
2026-09-16 18:51:34,054 - mcp_server.tools - INFO - Tool _call_search_integration_by_name called with params: {'name': 'DXI Create Work Order'}
2026-09-16 18:51:34,054 - mcp_server.oic_client - INFO - Searching for integration by name: DXI Create Work Order
2026-09-16 18:51:34,764 - httpx - INFO - HTTP Request: GET https://design.integration.ap-singapore-1.ocp.oraclecloud.com/ic/api/integration/v1/integrations?limit=100&page=1&integrationInstance=ap-ccs-oic-uat-axhknnpmgslz-si "HTTP/1.1 200 OK"
2026-09-16 18:51:34,768 - mcp_server.oic_client - INFO - HTTP request to /ic/api/integration/v1/integrations completed in 0.71s (Status: 200)
2026-09-16 18:51:34,771 - mcp_server.oic_client - INFO - Page 1: 63 integrations, hasMore: False
2026-09-16 18:51:34,771 - mcp_server.oic_client - INFO - Found 0 exact and 0 partial matches for 'DXI Create Work Order' across 1 page(s)
2026-09-16 18:51:34,772 - mcp_server.tools - INFO - Tool _call_search_integration_by_name completed in 0.72s
2026-09-16 18:51:34,772 - mcp_server.main - INFO - Tool search_integration_by_name executed successfully in 0.72s
2026-09-16 18:51:34,773 - mcp_server.main - INFO - Tool search_integration_by_name request completed in 0.72s total
2026-09-16 18:51:38,327 - mcp_server.main - INFO - Received MCP request: tools/call (ID: 4)
2026-09-16 18:51:38,328 - mcp_server.main - INFO - Executing tool: search_integrations_by_pattern
2026-09-16 18:51:38,328 - mcp_server.tools - INFO - Tool _call_search_integrations_by_pattern called with params: {'pattern': 'DXI'}
2026-09-16 18:51:38,329 - mcp_server.tools - INFO - Starting search_integrations_by_pattern with pattern=DXI, max_pages=50, per_page=100
2026-09-16 18:51:38,330 - mcp_server.oic_client - INFO - Searching integrations by pattern: DXI
2026-09-16 18:51:38,331 - mcp_server.oic_client - INFO - Starting list_all_integrations - only_activated: None, max_pages: 50, per_page: 100
2026-09-16 18:51:38,532 - httpx - INFO - HTTP Request: GET https://design.integration.ap-singapore-1.ocp.oraclecloud.com/ic/api/integration/v1/projects?limit=100&integrationInstance=ap-ccs-oic-uat-axhknnpmgslz-si "HTTP/1.1 200 OK"
2026-09-16 18:51:38,535 - mcp_server.oic_client - INFO - HTTP request to /ic/api/integration/v1/projects completed in 0.20s (Status: 200)
2026-09-16 18:51:38,881 - httpx - INFO - HTTP Request: GET https://design.integration.ap-singapore-1.ocp.oraclecloud.com/ic/api/integration/v1/projects/APDU_WACS_DXI_GIS/integrations?limit=100&integrationInstance=ap-ccs-oic-uat-axhknnpmgslz-si "HTTP/1.1 200 OK"
2026-09-16 18:51:38,885 - mcp_server.oic_client - INFO - HTTP request to /ic/api/integration/v1/projects/APDU_WACS_DXI_GIS/integrations completed in 0.35s (Status: 200)
2026-09-16 18:51:40,330 - httpx - INFO - HTTP Request: GET https://design.integration.ap-singapore-1.ocp.oraclecloud.com/ic/api/integration/v1/projects/APDU_WACS_OFSC/integrations?limit=100&integrationInstance=ap-ccs-oic-uat-axhknnpmgslz-si "HTTP/1.1 200 OK"
2026-09-16 18:51:40,336 - mcp_server.oic_client - INFO - HTTP request to /ic/api/integration/v1/projects/APDU_WACS_OFSC/integrations completed in 1.45s (Status: 200)
2026-09-16 18:51:40,626 - httpx - INFO - HTTP Request: GET https://design.integration.ap-singapore-1.ocp.oraclecloud.com/ic/api/integration/v1/projects/APDU_WACS_COMMON/integrations?limit=100&integrationInstance=ap-ccs-oic-uat-axhknnpmgslz-si "HTTP/1.1 200 OK"
2026-09-16 18:51:40,632 - mcp_server.oic_client - INFO - HTTP request to /ic/api/integration/v1/projects/APDU_WACS_COMMON/integrations completed in 0.29s (Status: 200)
2026-09-16 18:51:41,124 - httpx - INFO - HTTP Request: GET https://design.integration.ap-singapore-1.ocp.oraclecloud.com/ic/api/integration/v1/projects/ZZ_TEST/integrations?limit=100&integrationInstance=ap-ccs-oic-uat-axhknnpmgslz-si "HTTP/1.1 200 OK"
2026-09-16 18:51:41,126 - mcp_server.oic_client - INFO - HTTP request to /ic/api/integration/v1/projects/ZZ_TEST/integrations completed in 0.49s (Status: 200)
2026-09-16 18:51:41,413 - httpx - INFO - HTTP Request: GET https://design.integration.ap-singapore-1.ocp.oraclecloud.com/ic/api/integration/v1/projects/OUTL-BA-ODM_MDM/integrations?limit=100&integrationInstance=ap-ccs-oic-uat-axhknnpmgslz-si "HTTP/1.1 200 OK"
2026-09-16 18:51:41,416 - mcp_server.oic_client - INFO - HTTP request to /ic/api/integration/v1/projects/OUTL-BA-ODM_MDM/integrations completed in 0.29s (Status: 200)
2026-09-16 18:51:42,241 - httpx - INFO - HTTP Request: GET https://design.integration.ap-singapore-1.ocp.oraclecloud.com/ic/api/integration/v1/projects/ORCL-BA-MNT_OFS_SYNC/integrations?limit=100&integrationInstance=ap-ccs-oic-uat-axhknnpmgslz-si "HTTP/1.1 200 OK"
2026-09-16 18:51:42,245 - mcp_server.oic_client - INFO - HTTP request to /ic/api/integration/v1/projects/ORCL-BA-MNT_OFS_SYNC/integrations completed in 0.83s (Status: 200)
2026-09-16 18:51:42,543 - httpx - INFO - HTTP Request: GET https://design.integration.ap-singapore-1.ocp.oraclecloud.com/ic/api/integration/v1/projects/ORCL-BA-B2BSVC_OFS_WO_SYNC/integrations?limit=100&integrationInstance=ap-ccs-oic-uat-axhknnpmgslz-si "HTTP/1.1 200 OK"
2026-09-16 18:51:42,548 - mcp_server.oic_client - INFO - HTTP request to /ic/api/integration/v1/projects/ORCL-BA-B2BSVC_OFS_WO_SYNC/integrations completed in 0.30s (Status: 200)
2026-09-16 18:51:42,549 - mcp_server.oic_client - INFO - Calling list_integrations - only_activated: None, limit: None, page: None
2026-09-16 18:51:42,877 - httpx - INFO - HTTP Request: GET https://design.integration.ap-singapore-1.ocp.oraclecloud.com/ic/api/integration/v1/integrations?integrationInstance=ap-ccs-oic-uat-axhknnpmgslz-si "HTTP/1.1 200 OK"
2026-09-16 18:51:42,882 - mcp_server.oic_client - INFO - HTTP request to /ic/api/integration/v1/integrations completed in 0.33s (Status: 200)
2026-09-16 18:51:42,885 - mcp_server.oic_client - INFO - list_integrations returned 63 items, total: 63, hasMore: False in 0.34s
2026-09-16 18:51:42,887 - mcp_server.oic_client - INFO - Fetching page 1/50
2026-09-16 18:51:42,888 - mcp_server.oic_client - INFO - Calling list_integrations - only_activated: None, limit: 100, page: 1
2026-09-16 18:51:43,681 - httpx - INFO - HTTP Request: GET https://design.integration.ap-singapore-1.ocp.oraclecloud.com/ic/api/integration/v1/integrations?limit=100&page=1&integrationInstance=ap-ccs-oic-uat-axhknnpmgslz-si "HTTP/1.1 200 OK"
2026-09-16 18:51:43,685 - mcp_server.oic_client - INFO - HTTP request to /ic/api/integration/v1/integrations completed in 0.80s (Status: 200)
2026-09-16 18:51:43,688 - mcp_server.oic_client - INFO - list_integrations returned 63 items, total: 63, hasMore: False in 0.80s
2026-09-16 18:51:43,689 - mcp_server.oic_client - INFO - Page 1: API returned 63 items, totalResults: 63, hasMore: False
2026-09-16 18:51:43,690 - mcp_server.oic_client - INFO - Page 1: found 63 items, 0 new unique, total so far: 168 in 0.80s
2026-09-16 18:51:43,691 - mcp_server.oic_client - INFO - No new unique integrations on page 1. Consecutive empty pages: 1
2026-09-16 18:51:43,692 - mcp_server.oic_client - INFO - Reached total results limit: 168 >= 63
2026-09-16 18:51:43,693 - mcp_server.oic_client - INFO - list_all_integrations completed: fetched 168 unique integrations from 0 pages in 5.36s
2026-09-16 18:51:43,694 - mcp_server.oic_client - INFO - Pattern search 'DXI' found 6 matches out of 168 total integrations
2026-09-16 18:51:43,696 - mcp_server.tools - INFO - Tool _call_search_integrations_by_pattern completed in 5.37s - returned 6 integrations
2026-09-16 18:51:43,697 - mcp_server.main - INFO - Tool search_integrations_by_pattern executed successfully in 5.37s
2026-09-16 18:51:43,699 - mcp_server.main - INFO - Tool search_integrations_by_pattern request completed in 5.37s total
2026-09-16 18:51:45,574 - mcp_server.main - INFO - Received MCP request: tools/call (ID: 5)
2026-09-16 18:51:45,575 - mcp_server.main - INFO - Executing tool: list_integrations_search
2026-09-16 18:51:45,577 - mcp_server.tools - INFO - Starting list_integrations_search with terms: ['work order'], max_pages: 20, per_page: 50
2026-09-16 18:51:45,580 - mcp_server.tools - INFO - Searching page 1/20
2026-09-16 18:51:45,580 - mcp_server.oic_client - INFO - Calling list_integrations - only_activated: None, limit: 50, page: 1
2026-09-16 18:51:45,875 - httpx - INFO - HTTP Request: GET https://design.integration.ap-singapore-1.ocp.oraclecloud.com/ic/api/integration/v1/integrations?limit=50&page=1&integrationInstance=ap-ccs-oic-uat-axhknnpmgslz-si "HTTP/1.1 200 OK"
2026-09-16 18:51:45,878 - mcp_server.oic_client - INFO - HTTP request to /ic/api/integration/v1/integrations completed in 0.30s (Status: 200)
2026-09-16 18:51:45,881 - mcp_server.oic_client - INFO - list_integrations returned 50 items, total: 63, hasMore: True in 0.30s
2026-09-16 18:51:45,882 - mcp_server.tools - INFO - Page 1: found 50 items, 0 total matches so far
2026-09-16 18:51:45,883 - mcp_server.tools - INFO - Searching page 2/20
2026-09-16 18:51:45,884 - mcp_server.oic_client - INFO - Calling list_integrations - only_activated: None, limit: 50, page: 2
2026-09-16 18:51:46,161 - httpx - INFO - HTTP Request: GET https://design.integration.ap-singapore-1.ocp.oraclecloud.com/ic/api/integration/v1/integrations?limit=50&page=2&integrationInstance=ap-ccs-oic-uat-axhknnpmgslz-si "HTTP/1.1 200 OK"
2026-09-16 18:51:46,167 - mcp_server.oic_client - INFO - HTTP request to /ic/api/integration/v1/integrations completed in 0.28s (Status: 200)
2026-09-16 18:51:46,170 - mcp_server.oic_client - INFO - list_integrations returned 50 items, total: 63, hasMore: True in 0.28s
2026-09-16 18:51:46,171 - mcp_server.tools - INFO - Page 2: found 50 items, 0 total matches so far
2026-09-16 18:51:46,171 - mcp_server.tools - INFO - Searching page 3/20
2026-09-16 18:51:46,172 - mcp_server.oic_client - INFO - Calling list_integrations - only_activated: None, limit: 50, page: 3
2026-09-16 18:51:46,454 - httpx - INFO - HTTP Request: GET https://design.integration.ap-singapore-1.ocp.oraclecloud.com/ic/api/integration/v1/integrations?limit=50&page=3&integrationInstance=ap-ccs-oic-uat-axhknnpmgslz-si "HTTP/1.1 200 OK"
2026-09-16 18:51:46,459 - mcp_server.oic_client - INFO - HTTP request to /ic/api/integration/v1/integrations completed in 0.29s (Status: 200)
2026-09-16 18:51:46,464 - mcp_server.oic_client - INFO - list_integrations returned 50 items, total: 63, hasMore: True in 0.29s
2026-09-16 18:51:46,466 - mcp_server.tools - INFO - Page 3: found 50 items, 0 total matches so far
2026-09-16 18:51:46,467 - mcp_server.tools - INFO - Searching page 4/20
2026-09-16 18:51:46,468 - mcp_server.oic_client - INFO - Calling list_integrations - only_activated: None, limit: 50, page: 4
2026-09-16 18:51:46,743 - httpx - INFO - HTTP Request: GET https://design.integration.ap-singapore-1.ocp.oraclecloud.com/ic/api/integration/v1/integrations?limit=50&page=4&integrationInstance=ap-ccs-oic-uat-axhknnpmgslz-si "HTTP/1.1 200 OK"
2026-09-16 18:51:46,748 - mcp_server.oic_client - INFO - HTTP request to /ic/api/integration/v1/integrations completed in 0.28s (Status: 200)
2026-09-16 18:51:46,751 - mcp_server.oic_client - INFO - list_integrations returned 50 items, total: 63, hasMore: True in 0.28s
2026-09-16 18:51:46,752 - mcp_server.tools - INFO - Page 4: found 50 items, 0 total matches so far
2026-09-16 18:51:46,753 - mcp_server.tools - INFO - Searching page 5/20
2026-09-16 18:51:46,754 - mcp_server.oic_client - INFO - Calling list_integrations - only_activated: None, limit: 50, page: 5
2026-09-16 18:51:47,141 - httpx - INFO - HTTP Request: GET https://design.integration.ap-singapore-1.ocp.oraclecloud.com/ic/api/integration/v1/integrations?limit=50&page=5&integrationInstance=ap-ccs-oic-uat-axhknnpmgslz-si "HTTP/1.1 200 OK"
2026-09-16 18:51:47,148 - mcp_server.oic_client - INFO - HTTP request to /ic/api/integration/v1/integrations completed in 0.39s (Status: 200)
2026-09-16 18:51:47,151 - mcp_server.oic_client - INFO - list_integrations returned 50 items, total: 63, hasMore: True in 0.40s
2026-09-16 18:51:47,153 - mcp_server.tools - INFO - Page 5: found 50 items, 0 total matches so far
2026-09-16 18:51:47,153 - mcp_server.tools - INFO - Searching page 6/20
2026-09-16 18:51:47,154 - mcp_server.oic_client - INFO - Calling list_integrations - only_activated: None, limit: 50, page: 6
2026-09-16 18:51:47,387 - httpx - INFO - HTTP Request: GET https://design.integration.ap-singapore-1.ocp.oraclecloud.com/ic/api/integration/v1/integrations?limit=50&page=6&integrationInstance=ap-ccs-oic-uat-axhknnpmgslz-si "HTTP/1.1 200 OK"
2026-09-16 18:51:47,392 - mcp_server.oic_client - INFO - HTTP request to /ic/api/integration/v1/integrations completed in 0.24s (Status: 200)
2026-09-16 18:51:47,396 - mcp_server.oic_client - INFO - list_integrations returned 50 items, total: 63, hasMore: True in 0.24s
2026-09-16 18:51:47,398 - mcp_server.tools - INFO - Page 6: found 50 items, 0 total matches so far
2026-09-16 18:51:47,398 - mcp_server.tools - INFO - Searching page 7/20
2026-09-16 18:51:47,399 - mcp_server.oic_client - INFO - Calling list_integrations - only_activated: None, limit: 50, page: 7
2026-09-16 18:51:47,870 - httpx - INFO - HTTP Request: GET https://design.integration.ap-singapore-1.ocp.oraclecloud.com/ic/api/integration/v1/integrations?limit=50&page=7&integrationInstance=ap-ccs-oic-uat-axhknnpmgslz-si "HTTP/1.1 200 OK"
2026-09-16 18:51:47,875 - mcp_server.oic_client - INFO - HTTP request to /ic/api/integration/v1/integrations completed in 0.48s (Status: 200)
2026-09-16 18:51:47,879 - mcp_server.oic_client - INFO - list_integrations returned 50 items, total: 63, hasMore: True in 0.48s
2026-09-16 18:51:47,881 - mcp_server.tools - INFO - Page 7: found 50 items, 0 total matches so far
2026-09-16 18:51:47,882 - mcp_server.tools - INFO - Searching page 8/20
2026-09-16 18:51:47,883 - mcp_server.oic_client - INFO - Calling list_integrations - only_activated: None, limit: 50, page: 8
2026-09-16 18:51:48,126 - httpx - INFO - HTTP Request: GET https://design.integration.ap-singapore-1.ocp.oraclecloud.com/ic/api/integration/v1/integrations?limit=50&page=8&integrationInstance=ap-ccs-oic-uat-axhknnpmgslz-si "HTTP/1.1 200 OK"
2026-09-16 18:51:48,132 - mcp_server.oic_client - INFO - HTTP request to /ic/api/integration/v1/integrations completed in 0.25s (Status: 200)
2026-09-16 18:51:48,135 - mcp_server.oic_client - INFO - list_integrations returned 50 items, total: 63, hasMore: True in 0.25s
2026-09-16 18:51:48,137 - mcp_server.tools - INFO - Page 8: found 50 items, 0 total matches so far
2026-09-16 18:51:48,138 - mcp_server.tools - INFO - Searching page 9/20
2026-09-16 18:51:48,139 - mcp_server.oic_client - INFO - Calling list_integrations - only_activated: None, limit: 50, page: 9
2026-09-16 18:51:48,350 - httpx - INFO - HTTP Request: GET https://design.integration.ap-singapore-1.ocp.oraclecloud.com/ic/api/integration/v1/integrations?limit=50&page=9&integrationInstance=ap-ccs-oic-uat-axhknnpmgslz-si "HTTP/1.1 200 OK"
2026-09-16 18:51:48,354 - mcp_server.oic_client - INFO - HTTP request to /ic/api/integration/v1/integrations completed in 0.22s (Status: 200)
2026-09-16 18:51:48,357 - mcp_server.oic_client - INFO - list_integrations returned 50 items, total: 63, hasMore: True in 0.22s
2026-09-16 18:51:48,358 - mcp_server.tools - INFO - Page 9: found 50 items, 0 total matches so far
2026-09-16 18:51:48,359 - mcp_server.tools - INFO - Searching page 10/20
2026-09-16 18:51:48,360 - mcp_server.oic_client - INFO - Calling list_integrations - only_activated: None, limit: 50, page: 10
2026-09-16 18:51:48,568 - httpx - INFO - HTTP Request: GET https://design.integration.ap-singapore-1.ocp.oraclecloud.com/ic/api/integration/v1/integrations?limit=50&page=10&integrationInstance=ap-ccs-oic-uat-axhknnpmgslz-si "HTTP/1.1 200 OK"
2026-09-16 18:51:48,571 - mcp_server.oic_client - INFO - HTTP request to /ic/api/integration/v1/integrations completed in 0.21s (Status: 200)
2026-09-16 18:51:48,574 - mcp_server.oic_client - INFO - list_integrations returned 50 items, total: 63, hasMore: True in 0.21s
2026-09-16 18:51:48,575 - mcp_server.tools - INFO - Page 10: found 50 items, 0 total matches so far
2026-09-16 18:51:48,576 - mcp_server.tools - INFO - Searching page 11/20
2026-09-16 18:51:48,576 - mcp_server.oic_client - INFO - Calling list_integrations - only_activated: None, limit: 50, page: 11
2026-09-16 18:51:49,049 - httpx - INFO - HTTP Request: GET https://design.integration.ap-singapore-1.ocp.oraclecloud.com/ic/api/integration/v1/integrations?limit=50&page=11&integrationInstance=ap-ccs-oic-uat-axhknnpmgslz-si "HTTP/1.1 200 OK"
2026-09-16 18:51:49,052 - mcp_server.oic_client - INFO - HTTP request to /ic/api/integration/v1/integrations completed in 0.48s (Status: 200)
2026-09-16 18:51:49,055 - mcp_server.oic_client - INFO - list_integrations returned 50 items, total: 63, hasMore: True in 0.48s
2026-09-16 18:51:49,056 - mcp_server.tools - INFO - Page 11: found 50 items, 0 total matches so far
2026-09-16 18:51:49,056 - mcp_server.tools - INFO - Searching page 12/20
2026-09-16 18:51:49,057 - mcp_server.oic_client - INFO - Calling list_integrations - only_activated: None, limit: 50, page: 12
2026-09-16 18:51:49,274 - httpx - INFO - HTTP Request: GET https://design.integration.ap-singapore-1.ocp.oraclecloud.com/ic/api/integration/v1/integrations?limit=50&page=12&integrationInstance=ap-ccs-oic-uat-axhknnpmgslz-si "HTTP/1.1 200 OK"
2026-09-16 18:51:49,280 - mcp_server.oic_client - INFO - HTTP request to /ic/api/integration/v1/integrations completed in 0.22s (Status: 200)
2026-09-16 18:51:49,283 - mcp_server.oic_client - INFO - list_integrations returned 50 items, total: 63, hasMore: True in 0.22s
2026-09-16 18:51:49,284 - mcp_server.tools - INFO - Page 12: found 50 items, 0 total matches so far
2026-09-16 18:51:49,284 - mcp_server.tools - INFO - Searching page 13/20
2026-09-16 18:51:49,285 - mcp_server.oic_client - INFO - Calling list_integrations - only_activated: None, limit: 50, page: 13
2026-09-16 18:51:49,488 - httpx - INFO - HTTP Request: GET https://design.integration.ap-singapore-1.ocp.oraclecloud.com/ic/api/integration/v1/integrations?limit=50&page=13&integrationInstance=ap-ccs-oic-uat-axhknnpmgslz-si "HTTP/1.1 200 OK"
2026-09-16 18:51:49,492 - mcp_server.oic_client - INFO - HTTP request to /ic/api/integration/v1/integrations completed in 0.21s (Status: 200)
2026-09-16 18:51:49,494 - mcp_server.oic_client - INFO - list_integrations returned 50 items, total: 63, hasMore: True in 0.21s
2026-09-16 18:51:49,496 - mcp_server.tools - INFO - Page 13: found 50 items, 0 total matches so far
2026-09-16 18:51:49,496 - mcp_server.tools - INFO - Searching page 14/20
2026-09-16 18:51:49,497 - mcp_server.oic_client - INFO - Calling list_integrations - only_activated: None, limit: 50, page: 14
2026-09-16 18:51:49,724 - httpx - INFO - HTTP Request: GET https://design.integration.ap-singapore-1.ocp.oraclecloud.com/ic/api/integration/v1/integrations?limit=50&page=14&integrationInstance=ap-ccs-oic-uat-axhknnpmgslz-si "HTTP/1.1 200 OK"
2026-09-16 18:51:49,729 - mcp_server.oic_client - INFO - HTTP request to /ic/api/integration/v1/integrations completed in 0.23s (Status: 200)
2026-09-16 18:51:49,732 - mcp_server.oic_client - INFO - list_integrations returned 50 items, total: 63, hasMore: True in 0.23s
2026-09-16 18:51:49,733 - mcp_server.tools - INFO - Page 14: found 50 items, 0 total matches so far
2026-09-16 18:51:49,734 - mcp_server.tools - INFO - Searching page 15/20
2026-09-16 18:51:49,736 - mcp_server.oic_client - INFO - Calling list_integrations - only_activated: None, limit: 50, page: 15
2026-09-16 18:51:50,008 - httpx - INFO - HTTP Request: GET https://design.integration.ap-singapore-1.ocp.oraclecloud.com/ic/api/integration/v1/integrations?limit=50&page=15&integrationInstance=ap-ccs-oic-uat-axhknnpmgslz-si "HTTP/1.1 200 OK"
2026-09-16 18:51:50,013 - mcp_server.oic_client - INFO - HTTP request to /ic/api/integration/v1/integrations completed in 0.28s (Status: 200)
2026-09-16 18:51:50,016 - mcp_server.oic_client - INFO - list_integrations returned 50 items, total: 63, hasMore: True in 0.28s
2026-09-16 18:51:50,017 - mcp_server.tools - INFO - Page 15: found 50 items, 0 total matches so far
2026-09-16 18:51:50,018 - mcp_server.tools - INFO - Searching page 16/20
2026-09-16 18:51:50,018 - mcp_server.oic_client - INFO - Calling list_integrations - only_activated: None, limit: 50, page: 16
2026-09-16 18:51:50,297 - httpx - INFO - HTTP Request: GET https://design.integration.ap-singapore-1.ocp.oraclecloud.com/ic/api/integration/v1/integrations?limit=50&page=16&integrationInstance=ap-ccs-oic-uat-axhknnpmgslz-si "HTTP/1.1 200 OK"
2026-09-16 18:51:50,300 - mcp_server.oic_client - INFO - HTTP request to /ic/api/integration/v1/integrations completed in 0.28s (Status: 200)
2026-09-16 18:51:50,303 - mcp_server.oic_client - INFO - list_integrations returned 50 items, total: 63, hasMore: True in 0.28s
2026-09-16 18:51:50,304 - mcp_server.tools - INFO - Page 16: found 50 items, 0 total matches so far
2026-09-16 18:51:50,304 - mcp_server.tools - INFO - Searching page 17/20
2026-09-16 18:51:50,305 - mcp_server.oic_client - INFO - Calling list_integrations - only_activated: None, limit: 50, page: 17
2026-09-16 18:51:50,511 - httpx - INFO - HTTP Request: GET https://design.integration.ap-singapore-1.ocp.oraclecloud.com/ic/api/integration/v1/integrations?limit=50&page=17&integrationInstance=ap-ccs-oic-uat-axhknnpmgslz-si "HTTP/1.1 200 OK"
2026-09-16 18:51:50,515 - mcp_server.oic_client - INFO - HTTP request to /ic/api/integration/v1/integrations completed in 0.21s (Status: 200)
2026-09-16 18:51:50,517 - mcp_server.oic_client - INFO - list_integrations returned 50 items, total: 63, hasMore: True in 0.21s
2026-09-16 18:51:50,518 - mcp_server.tools - INFO - Page 17: found 50 items, 0 total matches so far
2026-09-16 18:51:50,519 - mcp_server.tools - INFO - Searching page 18/20
2026-09-16 18:51:50,520 - mcp_server.oic_client - INFO - Calling list_integrations - only_activated: None, limit: 50, page: 18
2026-09-16 18:51:50,774 - httpx - INFO - HTTP Request: GET https://design.integration.ap-singapore-1.ocp.oraclecloud.com/ic/api/integration/v1/integrations?limit=50&page=18&integrationInstance=ap-ccs-oic-uat-axhknnpmgslz-si "HTTP/1.1 200 OK"
2026-09-16 18:51:50,779 - mcp_server.oic_client - INFO - HTTP request to /ic/api/integration/v1/integrations completed in 0.26s (Status: 200)
2026-09-16 18:51:50,782 - mcp_server.oic_client - INFO - list_integrations returned 50 items, total: 63, hasMore: True in 0.26s
2026-09-16 18:51:50,783 - mcp_server.tools - INFO - Page 18: found 50 items, 0 total matches so far
2026-09-16 18:51:50,783 - mcp_server.tools - INFO - Searching page 19/20
2026-09-16 18:51:50,784 - mcp_server.oic_client - INFO - Calling list_integrations - only_activated: None, limit: 50, page: 19
2026-09-16 18:51:51,011 - httpx - INFO - HTTP Request: GET https://design.integration.ap-singapore-1.ocp.oraclecloud.com/ic/api/integration/v1/integrations?limit=50&page=19&integrationInstance=ap-ccs-oic-uat-axhknnpmgslz-si "HTTP/1.1 200 OK"
2026-09-16 18:51:51,016 - mcp_server.oic_client - INFO - HTTP request to /ic/api/integration/v1/integrations completed in 0.23s (Status: 200)
2026-09-16 18:51:51,019 - mcp_server.oic_client - INFO - list_integrations returned 50 items, total: 63, hasMore: True in 0.23s
2026-09-16 18:51:51,020 - mcp_server.tools - INFO - Page 19: found 50 items, 0 total matches so far
2026-09-16 18:51:51,020 - mcp_server.tools - INFO - Searching page 20/20
2026-09-16 18:51:51,021 - mcp_server.oic_client - INFO - Calling list_integrations - only_activated: None, limit: 50, page: 20
2026-09-16 18:51:51,738 - httpx - INFO - HTTP Request: GET https://design.integration.ap-singapore-1.ocp.oraclecloud.com/ic/api/integration/v1/integrations?limit=50&page=20&integrationInstance=ap-ccs-oic-uat-axhknnpmgslz-si "HTTP/1.1 200 OK"
2026-09-16 18:51:51,743 - mcp_server.oic_client - INFO - HTTP request to /ic/api/integration/v1/integrations completed in 0.72s (Status: 200)
2026-09-16 18:51:51,747 - mcp_server.oic_client - INFO - list_integrations returned 50 items, total: 63, hasMore: True in 0.73s
2026-09-16 18:51:51,748 - mcp_server.tools - INFO - Page 20: found 50 items, 0 total matches so far
2026-09-16 18:51:51,749 - mcp_server.tools - INFO - Search completed: found 0 matches across 20 pages
2026-09-16 18:51:51,749 - mcp_server.main - INFO - Tool list_integrations_search executed successfully in 6.17s
2026-09-16 18:51:51,750 - mcp_server.main - INFO - Tool list_integrations_search request completed in 6.18s total
2026-09-16 18:51:56,208 - mcp_server.main - INFO - Received MCP request: tools/call (ID: 6)
2026-09-16 18:51:56,209 - mcp_server.main - INFO - Executing tool: list_instances
2026-09-16 18:51:56,337 - httpx - INFO - HTTP Request: GET https://design.integration.ap-singapore-1.ocp.oraclecloud.com/ic/api/integration/v1/monitoring/instances?q=%7Bcode+%3A+%27APDU_WACS_DXI_CREATEWO%27%2C+version+%3A+%2701.00.0003%27%2C+timewindow+%3A+%273d%27%7D&limit=50&integrationInstance=ap-ccs-oic-uat-axhknnpmgslz-si "HTTP/1.1 200 OK"
2026-09-16 18:51:56,341 - mcp_server.oic_client - INFO - HTTP request to /ic/api/integration/v1/monitoring/instances completed in 0.13s (Status: 200)
2026-09-16 18:51:56,343 - mcp_server.main - INFO - Tool list_instances executed successfully in 0.13s
2026-09-16 18:51:56,346 - mcp_server.main - INFO - Tool list_instances request completed in 0.14s total
2026-09-16 18:52:00,159 - mcp_server.main - INFO - Received MCP request: tools/call (ID: 7)
2026-09-16 18:52:00,159 - mcp_server.main - INFO - Executing tool: list_instances
2026-09-16 18:52:00,260 - httpx - INFO - HTTP Request: GET https://design.integration.ap-singapore-1.ocp.oraclecloud.com/ic/api/integration/v1/monitoring/instances?q=%7Bcode+%3A+%27APDU_WACS_DXI_CREATEWO%27%2C+version+%3A+%2701.00.0003%27%2C+timewindow+%3A+%27RETENTIONPERIOD%27%7D&limit=50&integrationInstance=ap-ccs-oic-uat-axhknnpmgslz-si "HTTP/1.1 200 OK"
2026-09-16 18:52:00,266 - mcp_server.oic_client - INFO - HTTP request to /ic/api/integration/v1/monitoring/instances completed in 0.10s (Status: 200)
2026-09-16 18:52:00,272 - mcp_server.main - INFO - Tool list_instances executed successfully in 0.10s
2026-09-16 18:52:00,288 - mcp_server.main - INFO - Tool list_instances request completed in 0.13s total
2026-09-16 18:52:24,835 - mcp_server.main - INFO - Received MCP request: tools/call (ID: 8)
2026-09-16 18:52:24,836 - mcp_server.main - INFO - Executing tool: list_instances
2026-09-16 18:52:25,541 - httpx - INFO - HTTP Request: GET https://design.integration.ap-singapore-1.ocp.oraclecloud.com/ic/api/integration/v1/monitoring/instances?q=%7Bcode+%3A+%27APDU_WACS_DXI_CREATEWO%27%2C+version+%3A+%2701.00.0003%27%2C+timewindow+%3A+%271d%27%7D&limit=50&integrationInstance=ap-ccs-oic-uat-axhknnpmgslz-si "HTTP/1.1 200 OK"
2026-09-16 18:52:25,546 - mcp_server.oic_client - INFO - HTTP request to /ic/api/integration/v1/monitoring/instances completed in 0.71s (Status: 200)
2026-09-16 18:52:25,547 - mcp_server.main - INFO - Tool list_instances executed successfully in 0.71s
2026-09-16 18:52:25,548 - mcp_server.main - INFO - Tool list_instances request completed in 0.71s total
2026-09-16 18:53:35,375 - mcp_server.main - INFO - Received MCP request: tools/call (ID: 9)
2026-09-16 18:53:35,376 - mcp_server.main - INFO - Executing tool: list_project_instances
2026-09-16 18:53:35,731 - httpx - INFO - HTTP Request: GET https://design.integration.ap-singapore-1.ocp.oraclecloud.com/ic/api/integration/v1/projects/APDU_WACS_DXI_GIS/monitoring/instances?q=%7BprojectId+%3A+%27APDU_WACS_DXI_GIS%27%2C+code+%3A+%27APDU_WACS_DXI_CREATEWO%27%2C+version+%3A+%2701.00.0003%27%2C+timewindow+%3A+%271d%27%7D&limit=50&integrationInstance=ap-ccs-oic-uat-axhknnpmgslz-si "HTTP/1.1 404 Not Found"
2026-09-16 18:53:35,735 - mcp_server.oic_client - INFO - HTTP request to /ic/api/integration/v1/projects/APDU_WACS_DXI_GIS/monitoring/instances completed in 0.36s (Status: 404)
2026-09-16 18:53:35,808 - httpx - INFO - HTTP Request: GET https://design.integration.ap-singapore-1.ocp.oraclecloud.com/ic/api/integration/v1/projects/APDU_WACS_DXI_GIS/instances?q=%7BprojectId+%3A+%27APDU_WACS_DXI_GIS%27%2C+code+%3A+%27APDU_WACS_DXI_CREATEWO%27%2C+version+%3A+%2701.00.0003%27%2C+timewindow+%3A+%271d%27%7D&limit=50&integrationInstance=ap-ccs-oic-uat-axhknnpmgslz-si "HTTP/1.1 404 Not Found"
2026-09-16 18:53:35,811 - mcp_server.oic_client - INFO - HTTP request to /ic/api/integration/v1/projects/APDU_WACS_DXI_GIS/instances completed in 0.08s (Status: 404)
2026-09-16 18:53:35,879 - httpx - INFO - HTTP Request: GET https://design.integration.ap-singapore-1.ocp.oraclecloud.com/ic/api/integration/v1/monitoring/instances?q=%7BprojectId+%3A+%27APDU_WACS_DXI_GIS%27%2C+code+%3A+%27APDU_WACS_DXI_CREATEWO%27%2C+version+%3A+%2701.00.0003%27%2C+timewindow+%3A+%271d%27%7D&limit=50&integrationInstance=ap-ccs-oic-uat-axhknnpmgslz-si "HTTP/1.1 400 Bad Request"
2026-09-16 18:53:35,882 - mcp_server.oic_client - INFO - HTTP request to /ic/api/integration/v1/monitoring/instances completed in 0.07s (Status: 400)
2026-09-16 18:53:35,883 - mcp_server.main - ERROR - Tool list_project_instances failed after 0.50s: Client error '400 Bad Request' for url 'https://design.integration.ap-singapore-1.ocp.oraclecloud.com/ic/api/integration/v1/monitoring/instances?q=%7BprojectId+%3A+%27APDU_WACS_DXI_GIS%27%2C+code+%3A+%27APDU_WACS_DXI_CREATEWO%27%2C+version+%3A+%2701.00.0003%27%2C+timewindow+%3A+%271d%27%7D&limit=50&integrationInstance=ap-ccs-oic-uat-axhknnpmgslz-si'
For more information check: https://developer.mozilla.org/en-US/docs/Web/HTTP/Status/400
2026-09-16 18:53:37,650 - mcp_server.main - INFO - Received MCP request: tools/call (ID: 10)
2026-09-16 18:53:37,650 - mcp_server.main - INFO - Executing tool: list_project_monitoring_instances
2026-09-16 18:53:37,721 - httpx - INFO - HTTP Request: GET https://design.integration.ap-singapore-1.ocp.oraclecloud.com/ic/api/integration/v1/projects/APDU_WACS_DXI_GIS/monitoring/instances?q=%7BprojectId+%3A+%27APDU_WACS_DXI_GIS%27%2C+code+%3A+%27APDU_WACS_DXI_CREATEWO%27%2C+version+%3A+%2701.00.0003%27%2C+timewindow+%3A+%271d%27%7D&limit=50&integrationInstance=ap-ccs-oic-uat-axhknnpmgslz-si "HTTP/1.1 404 Not Found"
2026-09-16 18:53:37,726 - mcp_server.oic_client - INFO - HTTP request to /ic/api/integration/v1/projects/APDU_WACS_DXI_GIS/monitoring/instances completed in 0.07s (Status: 404)
2026-09-16 18:53:37,726 - mcp_server.main - ERROR - Tool list_project_monitoring_instances failed after 0.08s: Client error '404 Not Found' for url 'https://design.integration.ap-singapore-1.ocp.oraclecloud.com/ic/api/integration/v1/projects/APDU_WACS_DXI_GIS/monitoring/instances?q=%7BprojectId+%3A+%27APDU_WACS_DXI_GIS%27%2C+code+%3A+%27APDU_WACS_DXI_CREATEWO%27%2C+version+%3A+%2701.00.0003%27%2C+timewindow+%3A+%271d%27%7D&limit=50&integrationInstance=ap-ccs-oic-uat-axhknnpmgslz-si'
For more information check: https://developer.mozilla.org/en-US/docs/Web/HTTP/Status/404
2026-09-16 18:53:42,135 - mcp_server.main - INFO - Received MCP request: tools/call (ID: 11)
2026-09-16 18:53:42,135 - mcp_server.main - INFO - Executing tool: list_project_instances
2026-09-16 18:53:42,209 - httpx - INFO - HTTP Request: GET https://design.integration.ap-singapore-1.ocp.oraclecloud.com/ic/api/integration/v1/projects/APDU_WACS_DXI_GIS/monitoring/instances?q=%7BprojectId+%3A+%27APDU_WACS_DXI_GIS%27%2C+timewindow+%3A+%271d%27%7D&limit=50&integrationInstance=ap-ccs-oic-uat-axhknnpmgslz-si "HTTP/1.1 404 Not Found"
2026-09-16 18:53:42,213 - mcp_server.oic_client - INFO - HTTP request to /ic/api/integration/v1/projects/APDU_WACS_DXI_GIS/monitoring/instances completed in 0.07s (Status: 404)
2026-09-16 18:53:42,283 - httpx - INFO - HTTP Request: GET https://design.integration.ap-singapore-1.ocp.oraclecloud.com/ic/api/integration/v1/projects/APDU_WACS_DXI_GIS/instances?q=%7BprojectId+%3A+%27APDU_WACS_DXI_GIS%27%2C+timewindow+%3A+%271d%27%7D&limit=50&integrationInstance=ap-ccs-oic-uat-axhknnpmgslz-si "HTTP/1.1 404 Not Found"
2026-09-16 18:53:42,286 - mcp_server.oic_client - INFO - HTTP request to /ic/api/integration/v1/projects/APDU_WACS_DXI_GIS/instances completed in 0.07s (Status: 404)
2026-09-16 18:53:42,357 - httpx - INFO - HTTP Request: GET https://design.integration.ap-singapore-1.ocp.oraclecloud.com/ic/api/integration/v1/monitoring/instances?q=%7BprojectId+%3A+%27APDU_WACS_DXI_GIS%27%2C+timewindow+%3A+%271d%27%7D&limit=50&integrationInstance=ap-ccs-oic-uat-axhknnpmgslz-si "HTTP/1.1 400 Bad Request"
2026-09-16 18:53:42,361 - mcp_server.oic_client - INFO - HTTP request to /ic/api/integration/v1/monitoring/instances completed in 0.07s (Status: 400)
2026-09-16 18:53:42,362 - mcp_server.main - ERROR - Tool list_project_instances failed after 0.22s: Client error '400 Bad Request' for url 'https://design.integration.ap-singapore-1.ocp.oraclecloud.com/ic/api/integration/v1/monitoring/instances?q=%7BprojectId+%3A+%27APDU_WACS_DXI_GIS%27%2C+timewindow+%3A+%271d%27%7D&limit=50&integrationInstance=ap-ccs-oic-uat-axhknnpmgslz-si'
For more information check: https://developer.mozilla.org/en-US/docs/Web/HTTP/Status/400
2026-09-16 18:53:57,715 - mcp_server.main - INFO - Received MCP request: tools/call (ID: 12)
2026-09-16 18:53:59,893 - mcp_server.main - INFO - Executing tool: fetch_raw_path
2026-09-16 18:54:00,284 - httpx - INFO - HTTP Request: GET https://design.integration.ap-singapore-1.ocp.oraclecloud.com/ic/api/integration/v1/monitoring/instances?integrationInstance=ap-ccs-oic-uat-axhknnpmgslz-si "HTTP/1.1 200 OK"
2026-09-16 18:54:00,287 - mcp_server.oic_client - INFO - HTTP request to /ic/api/integration/v1/monitoring/instances?integrationInstance=ap-ccs-oic-uat-axhknnpmgslz-si&projectCode=APDU_WACS_DXI_GIS&q=%7Bcode+%3A+%27APDU_WACS_DXI_CREATEWO%27%2C+version+%3A+%2701.00.0003%27%2C+timewindow+%3A+%271d%27%7D&limit=50 completed in 0.36s (Status: 200)
2026-09-16 18:54:00,287 - mcp_server.main - INFO - Tool fetch_raw_path executed successfully in 0.36s
2026-09-16 18:54:00,291 - mcp_server.main - INFO - Tool fetch_raw_path request completed in 2.58s total
2026-09-16 18:54:11,760 - mcp_server.main - INFO - Received MCP request: tools/call (ID: 13)
2026-09-16 18:54:11,761 - mcp_server.main - INFO - Executing tool: fetch_raw_path
2026-09-16 18:54:12,195 - httpx - INFO - HTTP Request: GET https://design.integration.ap-singapore-1.ocp.oraclecloud.com/ic/api/integration/v1/monitoring/instances?integrationInstance=ap-ccs-oic-uat-axhknnpmgslz-si "HTTP/1.1 200 OK"
2026-09-16 18:54:12,199 - mcp_server.oic_client - INFO - HTTP request to /ic/api/integration/v1/monitoring/instances?integrationInstance=ap-ccs-oic-uat-axhknnpmgslz-si&projectCode=APDU_WACS_DXI_GIS&integrationId=APDU_WACS_DXI_CREATEWO%7C01.00.0003&timeWindow=1d&limit=50 completed in 0.44s (Status: 200)
2026-09-16 18:54:12,200 - mcp_server.main - INFO - Tool fetch_raw_path executed successfully in 0.44s
2026-09-16 18:54:12,201 - mcp_server.main - INFO - Tool fetch_raw_path request completed in 0.44s total
2026-09-16 18:54:19,379 - mcp_server.main - INFO - Received MCP request: tools/call (ID: 14)
2026-09-16 18:54:19,380 - mcp_server.main - INFO - Executing tool: fetch_raw_path
2026-09-16 18:54:19,689 - httpx - INFO - HTTP Request: GET https://design.integration.ap-singapore-1.ocp.oraclecloud.com/ic/api/integration/v1/monitoring/instances?integrationInstance=ap-ccs-oic-uat-axhknnpmgslz-si "HTTP/1.1 200 OK"
2026-09-16 18:54:19,693 - mcp_server.oic_client - INFO - HTTP request to /ic/api/integration/v1/monitoring/instances?integrationInstance=ap-ccs-oic-uat-axhknnpmgslz-si&q=integrationId+eq+%27APDU_WACS_DXI_CREATEWO%7C01.00.0003%27&timeWindow=RETENTIONPERIOD&limit=50 completed in 0.31s (Status: 200)
2026-09-16 18:54:19,694 - mcp_server.main - INFO - Tool fetch_raw_path executed successfully in 0.31s
2026-09-16 18:54:19,696 - mcp_server.main - INFO - Tool fetch_raw_path request completed in 0.32s total
2026-09-16 19:04:44,910 - __main__ - INFO - WebSocket connection disconnected
2026-09-16 19:04:45,082 - __main__ - INFO - WebSocket connection disconnected
2026-09-16 19:05:19,507 - __main__ - INFO - WebSocket connection accepted (subprotocol='mcp')
2026-09-16 19:05:19,537 - __main__ - INFO - WebSocket connection disconnected
2026-09-16 19:05:19,706 - mcp_server.main - INFO - WebSocket connection accepted (subprotocol='mcp')
2026-09-16 19:05:19,736 - mcp_server.main - INFO - WebSocket connection disconnected
2026-09-16 19:05:19,849 - mcp_server.main - INFO - WebSocket connection accepted (subprotocol='mcp')
2026-09-16 19:05:19,873 - mcp_server.main - INFO - WebSocket connection disconnected
2026-09-16 19:05:20,277 - __main__ - INFO - WebSocket connection accepted (subprotocol='mcp')
2026-09-16 19:05:20,292 - __main__ - INFO - Received MCP request: initialize (ID: 0)
2026-09-16 19:05:20,295 - __main__ - INFO - Processing initialize request
2026-09-16 19:05:20,296 - __main__ - INFO - Initialize request completed
2026-09-16 19:05:20,301 - mcp_server.main - INFO - WebSocket connection accepted (subprotocol='mcp')
2026-09-16 19:05:20,316 - mcp_server.main - INFO - Received MCP request: initialize (ID: 0)
2026-09-16 19:05:20,318 - mcp_server.main - INFO - Processing initialize request
2026-09-16 19:05:20,319 - mcp_server.main - INFO - Initialize request completed
2026-09-16 19:05:20,348 - __main__ - INFO - Received MCP request: notifications/initialized (ID: None)
2026-09-16 19:05:20,348 - __main__ - ERROR - Unknown method: notifications/initialized
2026-09-16 19:05:20,350 - mcp_server.main - INFO - Received MCP request: notifications/initialized (ID: None)
2026-09-16 19:05:20,351 - mcp_server.main - ERROR - Unknown method: notifications/initialized
2026-09-16 19:05:20,362 - __main__ - INFO - Received MCP request: tools/list (ID: 1)
D: 1)
2026-09-16 19:05:20,363 - mcp_server.main - INFO - Processing tools/list request
2026-09-16 19:05:20,364 - __main__ - INFO - Processing tools/list request
2026-09-16 19:05:20,365 - mcp_server.main - INFO - Tools list request completed
2026-09-16 19:05:20,368 - __main__ - INFO - Tools list request completed
2026-09-16 19:05:20,651 - mcp_server.main - INFO - WebSocket connection accepted (subprotocol='mcp')
2026-09-16 19:05:20,664 - mcp_server.main - INFO - Received MCP request: initialize (ID: 0)
2026-09-16 19:05:20,664 - mcp_server.main - INFO - Processing initialize request
2026-09-16 19:05:20,665 - mcp_server.main - INFO - Initialize request completed
2026-09-16 19:05:20,668 - mcp_server.main - INFO - Received MCP request: notifications/initialized (ID: None)
2026-09-16 19:05:20,671 - mcp_server.main - ERROR - Unknown method: notifications/initialized
2026-09-16 19:05:20,682 - mcp_server.main - INFO - Received MCP request: tools/list (ID: 1)
2026-09-16 19:05:20,692 - mcp_server.main - INFO - Processing tools/list request
2026-09-16 19:05:20,695 - mcp_server.main - INFO - Tools list request completed
2026-09-16 19:05:20,881 - __main__ - INFO - WebSocket connection accepted (subprotocol='mcp')
2026-09-16 19:05:20,891 - __main__ - INFO - Received MCP request: initialize (ID: 0)
2026-09-16 19:05:20,892 - __main__ - INFO - Processing initialize request
2026-09-16 19:05:20,893 - __main__ - INFO - Initialize request completed
2026-09-16 19:05:20,896 - __main__ - INFO - Received MCP request: notifications/initialized (ID: None)
2026-09-16 19:05:20,898 - __main__ - ERROR - Unknown method: notifications/initialized
2026-09-16 19:05:20,903 - __main__ - INFO - Received MCP request: tools/list (ID: 1)
2026-09-16 19:05:20,904 - __main__ - INFO - Processing tools/list request
2026-09-16 19:05:20,907 - __main__ - INFO - Tools list request completed
2026-09-16 19:05:20,977 - mcp_server.main - INFO - WebSocket connection accepted (subprotocol='mcp')
2026-09-16 19:05:20,987 - mcp_server.main - INFO - Received MCP request: initialize (ID: 0)
2026-09-16 19:05:20,987 - mcp_server.main - INFO - Processing initialize request
2026-09-16 19:05:20,988 - mcp_server.main - INFO - Initialize request completed
2026-09-16 19:05:20,991 - mcp_server.main - INFO - Received MCP request: notifications/initialized (ID: None)
2026-09-16 19:05:20,991 - mcp_server.main - ERROR - Unknown method: notifications/initialized
2026-09-16 19:05:20,994 - mcp_server.main - INFO - Received MCP request: tools/list (ID: 1)
2026-09-16 19:05:20,994 - mcp_server.main - INFO - Processing tools/list request
2026-09-16 19:05:20,996 - mcp_server.main - INFO - Tools list request completed
2026-09-16 19:05:21,023 - mcp_server.main - INFO - WebSocket connection accepted (subprotocol='mcp')
2026-09-16 19:05:21,030 - mcp_server.main - INFO - Received MCP request: initialize (ID: 0)
2026-09-16 19:05:21,030 - mcp_server.main - INFO - Processing initialize request
2026-09-16 19:05:21,031 - mcp_server.main - INFO - Initialize request completed
2026-09-16 19:05:21,032 - mcp_server.main - INFO - Received MCP request: notifications/initialized (ID: None)
2026-09-16 19:05:21,033 - mcp_server.main - ERROR - Unknown method: notifications/initialized
2026-09-16 19:05:21,035 - mcp_server.main - INFO - Received MCP request: tools/list (ID: 1)
2026-09-16 19:05:21,036 - mcp_server.main - INFO - Processing tools/list request
2026-09-16 19:05:21,038 - mcp_server.main - INFO - Tools list request completed
2026-09-16 19:06:23,523 - __main__ - INFO - Received MCP request: tools/call (ID: 2)
2026-09-16 19:06:23,524 - __main__ - INFO - Executing tool: search_integration_by_name
2026-09-16 19:06:23,533 - mcp_server.tools - INFO - Tool _call_search_integration_by_name called with params: {'name': 'DXI work order'}
2026-09-16 19:06:23,535 - mcp_server.oic_client - INFO - Searching for integration by name: DXI work order
2026-09-16 19:06:23,910 - httpx - INFO - HTTP Request: GET https://ap-ccs-oic-uat-axhknnpmgslz-si.integration.ap-singapore-1.ocp.oraclecloud.com/ic/api/integration/v1/integrations?limit=100&page=1&integrationInstance=ap-ccswacs-oic-dev-axhknnpmgslz-si "HTTP/1.1 307 Temporary Redirect"
2026-09-16 19:06:24,442 - httpx - INFO - HTTP Request: GET https://design.integration.ap-singapore-1.ocp.oraclecloud.com/ic/api/integration/v1/integrations?limit=100&page=1&integrationInstance=ap-ccswacs-oic-dev-axhknnpmgslz-si&integrationInstance=ap-ccs-oic-uat-axhknnpmgslz-si "HTTP/1.1 200 OK"
2026-09-16 19:06:24,445 - mcp_server.oic_client - INFO - HTTP request to /ic/api/integration/v1/integrations completed in 0.91s (Status: 200)
2026-09-16 19:06:24,446 - mcp_server.oic_client - INFO - Page 1: 0 integrations, hasMore: False
2026-09-16 19:06:24,446 - mcp_server.oic_client - INFO - Found 0 exact and 0 partial matches for 'DXI work order' across 1 page(s)
2026-09-16 19:06:24,446 - mcp_server.tools - INFO - Tool _call_search_integration_by_name completed in 0.91s
2026-09-16 19:06:24,447 - __main__ - INFO - Tool search_integration_by_name executed successfully in 0.92s
2026-09-16 19:06:24,448 - __main__ - INFO - Tool search_integration_by_name request completed in 0.92s total
2026-09-16 19:06:26,207 - mcp_server.main - INFO - Received MCP request: tools/call (ID: 2)
2026-09-16 19:06:26,208 - mcp_server.main - INFO - Executing tool: search_integration_by_name
2026-09-16 19:06:26,208 - mcp_server.tools - INFO - Tool _call_search_integration_by_name called with params: {'name': 'DXI work order'}
2026-09-16 19:06:26,209 - mcp_server.oic_client - INFO - Searching for integration by name: DXI work order
2026-09-16 19:06:26,623 - mcp_server.oic_client - INFO - Fetching new OAuth token
2026-09-16 19:06:26,946 - httpx - INFO - HTTP Request: POST https://idcs-40ce518ee4354cb8b8a1f54926629fc0.identity.oraclecloud.com/oauth2/v1/token "HTTP/1.1 200 OK"
2026-09-16 19:06:26,949 - mcp_server.oic_client - INFO - OAuth token fetched successfully in 0.33s
2026-09-16 19:06:27,593 - httpx - INFO - HTTP Request: GET https://design.integration.ap-singapore-1.ocp.oraclecloud.com/ic/api/integration/v1/integrations?limit=100&page=1&integrationInstance=ap-ccs-oic-uat-axhknnpmgslz-si "HTTP/1.1 200 OK"
2026-09-16 19:06:27,596 - mcp_server.oic_client - INFO - HTTP request to /ic/api/integration/v1/integrations completed in 0.65s (Status: 200)
2026-09-16 19:06:27,599 - mcp_server.oic_client - INFO - Page 1: 63 integrations, hasMore: False
2026-09-16 19:06:27,599 - mcp_server.oic_client - INFO - Found 0 exact and 0 partial matches for 'DXI work order' across 1 page(s)
2026-09-16 19:06:27,600 - mcp_server.tools - INFO - Tool _call_search_integration_by_name completed in 1.39s
2026-09-16 19:06:27,601 - mcp_server.main - INFO - Tool search_integration_by_name executed successfully in 1.39s
2026-09-16 19:06:27,601 - mcp_server.main - INFO - Tool search_integration_by_name request completed in 1.39s total
2026-09-16 19:06:29,607 - mcp_server.main - INFO - Received MCP request: tools/call (ID: 2)
2026-09-16 19:06:29,607 - mcp_server.main - INFO - Executing tool: search_integration_by_name
2026-09-16 19:06:29,608 - mcp_server.tools - INFO - Tool _call_search_integration_by_name called with params: {'name': 'DXI work order'}
2026-09-16 19:06:29,608 - mcp_server.oic_client - INFO - Searching for integration by name: DXI work order
2026-09-16 19:06:29,963 - mcp_server.oic_client - INFO - Fetching new OAuth token
2026-09-16 19:06:30,274 - httpx - INFO - HTTP Request: POST https://idcs-40ce518ee4354cb8b8a1f54926629fc0.identity.oraclecloud.com/oauth2/v1/token "HTTP/1.1 200 OK"
2026-09-16 19:06:30,278 - mcp_server.oic_client - INFO - OAuth token fetched successfully in 0.31s
2026-09-16 19:06:31,581 - httpx - INFO - HTTP Request: GET https://design.integration.ap-singapore-1.ocp.oraclecloud.com/ic/api/integration/v1/integrations?limit=100&page=1&integrationInstance=ap-ccs-oic-uat-axhknnpmgslz-si "HTTP/1.1 200 OK"
2026-09-16 19:06:31,583 - mcp_server.oic_client - INFO - HTTP request to /ic/api/integration/v1/integrations completed in 1.30s (Status: 200)
2026-09-16 19:06:31,588 - mcp_server.oic_client - INFO - Page 1: 63 integrations, hasMore: False
2026-09-16 19:06:31,588 - mcp_server.oic_client - INFO - Found 0 exact and 0 partial matches for 'DXI work order' across 1 page(s)
2026-09-16 19:06:31,589 - mcp_server.tools - INFO - Tool _call_search_integration_by_name completed in 1.98s
2026-09-16 19:06:31,589 - mcp_server.main - INFO - Tool search_integration_by_name executed successfully in 1.98s
2026-09-16 19:06:31,590 - mcp_server.main - INFO - Tool search_integration_by_name request completed in 1.98s total
2026-09-16 19:06:36,267 - __main__ - INFO - Received MCP request: tools/call (ID: 3)
2026-09-16 19:06:36,268 - __main__ - INFO - Executing tool: search_integration_by_name
2026-09-16 19:06:36,268 - mcp_server.tools - INFO - Tool _call_search_integration_by_name called with params: {'name': 'DXI'}
2026-09-16 19:06:36,268 - mcp_server.oic_client - INFO - Searching for integration by name: DXI
2026-09-16 19:06:36,536 - httpx - INFO - HTTP Request: GET https://ap-ccs-oic-uat-axhknnpmgslz-si.integration.ap-singapore-1.ocp.oraclecloud.com/ic/api/integration/v1/integrations?limit=100&page=1&integrationInstance=ap-ccswacs-oic-dev-axhknnpmgslz-si "HTTP/1.1 307 Temporary Redirect"
2026-09-16 19:06:37,202 - httpx - INFO - HTTP Request: GET https://design.integration.ap-singapore-1.ocp.oraclecloud.com/ic/api/integration/v1/integrations?limit=100&page=1&integrationInstance=ap-ccswacs-oic-dev-axhknnpmgslz-si&integrationInstance=ap-ccs-oic-uat-axhknnpmgslz-si "HTTP/1.1 200 OK"
2026-09-16 19:06:37,205 - mcp_server.oic_client - INFO - HTTP request to /ic/api/integration/v1/integrations completed in 0.94s (Status: 200)
2026-09-16 19:06:37,206 - mcp_server.oic_client - INFO - Page 1: 0 integrations, hasMore: False
2026-09-16 19:06:37,206 - mcp_server.oic_client - INFO - Found 0 exact and 0 partial matches for 'DXI' across 1 page(s)
2026-09-16 19:06:37,206 - mcp_server.tools - INFO - Tool _call_search_integration_by_name completed in 0.94s
2026-09-16 19:06:37,206 - __main__ - INFO - Tool search_integration_by_name executed successfully in 0.94s
2026-09-16 19:06:37,207 - __main__ - INFO - Tool search_integration_by_name request completed in 0.94s total
2026-09-16 19:06:39,353 - mcp_server.main - INFO - Received MCP request: tools/call (ID: 3)
2026-09-16 19:06:39,353 - mcp_server.main - INFO - Executing tool: search_integration_by_name
2026-09-16 19:06:39,355 - mcp_server.tools - INFO - Tool _call_search_integration_by_name called with params: {'name': 'DXI'}
2026-09-16 19:06:39,357 - mcp_server.oic_client - INFO - Searching for integration by name: DXI
2026-09-16 19:06:40,317 - httpx - INFO - HTTP Request: GET https://design.integration.ap-singapore-1.ocp.oraclecloud.com/ic/api/integration/v1/integrations?limit=100&page=1&integrationInstance=ap-ccs-oic-uat-axhknnpmgslz-si "HTTP/1.1 200 OK"
2026-09-16 19:06:40,323 - mcp_server.oic_client - INFO - HTTP request to /ic/api/integration/v1/integrations completed in 0.97s (Status: 200)
2026-09-16 19:06:40,327 - mcp_server.oic_client - INFO - Page 1: 63 integrations, hasMore: False
2026-09-16 19:06:40,327 - mcp_server.oic_client - INFO - Found 0 exact and 0 partial matches for 'DXI' across 1 page(s)
2026-09-16 19:06:40,328 - mcp_server.tools - INFO - Tool _call_search_integration_by_name completed in 0.97s
2026-09-16 19:06:40,329 - mcp_server.main - INFO - Tool search_integration_by_name executed successfully in 0.97s
2026-09-16 19:06:40,329 - mcp_server.main - INFO - Tool search_integration_by_name request completed in 0.98s total
2026-09-16 19:06:42,475 - mcp_server.main - INFO - Received MCP request: tools/call (ID: 3)
2026-09-16 19:06:42,475 - mcp_server.main - INFO - Executing tool: search_integration_by_name
2026-09-16 19:06:42,477 - mcp_server.tools - INFO - Tool _call_search_integration_by_name called with params: {'name': 'DXI'}
2026-09-16 19:06:42,479 - mcp_server.oic_client - INFO - Searching for integration by name: DXI
2026-09-16 19:06:42,899 - httpx - INFO - HTTP Request: GET https://design.integration.ap-singapore-1.ocp.oraclecloud.com/ic/api/integration/v1/integrations?limit=100&page=1&integrationInstance=ap-ccs-oic-uat-axhknnpmgslz-si "HTTP/1.1 200 OK"
2026-09-16 19:06:42,905 - mcp_server.oic_client - INFO - HTTP request to /ic/api/integration/v1/integrations completed in 0.43s (Status: 200)
2026-09-16 19:06:42,909 - mcp_server.oic_client - INFO - Page 1: 63 integrations, hasMore: False
2026-09-16 19:06:42,910 - mcp_server.oic_client - INFO - Found 0 exact and 0 partial matches for 'DXI' across 1 page(s)
2026-09-16 19:06:42,911 - mcp_server.tools - INFO - Tool _call_search_integration_by_name completed in 0.43s
2026-09-16 19:06:42,914 - mcp_server.main - INFO - Tool search_integration_by_name executed successfully in 0.44s
2026-09-16 19:06:42,914 - mcp_server.main - INFO - Tool search_integration_by_name request completed in 0.44s total
2026-09-16 19:06:48,303 - __main__ - INFO - Received MCP request: tools/call (ID: 4)
2026-09-16 19:06:48,304 - __main__ - INFO - Executing tool: search_integration_by_name
2026-09-16 19:06:48,304 - mcp_server.tools - INFO - Tool _call_search_integration_by_name called with params: {'name': 'work order'}
2026-09-16 19:06:48,304 - mcp_server.oic_client - INFO - Searching for integration by name: work order
2026-09-16 19:06:48,869 - httpx - INFO - HTTP Request: GET https://ap-ccs-oic-uat-axhknnpmgslz-si.integration.ap-singapore-1.ocp.oraclecloud.com/ic/api/integration/v1/integrations?limit=100&page=1&integrationInstance=ap-ccswacs-oic-dev-axhknnpmgslz-si "HTTP/1.1 307 Temporary Redirect"
2026-09-16 19:06:49,234 - httpx - INFO - HTTP Request: GET https://design.integration.ap-singapore-1.ocp.oraclecloud.com/ic/api/integration/v1/integrations?limit=100&page=1&integrationInstance=ap-ccswacs-oic-dev-axhknnpmgslz-si&integrationInstance=ap-ccs-oic-uat-axhknnpmgslz-si "HTTP/1.1 200 OK"
2026-09-16 19:06:49,236 - mcp_server.oic_client - INFO - HTTP request to /ic/api/integration/v1/integrations completed in 0.93s (Status: 200)
2026-09-16 19:06:49,236 - mcp_server.oic_client - INFO - Page 1: 0 integrations, hasMore: False
2026-09-16 19:06:49,236 - mcp_server.oic_client - INFO - Found 0 exact and 0 partial matches for 'work order' across 1 page(s)
2026-09-16 19:06:49,236 - mcp_server.tools - INFO - Tool _call_search_integration_by_name completed in 0.93s
2026-09-16 19:06:49,236 - __main__ - INFO - Tool search_integration_by_name executed successfully in 0.93s
2026-09-16 19:06:49,237 - __main__ - INFO - Tool search_integration_by_name request completed in 0.93s total
2026-09-16 19:06:51,037 - mcp_server.main - INFO - Received MCP request: tools/call (ID: 4)
2026-09-16 19:06:51,038 - mcp_server.main - INFO - Executing tool: search_integration_by_name
2026-09-16 19:06:51,040 - mcp_server.tools - INFO - Tool _call_search_integration_by_name called with params: {'name': 'work order'}
2026-09-16 19:06:51,042 - mcp_server.oic_client - INFO - Searching for integration by name: work order
2026-09-16 19:06:51,461 - httpx - INFO - HTTP Request: GET https://design.integration.ap-singapore-1.ocp.oraclecloud.com/ic/api/integration/v1/integrations?limit=100&page=1&integrationInstance=ap-ccs-oic-uat-axhknnpmgslz-si "HTTP/1.1 200 OK"
2026-09-16 19:06:51,465 - mcp_server.oic_client - INFO - HTTP request to /ic/api/integration/v1/integrations completed in 0.42s (Status: 200)
2026-09-16 19:06:51,470 - mcp_server.oic_client - INFO - Page 1: 63 integrations, hasMore: False
2026-09-16 19:06:51,471 - mcp_server.oic_client - INFO - Found 0 exact and 0 partial matches for 'work order' across 1 page(s)
2026-09-16 19:06:51,472 - mcp_server.tools - INFO - Tool _call_search_integration_by_name completed in 0.43s
2026-09-16 19:06:51,473 - mcp_server.main - INFO - Tool search_integration_by_name executed successfully in 0.43s
2026-09-16 19:06:51,474 - mcp_server.main - INFO - Tool search_integration_by_name request completed in 0.44s total
2026-09-16 19:06:52,721 - mcp_server.main - INFO - WebSocket connection accepted (subprotocol='mcp')
2026-09-16 19:06:52,729 - mcp_server.main - INFO - WebSocket connection disconnected
2026-09-16 19:06:52,730 - mcp_server.main - INFO - WebSocket connection accepted (subprotocol='mcp')
2026-09-16 19:06:52,731 - mcp_server.main - INFO - WebSocket connection accepted (subprotocol='mcp')
2026-09-16 19:06:52,731 - mcp_server.main - INFO - WebSocket connection disconnected
2026-09-16 19:06:52,732 - mcp_server.main - INFO - WebSocket connection accepted (subprotocol='mcp')
2026-09-16 19:06:52,732 - mcp_server.main - INFO - WebSocket connection disconnected
2026-09-16 19:06:52,735 - mcp_server.main - INFO - WebSocket connection disconnected
2026-09-16 19:06:54,628 - mcp_server.main - INFO - Received MCP request: tools/call (ID: 4)
2026-09-16 19:06:54,629 - mcp_server.main - INFO - Executing tool: search_integration_by_name
2026-09-16 19:06:54,630 - mcp_server.tools - INFO - Tool _call_search_integration_by_name called with params: {'name': 'work order'}
2026-09-16 19:06:54,632 - mcp_server.oic_client - INFO - Searching for integration by name: work order
2026-09-16 19:06:55,165 - httpx - INFO - HTTP Request: GET https://design.integration.ap-singapore-1.ocp.oraclecloud.com/ic/api/integration/v1/integrations?limit=100&page=1&integrationInstance=ap-ccs-oic-uat-axhknnpmgslz-si "HTTP/1.1 200 OK"
2026-09-16 19:06:55,172 - mcp_server.oic_client - INFO - HTTP request to /ic/api/integration/v1/integrations completed in 0.54s (Status: 200)
2026-09-16 19:06:55,179 - mcp_server.oic_client - INFO - Page 1: 63 integrations, hasMore: False
2026-09-16 19:06:55,180 - mcp_server.oic_client - INFO - Found 0 exact and 0 partial matches for 'work order' across 1 page(s)
2026-09-16 19:06:55,180 - mcp_server.tools - INFO - Tool _call_search_integration_by_name completed in 0.55s
2026-09-16 19:06:55,181 - mcp_server.main - INFO - Tool search_integration_by_name executed successfully in 0.55s
2026-09-16 19:06:55,183 - mcp_server.main - INFO - Tool search_integration_by_name request completed in 0.56s total
2026-09-16 19:07:00,215 - __main__ - INFO - Received MCP request: tools/call (ID: 5)
2026-09-16 19:07:00,215 - __main__ - INFO - Executing tool: list_integrations
2026-09-16 19:07:00,216 - mcp_server.tools - INFO - Tool _call_list_integrations called with params: {'limit': 20}
2026-09-16 19:07:00,217 - mcp_server.oic_client - INFO - Calling list_integrations - only_activated: None, limit: 20, page: None
2026-09-16 19:07:00,469 - httpx - INFO - HTTP Request: GET https://ap-ccs-oic-uat-axhknnpmgslz-si.integration.ap-singapore-1.ocp.oraclecloud.com/ic/api/integration/v1/integrations?limit=20&integrationInstance=ap-ccswacs-oic-dev-axhknnpmgslz-si "HTTP/1.1 307 Temporary Redirect"
2026-09-16 19:07:00,832 - httpx - INFO - HTTP Request: GET https://design.integration.ap-singapore-1.ocp.oraclecloud.com/ic/api/integration/v1/integrations?limit=20&integrationInstance=ap-ccswacs-oic-dev-axhknnpmgslz-si&integrationInstance=ap-ccs-oic-uat-axhknnpmgslz-si "HTTP/1.1 200 OK"
2026-09-16 19:07:00,835 - mcp_server.oic_client - INFO - HTTP request to /ic/api/integration/v1/integrations completed in 0.62s (Status: 200)
2026-09-16 19:07:00,836 - mcp_server.oic_client - INFO - list_integrations returned 0 items, total: 0, hasMore: False in 0.62s
2026-09-16 19:07:00,836 - mcp_server.tools - INFO - Tool _call_list_integrations completed in 0.62s
2026-09-16 19:07:00,837 - __main__ - INFO - Tool list_integrations executed successfully in 0.62s
2026-09-16 19:07:00,838 - __main__ - INFO - Tool list_integrations request completed in 0.62s total
2026-09-16 19:07:04,288 - mcp_server.main - INFO - Received MCP request: tools/call (ID: 5)
2026-09-16 19:07:04,288 - mcp_server.main - INFO - Executing tool: list_integrations
2026-09-16 19:07:04,291 - mcp_server.tools - INFO - Tool _call_list_integrations called with params: {'limit': 20}
2026-09-16 19:07:04,292 - mcp_server.oic_client - INFO - Calling list_integrations - only_activated: None, limit: 20, page: None
2026-09-16 19:07:04,889 - httpx - INFO - HTTP Request: GET https://design.integration.ap-singapore-1.ocp.oraclecloud.com/ic/api/integration/v1/integrations?limit=20&integrationInstance=ap-ccs-oic-uat-axhknnpmgslz-si "HTTP/1.1 200 OK"
2026-09-16 19:07:04,894 - mcp_server.oic_client - INFO - HTTP request to /ic/api/integration/v1/integrations completed in 0.60s (Status: 200)
2026-09-16 19:07:04,896 - mcp_server.oic_client - INFO - list_integrations returned 20 items, total: 63, hasMore: True in 0.60s
2026-09-16 19:07:04,896 - mcp_server.tools - INFO - Tool _call_list_integrations completed in 0.60s
2026-09-16 19:07:04,896 - mcp_server.main - INFO - Tool list_integrations executed successfully in 0.61s
2026-09-16 19:07:04,901 - mcp_server.main - INFO - Tool list_integrations request completed in 0.61s total
2026-09-16 19:07:06,895 - mcp_server.main - INFO - Received MCP request: tools/call (ID: 5)
2026-09-16 19:07:06,896 - mcp_server.main - INFO - Executing tool: list_integrations
2026-09-16 19:07:06,897 - mcp_server.tools - INFO - Tool _call_list_integrations called with params: {'limit': 20}
2026-09-16 19:07:06,897 - mcp_server.oic_client - INFO - Calling list_integrations - only_activated: None, limit: 20, page: None
2026-09-16 19:07:07,394 - httpx - INFO - HTTP Request: GET https://design.integration.ap-singapore-1.ocp.oraclecloud.com/ic/api/integration/v1/integrations?limit=20&integrationInstance=ap-ccs-oic-uat-axhknnpmgslz-si "HTTP/1.1 200 OK"
2026-09-16 19:07:07,396 - mcp_server.oic_client - INFO - HTTP request to /ic/api/integration/v1/integrations completed in 0.50s (Status: 200)
2026-09-16 19:07:07,396 - mcp_server.oic_client - INFO - list_integrations returned 20 items, total: 63, hasMore: True in 0.50s
2026-09-16 19:07:07,397 - mcp_server.tools - INFO - Tool _call_list_integrations completed in 0.50s
2026-09-16 19:07:07,398 - mcp_server.main - INFO - Tool list_integrations executed successfully in 0.50s
2026-09-16 19:07:07,400 - mcp_server.main - INFO - Tool list_integrations request completed in 0.50s total
2026-09-16 19:07:09,923 - mcp_server.main - INFO - WebSocket connection accepted (subprotocol='mcp')
2026-09-16 19:07:09,930 - mcp_server.main - INFO - Received MCP request: initialize (ID: 0)
2026-09-16 19:07:09,931 - mcp_server.main - INFO - Processing initialize request
2026-09-16 19:07:09,931 - mcp_server.main - INFO - Initialize request completed
2026-09-16 19:07:09,933 - mcp_server.main - INFO - Received MCP request: notifications/initialized (ID: None)
2026-09-16 19:07:09,933 - mcp_server.main - ERROR - Unknown method: notifications/initialized
2026-09-16 19:07:09,935 - mcp_server.main - INFO - Received MCP request: tools/list (ID: 1)
2026-09-16 19:07:09,935 - mcp_server.main - INFO - Processing tools/list request
2026-09-16 19:07:09,936 - mcp_server.main - INFO - Tools list request completed
2026-09-16 19:07:38,353 - mcp_server.main - INFO - Received MCP request: tools/call (ID: 6)
2026-09-16 19:07:38,354 - mcp_server.main - INFO - Executing tool: search_integrations_by_pattern
2026-09-16 19:07:38,355 - mcp_server.tools - INFO - Tool _call_search_integrations_by_pattern called with params: {'pattern': 'DXI'}
2026-09-16 19:07:38,357 - mcp_server.tools - INFO - Starting search_integrations_by_pattern with pattern=DXI, max_pages=50, per_page=100
2026-09-16 19:07:38,357 - mcp_server.oic_client - INFO - Searching integrations by pattern: DXI
2026-09-16 19:07:38,358 - mcp_server.oic_client - INFO - Starting list_all_integrations - only_activated: None, max_pages: 50, per_page: 100
2026-09-16 19:07:38,993 - httpx - INFO - HTTP Request: GET https://design.integration.ap-singapore-1.ocp.oraclecloud.com/ic/api/integration/v1/projects?limit=100&integrationInstance=ap-ccs-oic-uat-axhknnpmgslz-si "HTTP/1.1 200 OK"
2026-09-16 19:07:38,996 - mcp_server.oic_client - INFO - HTTP request to /ic/api/integration/v1/projects completed in 0.64s (Status: 200)
2026-09-16 19:07:39,386 - httpx - INFO - HTTP Request: GET https://design.integration.ap-singapore-1.ocp.oraclecloud.com/ic/api/integration/v1/projects/APDU_WACS_DXI_GIS/integrations?limit=100&integrationInstance=ap-ccs-oic-uat-axhknnpmgslz-si "HTTP/1.1 200 OK"
2026-09-16 19:07:39,390 - mcp_server.oic_client - INFO - HTTP request to /ic/api/integration/v1/projects/APDU_WACS_DXI_GIS/integrations completed in 0.39s (Status: 200)
2026-09-16 19:07:40,047 - httpx - INFO - HTTP Request: GET https://design.integration.ap-singapore-1.ocp.oraclecloud.com/ic/api/integration/v1/projects/APDU_WACS_OFSC/integrations?limit=100&integrationInstance=ap-ccs-oic-uat-axhknnpmgslz-si "HTTP/1.1 200 OK"
2026-09-16 19:07:40,049 - mcp_server.oic_client - INFO - HTTP request to /ic/api/integration/v1/projects/APDU_WACS_OFSC/integrations completed in 0.66s (Status: 200)
2026-09-16 19:07:40,671 - httpx - INFO - HTTP Request: GET https://design.integration.ap-singapore-1.ocp.oraclecloud.com/ic/api/integration/v1/projects/APDU_WACS_COMMON/integrations?limit=100&integrationInstance=ap-ccs-oic-uat-axhknnpmgslz-si "HTTP/1.1 200 OK"
2026-09-16 19:07:40,676 - mcp_server.oic_client - INFO - HTTP request to /ic/api/integration/v1/projects/APDU_WACS_COMMON/integrations completed in 0.62s (Status: 200)
2026-09-16 19:07:40,835 - httpx - INFO - HTTP Request: GET https://design.integration.ap-singapore-1.ocp.oraclecloud.com/ic/api/integration/v1/projects/ZZ_TEST/integrations?limit=100&integrationInstance=ap-ccs-oic-uat-axhknnpmgslz-si "HTTP/1.1 200 OK"
2026-09-16 19:07:40,837 - mcp_server.oic_client - INFO - HTTP request to /ic/api/integration/v1/projects/ZZ_TEST/integrations completed in 0.16s (Status: 200)
2026-09-16 19:07:41,342 - httpx - INFO - HTTP Request: GET https://design.integration.ap-singapore-1.ocp.oraclecloud.com/ic/api/integration/v1/projects/OUTL-BA-ODM_MDM/integrations?limit=100&integrationInstance=ap-ccs-oic-uat-axhknnpmgslz-si "HTTP/1.1 200 OK"
2026-09-16 19:07:41,344 - mcp_server.oic_client - INFO - HTTP request to /ic/api/integration/v1/projects/OUTL-BA-ODM_MDM/integrations completed in 0.51s (Status: 200)
2026-09-16 19:07:42,037 - httpx - INFO - HTTP Request: GET https://design.integration.ap-singapore-1.ocp.oraclecloud.com/ic/api/integration/v1/projects/ORCL-BA-MNT_OFS_SYNC/integrations?limit=100&integrationInstance=ap-ccs-oic-uat-axhknnpmgslz-si "HTTP/1.1 200 OK"
2026-09-16 19:07:42,040 - mcp_server.oic_client - INFO - HTTP request to /ic/api/integration/v1/projects/ORCL-BA-MNT_OFS_SYNC/integrations completed in 0.69s (Status: 200)
2026-09-16 19:07:42,270 - httpx - INFO - HTTP Request: GET https://design.integration.ap-singapore-1.ocp.oraclecloud.com/ic/api/integration/v1/projects/ORCL-BA-B2BSVC_OFS_WO_SYNC/integrations?limit=100&integrationInstance=ap-ccs-oic-uat-axhknnpmgslz-si "HTTP/1.1 200 OK"
2026-09-16 19:07:42,272 - mcp_server.oic_client - INFO - HTTP request to /ic/api/integration/v1/projects/ORCL-BA-B2BSVC_OFS_WO_SYNC/integrations completed in 0.23s (Status: 200)
2026-09-16 19:07:42,273 - mcp_server.oic_client - INFO - Calling list_integrations - only_activated: None, limit: None, page: None
2026-09-16 19:07:42,557 - httpx - INFO - HTTP Request: GET https://design.integration.ap-singapore-1.ocp.oraclecloud.com/ic/api/integration/v1/integrations?integrationInstance=ap-ccs-oic-uat-axhknnpmgslz-si "HTTP/1.1 200 OK"
2026-09-16 19:07:42,560 - mcp_server.oic_client - INFO - HTTP request to /ic/api/integration/v1/integrations completed in 0.29s (Status: 200)
2026-09-16 19:07:42,565 - mcp_server.oic_client - INFO - list_integrations returned 63 items, total: 63, hasMore: False in 0.29s
2026-09-16 19:07:42,566 - mcp_server.oic_client - INFO - Fetching page 1/50
2026-09-16 19:07:42,567 - mcp_server.oic_client - INFO - Calling list_integrations - only_activated: None, limit: 100, page: 1
2026-09-16 19:07:42,796 - httpx - INFO - HTTP Request: GET https://design.integration.ap-singapore-1.ocp.oraclecloud.com/ic/api/integration/v1/integrations?limit=100&page=1&integrationInstance=ap-ccs-oic-uat-axhknnpmgslz-si "HTTP/1.1 200 OK"
2026-09-16 19:07:42,802 - mcp_server.oic_client - INFO - HTTP request to /ic/api/integration/v1/integrations completed in 0.23s (Status: 200)
2026-09-16 19:07:42,805 - mcp_server.oic_client - INFO - list_integrations returned 63 items, total: 63, hasMore: False in 0.24s
2026-09-16 19:07:42,805 - mcp_server.oic_client - INFO - Page 1: API returned 63 items, totalResults: 63, hasMore: False
2026-09-16 19:07:42,806 - mcp_server.oic_client - INFO - Page 1: found 63 items, 0 new unique, total so far: 168 in 0.24s
2026-09-16 19:07:42,806 - mcp_server.oic_client - INFO - No new unique integrations on page 1. Consecutive empty pages: 1
2026-09-16 19:07:42,807 - mcp_server.oic_client - INFO - Reached total results limit: 168 >= 63
2026-09-16 19:07:42,807 - mcp_server.oic_client - INFO - list_all_integrations completed: fetched 168 unique integrations from 0 pages in 4.45s
2026-09-16 19:07:42,808 - mcp_server.oic_client - INFO - Pattern search 'DXI' found 6 matches out of 168 total integrations
2026-09-16 19:07:42,810 - mcp_server.tools - INFO - Tool _call_search_integrations_by_pattern completed in 4.45s - returned 6 integrations
2026-09-16 19:07:42,810 - mcp_server.main - INFO - Tool search_integrations_by_pattern executed successfully in 4.45s
2026-09-16 19:07:42,811 - mcp_server.main - INFO - Tool search_integrations_by_pattern request completed in 4.46s total
2026-09-16 19:07:45,295 - mcp_server.main - INFO - Received MCP request: tools/call (ID: 6)
2026-09-16 19:07:45,295 - mcp_server.main - INFO - Executing tool: search_integrations_by_pattern
2026-09-16 19:07:45,296 - mcp_server.tools - INFO - Tool _call_search_integrations_by_pattern called with params: {'pattern': 'DXI'}
2026-09-16 19:07:45,296 - mcp_server.tools - INFO - Starting search_integrations_by_pattern with pattern=DXI, max_pages=50, per_page=100
2026-09-16 19:07:45,296 - mcp_server.oic_client - INFO - Searching integrations by pattern: DXI
2026-09-16 19:07:45,296 - mcp_server.oic_client - INFO - Starting list_all_integrations - only_activated: None, max_pages: 50, per_page: 100
2026-09-16 19:07:45,577 - httpx - INFO - HTTP Request: GET https://design.integration.ap-singapore-1.ocp.oraclecloud.com/ic/api/integration/v1/projects?limit=100&integrationInstance=ap-ccs-oic-uat-axhknnpmgslz-si "HTTP/1.1 200 OK"
2026-09-16 19:07:45,581 - mcp_server.oic_client - INFO - HTTP request to /ic/api/integration/v1/projects completed in 0.28s (Status: 200)
2026-09-16 19:07:45,802 - httpx - INFO - HTTP Request: GET https://design.integration.ap-singapore-1.ocp.oraclecloud.com/ic/api/integration/v1/projects/APDU_WACS_DXI_GIS/integrations?limit=100&integrationInstance=ap-ccs-oic-uat-axhknnpmgslz-si "HTTP/1.1 200 OK"
2026-09-16 19:07:45,805 - mcp_server.oic_client - INFO - HTTP request to /ic/api/integration/v1/projects/APDU_WACS_DXI_GIS/integrations completed in 0.22s (Status: 200)
2026-09-16 19:07:46,600 - httpx - INFO - HTTP Request: GET https://design.integration.ap-singapore-1.ocp.oraclecloud.com/ic/api/integration/v1/projects/APDU_WACS_OFSC/integrations?limit=100&integrationInstance=ap-ccs-oic-uat-axhknnpmgslz-si "HTTP/1.1 200 OK"
2026-09-16 19:07:46,605 - mcp_server.oic_client - INFO - HTTP request to /ic/api/integration/v1/projects/APDU_WACS_OFSC/integrations completed in 0.80s (Status: 200)
2026-09-16 19:07:46,943 - httpx - INFO - HTTP Request: GET https://design.integration.ap-singapore-1.ocp.oraclecloud.com/ic/api/integration/v1/projects/APDU_WACS_COMMON/integrations?limit=100&integrationInstance=ap-ccs-oic-uat-axhknnpmgslz-si "HTTP/1.1 200 OK"
2026-09-16 19:07:46,948 - mcp_server.oic_client - INFO - HTTP request to /ic/api/integration/v1/projects/APDU_WACS_COMMON/integrations completed in 0.34s (Status: 200)
2026-09-16 19:07:47,045 - httpx - INFO - HTTP Request: GET https://design.integration.ap-singapore-1.ocp.oraclecloud.com/ic/api/integration/v1/projects/ZZ_TEST/integrations?limit=100&integrationInstance=ap-ccs-oic-uat-axhknnpmgslz-si "HTTP/1.1 200 OK"
2026-09-16 19:07:47,047 - mcp_server.oic_client - INFO - HTTP request to /ic/api/integration/v1/projects/ZZ_TEST/integrations completed in 0.10s (Status: 200)
2026-09-16 19:07:47,173 - httpx - INFO - HTTP Request: GET https://design.integration.ap-singapore-1.ocp.oraclecloud.com/ic/api/integration/v1/projects/OUTL-BA-ODM_MDM/integrations?limit=100&integrationInstance=ap-ccs-oic-uat-axhknnpmgslz-si "HTTP/1.1 200 OK"
2026-09-16 19:07:47,175 - mcp_server.oic_client - INFO - HTTP request to /ic/api/integration/v1/projects/OUTL-BA-ODM_MDM/integrations completed in 0.13s (Status: 200)
2026-09-16 19:07:47,683 - httpx - INFO - HTTP Request: GET https://design.integration.ap-singapore-1.ocp.oraclecloud.com/ic/api/integration/v1/projects/ORCL-BA-MNT_OFS_SYNC/integrations?limit=100&integrationInstance=ap-ccs-oic-uat-axhknnpmgslz-si "HTTP/1.1 200 OK"
2026-09-16 19:07:47,687 - mcp_server.oic_client - INFO - HTTP request to /ic/api/integration/v1/projects/ORCL-BA-MNT_OFS_SYNC/integrations completed in 0.51s (Status: 200)
2026-09-16 19:07:47,834 - httpx - INFO - HTTP Request: GET https://design.integration.ap-singapore-1.ocp.oraclecloud.com/ic/api/integration/v1/projects/ORCL-BA-B2BSVC_OFS_WO_SYNC/integrations?limit=100&integrationInstance=ap-ccs-oic-uat-axhknnpmgslz-si "HTTP/1.1 200 OK"
2026-09-16 19:07:47,837 - mcp_server.oic_client - INFO - HTTP request to /ic/api/integration/v1/projects/ORCL-BA-B2BSVC_OFS_WO_SYNC/integrations completed in 0.15s (Status: 200)
2026-09-16 19:07:47,838 - mcp_server.oic_client - INFO - Calling list_integrations - only_activated: None, limit: None, page: None
2026-09-16 19:07:48,052 - httpx - INFO - HTTP Request: GET https://design.integration.ap-singapore-1.ocp.oraclecloud.com/ic/api/integration/v1/integrations?integrationInstance=ap-ccs-oic-uat-axhknnpmgslz-si "HTTP/1.1 200 OK"
2026-09-16 19:07:48,055 - mcp_server.oic_client - INFO - HTTP request to /ic/api/integration/v1/integrations completed in 0.22s (Status: 200)
2026-09-16 19:07:48,064 - mcp_server.oic_client - INFO - list_integrations returned 63 items, total: 63, hasMore: False in 0.22s
2026-09-16 19:07:48,064 - mcp_server.oic_client - INFO - Fetching page 1/50
2026-09-16 19:07:48,065 - mcp_server.oic_client - INFO - Calling list_integrations - only_activated: None, limit: 100, page: 1
2026-09-16 19:07:48,297 - httpx - INFO - HTTP Request: GET https://design.integration.ap-singapore-1.ocp.oraclecloud.com/ic/api/integration/v1/integrations?limit=100&page=1&integrationInstance=ap-ccs-oic-uat-axhknnpmgslz-si "HTTP/1.1 200 OK"
2026-09-16 19:07:48,302 - mcp_server.oic_client - INFO - HTTP request to /ic/api/integration/v1/integrations completed in 0.24s (Status: 200)
2026-09-16 19:07:48,306 - mcp_server.oic_client - INFO - list_integrations returned 63 items, total: 63, hasMore: False in 0.24s
2026-09-16 19:07:48,306 - mcp_server.oic_client - INFO - Page 1: API returned 63 items, totalResults: 63, hasMore: False
2026-09-16 19:07:48,307 - mcp_server.oic_client - INFO - Page 1: found 63 items, 0 new unique, total so far: 168 in 0.24s
2026-09-16 19:07:48,308 - mcp_server.oic_client - INFO - No new unique integrations on page 1. Consecutive empty pages: 1
2026-09-16 19:07:48,308 - mcp_server.oic_client - INFO - Reached total results limit: 168 >= 63
2026-09-16 19:07:48,308 - mcp_server.oic_client - INFO - list_all_integrations completed: fetched 168 unique integrations from 0 pages in 3.01s
2026-09-16 19:07:48,310 - mcp_server.oic_client - INFO - Pattern search 'DXI' found 6 matches out of 168 total integrations
2026-09-16 19:07:48,311 - mcp_server.tools - INFO - Tool _call_search_integrations_by_pattern completed in 3.02s - returned 6 integrations
2026-09-16 19:07:48,312 - mcp_server.main - INFO - Tool search_integrations_by_pattern executed successfully in 3.02s
2026-09-16 19:07:48,314 - mcp_server.main - INFO - Tool search_integrations_by_pattern request completed in 3.02s total
2026-09-16 19:07:50,253 - mcp_server.main - INFO - Received MCP request: tools/call (ID: 7)
2026-09-16 19:07:50,254 - mcp_server.main - INFO - Executing tool: list_projects
2026-09-16 19:07:50,255 - mcp_server.tools - INFO - Tool _call_list_projects called with params: {}
2026-09-16 19:07:50,574 - httpx - INFO - HTTP Request: GET https://design.integration.ap-singapore-1.ocp.oraclecloud.com/ic/api/integration/v1/projects?integrationInstance=ap-ccs-oic-uat-axhknnpmgslz-si "HTTP/1.1 200 OK"
2026-09-16 19:07:50,576 - mcp_server.oic_client - INFO - HTTP request to /ic/api/integration/v1/projects completed in 0.32s (Status: 200)
2026-09-16 19:07:50,577 - mcp_server.tools - INFO - Tool _call_list_projects completed in 0.32s
2026-09-16 19:07:50,577 - mcp_server.main - INFO - Tool list_projects executed successfully in 0.32s
2026-09-16 19:07:50,579 - mcp_server.main - INFO - Tool list_projects request completed in 0.33s total
2026-09-16 19:07:54,167 - mcp_server.main - INFO - Received MCP request: tools/call (ID: 7)
2026-09-16 19:07:54,167 - mcp_server.main - INFO - Executing tool: list_projects
2026-09-16 19:07:54,172 - mcp_server.tools - INFO - Tool _call_list_projects called with params: {}
2026-09-16 19:07:54,522 - httpx - INFO - HTTP Request: GET https://design.integration.ap-singapore-1.ocp.oraclecloud.com/ic/api/integration/v1/projects?integrationInstance=ap-ccs-oic-uat-axhknnpmgslz-si "HTTP/1.1 200 OK"
2026-09-16 19:07:54,525 - mcp_server.oic_client - INFO - HTTP request to /ic/api/integration/v1/projects completed in 0.35s (Status: 200)
2026-09-16 19:07:54,526 - mcp_server.tools - INFO - Tool _call_list_projects completed in 0.35s
2026-09-16 19:07:54,526 - mcp_server.main - INFO - Tool list_projects executed successfully in 0.35s
2026-09-16 19:07:54,528 - mcp_server.main - INFO - Tool list_projects request completed in 0.36s total
2026-09-16 19:07:56,399 - __main__ - INFO - Received MCP request: tools/call (ID: 6)
2026-09-16 19:07:56,399 - __main__ - INFO - Executing tool: list_projects
2026-09-16 19:07:56,400 - mcp_server.tools - INFO - Tool _call_list_projects called with params: {}
2026-09-16 19:07:56,668 - httpx - INFO - HTTP Request: GET https://ap-ccs-oic-uat-axhknnpmgslz-si.integration.ap-singapore-1.ocp.oraclecloud.com/ic/api/integration/v1/projects?integrationInstance=ap-ccswacs-oic-dev-axhknnpmgslz-si "HTTP/1.1 307 Temporary Redirect"
2026-09-16 19:07:57,124 - httpx - INFO - HTTP Request: GET https://design.integration.ap-singapore-1.ocp.oraclecloud.com/ic/api/integration/v1/projects?integrationInstance=ap-ccswacs-oic-dev-axhknnpmgslz-si&integrationInstance=ap-ccs-oic-uat-axhknnpmgslz-si "HTTP/1.1 200 OK"
2026-09-16 19:07:57,127 - mcp_server.oic_client - INFO - HTTP request to /ic/api/integration/v1/projects completed in 0.73s (Status: 200)
2026-09-16 19:07:57,128 - mcp_server.tools - INFO - Tool _call_list_projects completed in 0.73s
2026-09-16 19:07:57,128 - __main__ - INFO - Tool list_projects executed successfully in 0.73s
2026-09-16 19:07:57,131 - __main__ - INFO - Tool list_projects request completed in 0.73s total
2026-09-16 19:08:12,628 - mcp_server.main - INFO - Received MCP request: tools/call (ID: 8)
2026-09-16 19:08:12,628 - mcp_server.main - INFO - Executing tool: list_instances
2026-09-16 19:08:13,174 - httpx - INFO - HTTP Request: GET https://design.integration.ap-singapore-1.ocp.oraclecloud.com/ic/api/integration/v1/monitoring/instances?q=%7Bcode+%3A+%27APDU_WACS_DXI_CREATEWO%27%2C+timewindow+%3A+%271d%27%7D&limit=200&integrationInstance=ap-ccs-oic-uat-axhknnpmgslz-si "HTTP/1.1 400 Bad Request"
2026-09-16 19:08:13,177 - mcp_server.oic_client - INFO - HTTP request to /ic/api/integration/v1/monitoring/instances completed in 0.55s (Status: 400)
2026-09-16 19:08:13,178 - mcp_server.main - ERROR - Tool list_instances failed after 0.55s: Client error '400 Bad Request' for url 'https://design.integration.ap-singapore-1.ocp.oraclecloud.com/ic/api/integration/v1/monitoring/instances?q=%7Bcode+%3A+%27APDU_WACS_DXI_CREATEWO%27%2C+timewindow+%3A+%271d%27%7D&limit=200&integrationInstance=ap-ccs-oic-uat-axhknnpmgslz-si'
For more information check: https://developer.mozilla.org/en-US/docs/Web/HTTP/Status/400
2026-09-16 19:08:17,597 - mcp_server.main - INFO - Received MCP request: tools/call (ID: 9)
2026-09-16 19:08:17,597 - mcp_server.main - INFO - Executing tool: list_instances
2026-09-16 19:08:17,674 - httpx - INFO - HTTP Request: GET https://design.integration.ap-singapore-1.ocp.oraclecloud.com/ic/api/integration/v1/monitoring/instances?q=%7Bcode+%3A+%27APDU_WACS_DXI_CREATEWO%27%2C+version+%3A+%2701.00.0003%27%2C+timewindow+%3A+%271d%27%7D&limit=200&integrationInstance=ap-ccs-oic-uat-axhknnpmgslz-si "HTTP/1.1 400 Bad Request"
2026-09-16 19:08:17,677 - mcp_server.oic_client - INFO - HTTP request to /ic/api/integration/v1/monitoring/instances completed in 0.08s (Status: 400)
2026-09-16 19:08:17,677 - mcp_server.main - ERROR - Tool list_instances failed after 0.08s: Client error '400 Bad Request' for url 'https://design.integration.ap-singapore-1.ocp.oraclecloud.com/ic/api/integration/v1/monitoring/instances?q=%7Bcode+%3A+%27APDU_WACS_DXI_CREATEWO%27%2C+version+%3A+%2701.00.0003%27%2C+timewindow+%3A+%271d%27%7D&limit=200&integrationInstance=ap-ccs-oic-uat-axhknnpmgslz-si'
For more information check: https://developer.mozilla.org/en-US/docs/Web/HTTP/Status/400
2026-09-16 19:08:22,579 - mcp_server.main - INFO - Received MCP request: tools/call (ID: 10)
2026-09-16 19:08:22,580 - mcp_server.main - INFO - Executing tool: list_instances
2026-09-16 19:08:22,658 - httpx - INFO - HTTP Request: GET https://design.integration.ap-singapore-1.ocp.oraclecloud.com/ic/api/integration/v1/monitoring/instances?q=%7Btimewindow+%3A+%271d%27%7D&limit=200&integrationInstance=ap-ccs-oic-uat-axhknnpmgslz-si "HTTP/1.1 400 Bad Request"
2026-09-16 19:08:22,661 - mcp_server.oic_client - INFO - HTTP request to /ic/api/integration/v1/monitoring/instances completed in 0.08s (Status: 400)
2026-09-16 19:08:22,662 - mcp_server.main - ERROR - Tool list_instances failed after 0.08s: Client error '400 Bad Request' for url 'https://design.integration.ap-singapore-1.ocp.oraclecloud.com/ic/api/integration/v1/monitoring/instances?q=%7Btimewindow+%3A+%271d%27%7D&limit=200&integrationInstance=ap-ccs-oic-uat-axhknnpmgslz-si'
For more information check: https://developer.mozilla.org/en-US/docs/Web/HTTP/Status/400
2026-09-16 19:08:27,171 - mcp_server.main - INFO - Received MCP request: tools/call (ID: 11)
2026-09-16 19:08:27,172 - mcp_server.main - INFO - Executing tool: list_instances
2026-09-16 19:08:27,273 - httpx - INFO - HTTP Request: GET https://design.integration.ap-singapore-1.ocp.oraclecloud.com/ic/api/integration/v1/monitoring/instances?q=%7Btimewindow+%3A+%271h%27%7D&limit=50&integrationInstance=ap-ccs-oic-uat-axhknnpmgslz-si "HTTP/1.1 200 OK"
2026-09-16 19:08:27,277 - mcp_server.oic_client - INFO - HTTP request to /ic/api/integration/v1/monitoring/instances completed in 0.10s (Status: 200)
2026-09-16 19:08:27,278 - mcp_server.main - INFO - Tool list_instances executed successfully in 0.10s
2026-09-16 19:08:27,279 - mcp_server.main - INFO - Tool list_instances request completed in 0.11s total
2026-09-16 19:08:35,785 - mcp_server.main - INFO - Received MCP request: tools/call (ID: 12)
2026-09-16 19:08:35,786 - mcp_server.main - INFO - Executing tool: list_instances
2026-09-16 19:08:36,039 - httpx - INFO - HTTP Request: GET https://design.integration.ap-singapore-1.ocp.oraclecloud.com/ic/api/integration/v1/monitoring/instances?q=%7Bcode+%3A+%27APDU_WACS_DXI_CREATEWO%27%2C+startdate+%3A+%272026-09-15T13%3A38%3A00.000Z%27%2C+enddate+%3A+%272026-09-16T13%3A40%3A00.000Z%27%2C+timewindow+%3A+%27RETENTIONPERIOD%27%7D&limit=200&integrationInstance=ap-ccs-oic-uat-axhknnpmgslz-si "HTTP/1.1 400 Bad Request"
2026-09-16 19:08:36,041 - mcp_server.oic_client - INFO - HTTP request to /ic/api/integration/v1/monitoring/instances completed in 0.25s (Status: 400)
2026-09-16 19:08:36,041 - mcp_server.main - ERROR - Tool list_instances failed after 0.25s: Client error '400 Bad Request' for url 'https://design.integration.ap-singapore-1.ocp.oraclecloud.com/ic/api/integration/v1/monitoring/instances?q=%7Bcode+%3A+%27APDU_WACS_DXI_CREATEWO%27%2C+startdate+%3A+%272026-09-15T13%3A38%3A00.000Z%27%2C+enddate+%3A+%272026-09-16T13%3A40%3A00.000Z%27%2C+timewindow+%3A+%27RETENTIONPERIOD%27%7D&limit=200&integrationInstance=ap-ccs-oic-uat-axhknnpmgslz-si'
For more information check: https://developer.mozilla.org/en-US/docs/Web/HTTP/Status/400
2026-09-16 19:08:41,955 - mcp_server.main - INFO - Received MCP request: tools/call (ID: 13)
2026-09-16 19:08:41,956 - mcp_server.main - INFO - Executing tool: list_instances
2026-09-16 19:08:42,254 - httpx - INFO - HTTP Request: GET https://design.integration.ap-singapore-1.ocp.oraclecloud.com/ic/api/integration/v1/monitoring/instances?q=%7Bcode+%3A+%27APDU_WACS_DXI_CREATEWO%27%2C+timewindow+%3A+%27RETENTIONPERIOD%27%7D&limit=50&integrationInstance=ap-ccs-oic-uat-axhknnpmgslz-si "HTTP/1.1 200 OK"
2026-09-16 19:08:42,256 - mcp_server.oic_client - INFO - HTTP request to /ic/api/integration/v1/monitoring/instances completed in 0.30s (Status: 200)
2026-09-16 19:08:42,257 - mcp_server.main - INFO - Tool list_instances executed successfully in 0.30s
2026-09-16 19:08:42,258 - mcp_server.main - INFO - Tool list_instances request completed in 0.30s total
2026-09-16 19:08:46,795 - mcp_server.main - INFO - Received MCP request: tools/call (ID: 14)
2026-09-16 19:08:46,796 - mcp_server.main - INFO - Executing tool: list_instances
2026-09-16 19:08:46,969 - httpx - INFO - HTTP Request: GET https://design.integration.ap-singapore-1.ocp.oraclecloud.com/ic/api/integration/v1/monitoring/instances?q=%7Btimewindow+%3A+%276h%27%7D&limit=10&integrationInstance=ap-ccs-oic-uat-axhknnpmgslz-si "HTTP/1.1 200 OK"
2026-09-16 19:08:46,973 - mcp_server.oic_client - INFO - HTTP request to /ic/api/integration/v1/monitoring/instances completed in 0.18s (Status: 200)
2026-09-16 19:08:46,974 - mcp_server.main - INFO - Tool list_instances executed successfully in 0.18s
2026-09-16 19:08:46,975 - mcp_server.main - INFO - Tool list_instances request completed in 0.18s total
2026-09-16 19:08:56,099 - mcp_server.main - INFO - Received MCP request: tools/call (ID: 15)
2026-09-16 19:08:56,099 - mcp_server.main - INFO - Executing tool: list_instances
2026-09-16 19:08:56,460 - httpx - INFO - HTTP Request: GET https://design.integration.ap-singapore-1.ocp.oraclecloud.com/ic/api/integration/v1/monitoring/instances?q=%7Bstartdate+%3A+%272026-09-15T13%3A38%3A00.000Z%27%2C+enddate+%3A+%272026-09-16T13%3A40%3A00.000Z%27%2C+timewindow+%3A+%27RETENTIONPERIOD%27%7D&limit=10&integrationInstance=ap-ccs-oic-uat-axhknnpmgslz-si "HTTP/1.1 400 Bad Request"
2026-09-16 19:08:56,464 - mcp_server.oic_client - INFO - HTTP request to /ic/api/integration/v1/monitoring/instances completed in 0.36s (Status: 400)
2026-09-16 19:08:56,465 - mcp_server.main - ERROR - Tool list_instances failed after 0.36s: Client error '400 Bad Request' for url 'https://design.integration.ap-singapore-1.ocp.oraclecloud.com/ic/api/integration/v1/monitoring/instances?q=%7Bstartdate+%3A+%272026-09-15T13%3A38%3A00.000Z%27%2C+enddate+%3A+%272026-09-16T13%3A40%3A00.000Z%27%2C+timewindow+%3A+%27RETENTIONPERIOD%27%7D&limit=10&integrationInstance=ap-ccs-oic-uat-axhknnpmgslz-si'
For more information check: https://developer.mozilla.org/en-US/docs/Web/HTTP/Status/400
2026-09-16 19:09:08,320 - mcp_server.main - INFO - Received MCP request: tools/call (ID: 16)
2026-09-16 19:09:08,320 - mcp_server.main - INFO - Executing tool: list_instances
2026-09-16 19:09:08,636 - httpx - INFO - HTTP Request: GET https://design.integration.ap-singapore-1.ocp.oraclecloud.com/ic/api/integration/v1/monitoring/instances?q=%7Bstartdate+%3A+%271789479540324%27%2C+enddate+%3A+%271789565940324%27%2C+timewindow+%3A+%27RETENTIONPERIOD%27%7D&limit=10&integrationInstance=ap-ccs-oic-uat-axhknnpmgslz-si "HTTP/1.1 400 Bad Request"
2026-09-16 19:09:08,639 - mcp_server.oic_client - INFO - HTTP request to /ic/api/integration/v1/monitoring/instances completed in 0.32s (Status: 400)
2026-09-16 19:09:08,640 - mcp_server.main - ERROR - Tool list_instances failed after 0.32s: Client error '400 Bad Request' for url 'https://design.integration.ap-singapore-1.ocp.oraclecloud.com/ic/api/integration/v1/monitoring/instances?q=%7Bstartdate+%3A+%271789479540324%27%2C+enddate+%3A+%271789565940324%27%2C+timewindow+%3A+%27RETENTIONPERIOD%27%7D&limit=10&integrationInstance=ap-ccs-oic-uat-axhknnpmgslz-si'
For more information check: https://developer.mozilla.org/en-US/docs/Web/HTTP/Status/400
2026-09-16 19:09:16,853 - mcp_server.main - INFO - Received MCP request: tools/call (ID: 17)
2026-09-16 19:09:16,853 - mcp_server.main - INFO - Executing tool: list_instances
2026-09-16 19:09:17,189 - httpx - INFO - HTTP Request: GET https://design.integration.ap-singapore-1.ocp.oraclecloud.com/ic/api/integration/v1/monitoring/instances?q=%7Btimewindow+%3A+%271d%27%7D&limit=1000&integrationInstance=ap-ccs-oic-uat-axhknnpmgslz-si "HTTP/1.1 400 Bad Request"
2026-09-16 19:09:17,193 - mcp_server.oic_client - INFO - HTTP request to /ic/api/integration/v1/monitoring/instances completed in 0.34s (Status: 400)
2026-09-16 19:09:17,194 - mcp_server.main - ERROR - Tool list_instances failed after 0.34s: Client error '400 Bad Request' for url 'https://design.integration.ap-singapore-1.ocp.oraclecloud.com/ic/api/integration/v1/monitoring/instances?q=%7Btimewindow+%3A+%271d%27%7D&limit=1000&integrationInstance=ap-ccs-oic-uat-axhknnpmgslz-si'
For more information check: https://developer.mozilla.org/en-US/docs/Web/HTTP/Status/400
2026-09-16 19:09:22,059 - mcp_server.main - INFO - Received MCP request: tools/call (ID: 18)
2026-09-16 19:09:22,060 - mcp_server.main - INFO - Executing tool: list_instances
2026-09-16 19:09:22,224 - httpx - INFO - HTTP Request: GET https://design.integration.ap-singapore-1.ocp.oraclecloud.com/ic/api/integration/v1/monitoring/instances?q=%7Btimewindow+%3A+%272d%27%7D&limit=5&integrationInstance=ap-ccs-oic-uat-axhknnpmgslz-si "HTTP/1.1 200 OK"
2026-09-16 19:09:22,228 - mcp_server.oic_client - INFO - HTTP request to /ic/api/integration/v1/monitoring/instances completed in 0.17s (Status: 200)
2026-09-16 19:09:22,228 - mcp_server.main - INFO - Tool list_instances executed successfully in 0.17s
2026-09-16 19:09:22,230 - mcp_server.main - INFO - Tool list_instances request completed in 0.17s total
2026-09-16 19:09:27,807 - mcp_server.main - INFO - Received MCP request: tools/call (ID: 19)
2026-09-16 19:09:27,807 - mcp_server.main - INFO - Executing tool: list_instances
2026-09-16 19:09:28,150 - httpx - INFO - HTTP Request: GET https://design.integration.ap-singapore-1.ocp.oraclecloud.com/ic/api/integration/v1/monitoring/instances?q=%7Btimewindow+%3A+%2724h%27%7D&limit=5&integrationInstance=ap-ccs-oic-uat-axhknnpmgslz-si "HTTP/1.1 400 Bad Request"
2026-09-16 19:09:28,152 - mcp_server.oic_client - INFO - HTTP request to /ic/api/integration/v1/monitoring/instances completed in 0.34s (Status: 400)
2026-09-16 19:09:28,153 - mcp_server.main - ERROR - Tool list_instances failed after 0.34s: Client error '400 Bad Request' for url 'https://design.integration.ap-singapore-1.ocp.oraclecloud.com/ic/api/integration/v1/monitoring/instances?q=%7Btimewindow+%3A+%2724h%27%7D&limit=5&integrationInstance=ap-ccs-oic-uat-axhknnpmgslz-si'
For more information check: https://developer.mozilla.org/en-US/docs/Web/HTTP/Status/400
2026-09-16 19:09:40,901 - mcp_server.main - INFO - Received MCP request: tools/call (ID: 20)
2026-09-16 19:09:40,901 - mcp_server.main - INFO - Executing tool: list_instances
2026-09-16 19:09:41,187 - httpx - INFO - HTTP Request: GET https://design.integration.ap-singapore-1.ocp.oraclecloud.com/ic/api/integration/v1/monitoring/instances?q=%7Bcode+%3A+%27APDU_WACS_DXI_CREATEWO%27%2C+timewindow+%3A+%272d%27%7D&limit=200&integrationInstance=ap-ccs-oic-uat-axhknnpmgslz-si "HTTP/1.1 400 Bad Request"
2026-09-16 19:09:41,189 - mcp_server.oic_client - INFO - HTTP request to /ic/api/integration/v1/monitoring/instances completed in 0.28s (Status: 400)
2026-09-16 19:09:41,189 - mcp_server.main - ERROR - Tool list_instances failed after 0.28s: Client error '400 Bad Request' for url 'https://design.integration.ap-singapore-1.ocp.oraclecloud.com/ic/api/integration/v1/monitoring/instances?q=%7Bcode+%3A+%27APDU_WACS_DXI_CREATEWO%27%2C+timewindow+%3A+%272d%27%7D&limit=200&integrationInstance=ap-ccs-oic-uat-axhknnpmgslz-si'
For more information check: https://developer.mozilla.org/en-US/docs/Web/HTTP/Status/400
2026-09-16 19:09:53,987 - mcp_server.main - INFO - Received MCP request: tools/call (ID: 21)
2026-09-16 19:09:53,988 - mcp_server.main - INFO - Executing tool: list_instances
2026-09-16 19:09:54,269 - httpx - INFO - HTTP Request: GET https://design.integration.ap-singapore-1.ocp.oraclecloud.com/ic/api/integration/v1/monitoring/instances?q=%7Btimewindow+%3A+%272d%27%7D&limit=1000&integrationInstance=ap-ccs-oic-uat-axhknnpmgslz-si "HTTP/1.1 400 Bad Request"
2026-09-16 19:09:54,272 - mcp_server.oic_client - INFO - HTTP request to /ic/api/integration/v1/monitoring/instances completed in 0.28s (Status: 400)
2026-09-16 19:09:54,272 - mcp_server.main - ERROR - Tool list_instances failed after 0.28s: Client error '400 Bad Request' for url 'https://design.integration.ap-singapore-1.ocp.oraclecloud.com/ic/api/integration/v1/monitoring/instances?q=%7Btimewindow+%3A+%272d%27%7D&limit=1000&integrationInstance=ap-ccs-oic-uat-axhknnpmgslz-si'
For more information check: https://developer.mozilla.org/en-US/docs/Web/HTTP/Status/400
2026-09-16 19:09:58,688 - mcp_server.main - INFO - Received MCP request: tools/call (ID: 22)
2026-09-16 19:09:58,689 - mcp_server.main - INFO - Executing tool: list_instances
2026-09-16 19:09:58,765 - httpx - INFO - HTTP Request: GET https://design.integration.ap-singapore-1.ocp.oraclecloud.com/ic/api/integration/v1/monitoring/instances?q=%7Btimewindow+%3A+%272d%27%7D&limit=100&integrationInstance=ap-ccs-oic-uat-axhknnpmgslz-si "HTTP/1.1 400 Bad Request"
2026-09-16 19:09:58,769 - mcp_server.oic_client - INFO - HTTP request to /ic/api/integration/v1/monitoring/instances completed in 0.08s (Status: 400)
2026-09-16 19:09:58,770 - mcp_server.main - ERROR - Tool list_instances failed after 0.08s: Client error '400 Bad Request' for url 'https://design.integration.ap-singapore-1.ocp.oraclecloud.com/ic/api/integration/v1/monitoring/instances?q=%7Btimewindow+%3A+%272d%27%7D&limit=100&integrationInstance=ap-ccs-oic-uat-axhknnpmgslz-si'
For more information check: https://developer.mozilla.org/en-US/docs/Web/HTTP/Status/400
2026-09-16 19:10:03,356 - mcp_server.main - INFO - Received MCP request: tools/call (ID: 23)
2026-09-16 19:10:03,357 - mcp_server.main - INFO - Executing tool: list_instances
2026-09-16 19:10:03,846 - httpx - INFO - HTTP Request: GET https://design.integration.ap-singapore-1.ocp.oraclecloud.com/ic/api/integration/v1/monitoring/instances?q=%7Btimewindow+%3A+%272d%27%7D&limit=25&integrationInstance=ap-ccs-oic-uat-axhknnpmgslz-si "HTTP/1.1 200 OK"
2026-09-16 19:10:03,849 - mcp_server.oic_client - INFO - HTTP request to /ic/api/integration/v1/monitoring/instances completed in 0.49s (Status: 200)
2026-09-16 19:10:03,850 - mcp_server.main - INFO - Tool list_instances executed successfully in 0.49s
2026-09-16 19:10:03,851 - mcp_server.main - INFO - Tool list_instances request completed in 0.50s total
2026-09-16 19:10:12,703 - mcp_server.main - INFO - Received MCP request: tools/call (ID: 24)
2026-09-16 19:10:12,704 - mcp_server.main - INFO - Executing tool: list_instances
2026-09-16 19:10:13,043 - httpx - INFO - HTTP Request: GET https://design.integration.ap-singapore-1.ocp.oraclecloud.com/ic/api/integration/v1/monitoring/instances?q=%7Bcode+%3A+%27APDU_WACS_DXI_CREATEWO%27%2C+timewindow+%3A+%276h%27%7D&limit=50&integrationInstance=ap-ccs-oic-uat-axhknnpmgslz-si "HTTP/1.1 200 OK"
2026-09-16 19:10:13,045 - mcp_server.oic_client - INFO - HTTP request to /ic/api/integration/v1/monitoring/instances completed in 0.34s (Status: 200)
2026-09-16 19:10:13,046 - mcp_server.main - INFO - Tool list_instances executed successfully in 0.34s
2026-09-16 19:10:13,048 - mcp_server.main - INFO - Tool list_instances request completed in 0.34s total
2026-09-16 19:10:20,214 - mcp_server.main - INFO - Received MCP request: tools/call (ID: 25)
2026-09-16 19:11:27,229 - mcp_server.main - INFO - Received MCP request: tools/call (ID: 2)
2026-09-16 19:13:13,938 - __main__ - INFO - WebSocket connection disconnected
2026-09-16 19:13:13,961 - __main__ - INFO - WebSocket connection disconnected
2026-09-16 19:13:56,894 - __main__ - INFO - WebSocket connection accepted (subprotocol='mcp')
2026-09-16 19:13:56,913 - mcp_server.main - INFO - WebSocket connection accepted (subprotocol='mcp')
2026-09-16 19:13:56,936 - mcp_server.main - INFO - WebSocket connection disconnected
2026-09-16 19:13:56,936 - __main__ - INFO - WebSocket connection disconnected
2026-09-16 19:13:57,119 - __main__ - INFO - WebSocket connection accepted (subprotocol='mcp')
2026-09-16 19:13:57,128 - __main__ - INFO - Received MCP request: initialize (ID: 0)
2026-09-16 19:13:57,129 - __main__ - INFO - Processing initialize request
2026-09-16 19:13:57,129 - __main__ - INFO - Initialize request completed
2026-09-16 19:13:57,133 - __main__ - INFO - Received MCP request: notifications/initialized (ID: None)
2026-09-16 19:13:57,133 - __main__ - ERROR - Unknown method: notifications/initialized
2026-09-16 19:13:57,135 - __main__ - INFO - Received MCP request: tools/list (ID: 1)
2026-09-16 19:13:57,135 - __main__ - INFO - Processing tools/list request
2026-09-16 19:13:57,137 - __main__ - INFO - Tools list request completed
2026-09-16 19:13:57,196 - mcp_server.main - INFO - WebSocket connection accepted (subprotocol='mcp')
2026-09-16 19:13:57,214 - mcp_server.main - INFO - Received MCP request: initialize (ID: 0)
2026-09-16 19:13:57,215 - mcp_server.main - INFO - Processing initialize request
2026-09-16 19:13:57,215 - mcp_server.main - INFO - Initialize request completed
2026-09-16 19:13:57,261 - mcp_server.main - INFO - Received MCP request: notifications/initialized (ID: None)
2026-09-16 19:13:57,262 - mcp_server.main - ERROR - Unknown method: notifications/initialized
2026-09-16 19:13:57,271 - mcp_server.main - INFO - Received MCP request: tools/list (ID: 1)
2026-09-16 19:13:57,271 - mcp_server.main - INFO - Processing tools/list request
2026-09-16 19:13:57,272 - mcp_server.main - INFO - Tools list request completed
2026-09-16 19:13:58,311 - __main__ - INFO - WebSocket connection accepted (subprotocol='mcp')
2026-09-16 19:13:58,336 - __main__ - INFO - Received MCP request: initialize (ID: 0)
2026-09-16 19:13:58,338 - __main__ - INFO - Processing initialize request
2026-09-16 19:13:58,339 - __main__ - INFO - Initialize request completed
2026-09-16 19:13:58,356 - __main__ - INFO - Received MCP request: notifications/initialized (ID: None)
2026-09-16 19:13:58,363 - __main__ - ERROR - Unknown method: notifications/initialized
2026-09-16 19:13:58,367 - __main__ - INFO - Received MCP request: tools/list (ID: 1)
2026-09-16 19:13:58,369 - __main__ - INFO - Processing tools/list request
2026-09-16 19:13:58,373 - __main__ - INFO - Tools list request completed
2026-09-16 19:13:58,860 - mcp_server.main - INFO - WebSocket connection accepted (subprotocol='mcp')
2026-09-16 19:13:58,871 - mcp_server.main - INFO - Received MCP request: initialize (ID: 0)
2026-09-16 19:13:58,872 - mcp_server.main - INFO - Processing initialize request
2026-09-16 19:13:58,872 - mcp_server.main - INFO - Initialize request completed
2026-09-16 19:13:58,874 - mcp_server.main - INFO - Received MCP request: notifications/initialized (ID: None)
2026-09-16 19:13:58,875 - mcp_server.main - ERROR - Unknown method: notifications/initialized
2026-09-16 19:13:58,877 - mcp_server.main - INFO - Received MCP request: tools/list (ID: 1)
2026-09-16 19:13:58,878 - mcp_server.main - INFO - Processing tools/list request
2026-09-16 19:13:58,880 - mcp_server.main - INFO - Tools list request completed
2026-09-16 19:15:31,412 - mcp_server.main - INFO - Received MCP request: tools/call (ID: 2)
2026-09-16 19:15:40,641 - mcp_server.main - INFO - Executing tool: search_integration_by_name
2026-09-16 19:15:40,644 - mcp_server.tools - INFO - Tool _call_search_integration_by_name called with params: {'name': 'work order'}
2026-09-16 19:15:40,644 - mcp_server.oic_client - INFO - Searching for integration by name: work order
2026-09-16 19:15:40,936 - mcp_server.oic_client - INFO - Fetching new OAuth token
2026-09-16 19:15:41,277 - httpx - INFO - HTTP Request: POST https://idcs-40ce518ee4354cb8b8a1f54926629fc0.identity.oraclecloud.com/oauth2/v1/token "HTTP/1.1 200 OK"
2026-09-16 19:15:41,279 - mcp_server.oic_client - INFO - OAuth token fetched successfully in 0.34s
2026-09-16 19:15:41,909 - httpx - INFO - HTTP Request: GET https://design.integration.ap-singapore-1.ocp.oraclecloud.com/ic/api/integration/v1/integrations?limit=100&page=1&integrationInstance=ap-ccs-oic-uat-axhknnpmgslz-si "HTTP/1.1 200 OK"
2026-09-16 19:15:41,915 - mcp_server.oic_client - INFO - HTTP request to /ic/api/integration/v1/integrations completed in 0.63s (Status: 200)
2026-09-16 19:15:41,918 - mcp_server.oic_client - INFO - Page 1: 63 integrations, hasMore: False
2026-09-16 19:15:41,918 - mcp_server.oic_client - INFO - Found 0 exact and 0 partial matches for 'work order' across 1 page(s)
2026-09-16 19:15:41,919 - mcp_server.tools - INFO - Tool _call_search_integration_by_name completed in 1.27s
2026-09-16 19:15:41,919 - mcp_server.main - INFO - Tool search_integration_by_name executed successfully in 1.28s
2026-09-16 19:15:41,920 - mcp_server.main - INFO - Tool search_integration_by_name request completed in 10.51s total
2026-09-16 19:15:43,768 - mcp_server.main - INFO - Received MCP request: tools/call (ID: 3)
2026-09-16 19:15:43,768 - mcp_server.main - INFO - Executing tool: search_integrations_by_pattern
2026-09-16 19:15:43,770 - mcp_server.tools - INFO - Tool _call_search_integrations_by_pattern called with params: {'pattern': 'DXI'}
2026-09-16 19:15:43,773 - mcp_server.tools - INFO - Starting search_integrations_by_pattern with pattern=DXI, max_pages=50, per_page=100
2026-09-16 19:15:43,773 - mcp_server.oic_client - INFO - Searching integrations by pattern: DXI
2026-09-16 19:15:43,774 - mcp_server.oic_client - INFO - Starting list_all_integrations - only_activated: None, max_pages: 50, per_page: 100
2026-09-16 19:15:43,945 - httpx - INFO - HTTP Request: GET https://design.integration.ap-singapore-1.ocp.oraclecloud.com/ic/api/integration/v1/projects?limit=100&integrationInstance=ap-ccs-oic-uat-axhknnpmgslz-si "HTTP/1.1 200 OK"
2026-09-16 19:15:43,948 - mcp_server.oic_client - INFO - HTTP request to /ic/api/integration/v1/projects completed in 0.17s (Status: 200)
2026-09-16 19:15:44,255 - httpx - INFO - HTTP Request: GET https://design.integration.ap-singapore-1.ocp.oraclecloud.com/ic/api/integration/v1/projects/APDU_WACS_DXI_GIS/integrations?limit=100&integrationInstance=ap-ccs-oic-uat-axhknnpmgslz-si "HTTP/1.1 200 OK"
2026-09-16 19:15:44,257 - mcp_server.oic_client - INFO - HTTP request to /ic/api/integration/v1/projects/APDU_WACS_DXI_GIS/integrations completed in 0.31s (Status: 200)
2026-09-16 19:15:44,834 - httpx - INFO - HTTP Request: GET https://design.integration.ap-singapore-1.ocp.oraclecloud.com/ic/api/integration/v1/projects/APDU_WACS_OFSC/integrations?limit=100&integrationInstance=ap-ccs-oic-uat-axhknnpmgslz-si "HTTP/1.1 200 OK"
2026-09-16 19:15:44,838 - mcp_server.oic_client - INFO - HTTP request to /ic/api/integration/v1/projects/APDU_WACS_OFSC/integrations completed in 0.58s (Status: 200)
2026-09-16 19:15:45,284 - httpx - INFO - HTTP Request: GET https://design.integration.ap-singapore-1.ocp.oraclecloud.com/ic/api/integration/v1/projects/APDU_WACS_COMMON/integrations?limit=100&integrationInstance=ap-ccs-oic-uat-axhknnpmgslz-si "HTTP/1.1 200 OK"
2026-09-16 19:15:45,286 - mcp_server.oic_client - INFO - HTTP request to /ic/api/integration/v1/projects/APDU_WACS_COMMON/integrations completed in 0.45s (Status: 200)
2026-09-16 19:15:45,384 - httpx - INFO - HTTP Request: GET https://design.integration.ap-singapore-1.ocp.oraclecloud.com/ic/api/integration/v1/projects/ZZ_TEST/integrations?limit=100&integrationInstance=ap-ccs-oic-uat-axhknnpmgslz-si "HTTP/1.1 200 OK"
2026-09-16 19:15:45,386 - mcp_server.oic_client - INFO - HTTP request to /ic/api/integration/v1/projects/ZZ_TEST/integrations completed in 0.10s (Status: 200)
2026-09-16 19:15:45,568 - httpx - INFO - HTTP Request: GET https://design.integration.ap-singapore-1.ocp.oraclecloud.com/ic/api/integration/v1/projects/OUTL-BA-ODM_MDM/integrations?limit=100&integrationInstance=ap-ccs-oic-uat-axhknnpmgslz-si "HTTP/1.1 200 OK"
2026-09-16 19:15:45,572 - mcp_server.oic_client - INFO - HTTP request to /ic/api/integration/v1/projects/OUTL-BA-ODM_MDM/integrations completed in 0.19s (Status: 200)
2026-09-16 19:15:46,167 - httpx - INFO - HTTP Request: GET https://design.integration.ap-singapore-1.ocp.oraclecloud.com/ic/api/integration/v1/projects/ORCL-BA-MNT_OFS_SYNC/integrations?limit=100&integrationInstance=ap-ccs-oic-uat-axhknnpmgslz-si "HTTP/1.1 200 OK"
2026-09-16 19:15:46,170 - mcp_server.oic_client - INFO - HTTP request to /ic/api/integration/v1/projects/ORCL-BA-MNT_OFS_SYNC/integrations completed in 0.60s (Status: 200)
2026-09-16 19:15:46,318 - httpx - INFO - HTTP Request: GET https://design.integration.ap-singapore-1.ocp.oraclecloud.com/ic/api/integration/v1/projects/ORCL-BA-B2BSVC_OFS_WO_SYNC/integrations?limit=100&integrationInstance=ap-ccs-oic-uat-axhknnpmgslz-si "HTTP/1.1 200 OK"
2026-09-16 19:15:46,320 - mcp_server.oic_client - INFO - HTTP request to /ic/api/integration/v1/projects/ORCL-BA-B2BSVC_OFS_WO_SYNC/integrations completed in 0.15s (Status: 200)
2026-09-16 19:15:46,320 - mcp_server.oic_client - INFO - Calling list_integrations - only_activated: None, limit: None, page: None
2026-09-16 19:15:46,640 - httpx - INFO - HTTP Request: GET https://design.integration.ap-singapore-1.ocp.oraclecloud.com/ic/api/integration/v1/integrations?integrationInstance=ap-ccs-oic-uat-axhknnpmgslz-si "HTTP/1.1 200 OK"
2026-09-16 19:15:46,643 - mcp_server.oic_client - INFO - HTTP request to /ic/api/integration/v1/integrations completed in 0.32s (Status: 200)
2026-09-16 19:15:46,646 - mcp_server.oic_client - INFO - list_integrations returned 63 items, total: 63, hasMore: False in 0.33s
2026-09-16 19:15:46,647 - mcp_server.oic_client - INFO - Fetching page 1/50
2026-09-16 19:15:46,647 - mcp_server.oic_client - INFO - Calling list_integrations - only_activated: None, limit: 100, page: 1
2026-09-16 19:15:46,889 - httpx - INFO - HTTP Request: GET https://design.integration.ap-singapore-1.ocp.oraclecloud.com/ic/api/integration/v1/integrations?limit=100&page=1&integrationInstance=ap-ccs-oic-uat-axhknnpmgslz-si "HTTP/1.1 200 OK"
2026-09-16 19:15:46,892 - mcp_server.oic_client - INFO - HTTP request to /ic/api/integration/v1/integrations completed in 0.24s (Status: 200)
2026-09-16 19:15:46,894 - mcp_server.oic_client - INFO - list_integrations returned 63 items, total: 63, hasMore: False in 0.25s
2026-09-16 19:15:46,895 - mcp_server.oic_client - INFO - Page 1: API returned 63 items, totalResults: 63, hasMore: False
2026-09-16 19:15:46,895 - mcp_server.oic_client - INFO - Page 1: found 63 items, 0 new unique, total so far: 168 in 0.25s
2026-09-16 19:15:46,896 - mcp_server.oic_client - INFO - No new unique integrations on page 1. Consecutive empty pages: 1
2026-09-16 19:15:46,897 - mcp_server.oic_client - INFO - Reached total results limit: 168 >= 63
2026-09-16 19:15:46,897 - mcp_server.oic_client - INFO - list_all_integrations completed: fetched 168 unique integrations from 0 pages in 3.12s
2026-09-16 19:15:46,899 - mcp_server.oic_client - INFO - Pattern search 'DXI' found 6 matches out of 168 total integrations
2026-09-16 19:15:46,900 - mcp_server.tools - INFO - Tool _call_search_integrations_by_pattern completed in 3.13s - returned 6 integrations
2026-09-16 19:15:46,900 - mcp_server.main - INFO - Tool search_integrations_by_pattern executed successfully in 3.13s
2026-09-16 19:15:46,901 - mcp_server.main - INFO - Tool search_integrations_by_pattern request completed in 3.13s total
2026-09-16 19:15:51,391 - mcp_server.main - INFO - Received MCP request: tools/call (ID: 4)
2026-09-16 19:15:51,392 - mcp_server.main - INFO - Executing tool: list_instances
2026-09-16 19:15:51,505 - httpx - INFO - HTTP Request: GET https://design.integration.ap-singapore-1.ocp.oraclecloud.com/ic/api/integration/v1/monitoring/instances?q=%7Bcode+%3A+%27APDU_WACS_DXI_CREATEWO%27%2C+version+%3A+%2701.00.0003%27%2C+timewindow+%3A+%271d%27%7D&integrationInstance=ap-ccs-oic-uat-axhknnpmgslz-si "HTTP/1.1 200 OK"
2026-09-16 19:15:51,507 - mcp_server.oic_client - INFO - HTTP request to /ic/api/integration/v1/monitoring/instances completed in 0.11s (Status: 200)
2026-09-16 19:15:51,507 - mcp_server.main - INFO - Tool list_instances executed successfully in 0.11s
2026-09-16 19:15:51,509 - mcp_server.main - INFO - Tool list_instances request completed in 0.12s total
2026-09-16 19:16:23,471 - mcp_server.main - INFO - Received MCP request: tools/call (ID: 5)
2026-09-16 19:16:23,471 - mcp_server.main - INFO - Executing tool: list_project_instances
2026-09-16 19:16:23,900 - httpx - INFO - HTTP Request: GET https://design.integration.ap-singapore-1.ocp.oraclecloud.com/ic/api/integration/v1/monitoring/instances?q=%7BprojectCode+%3A+%27APDU_WACS_DXI_GIS%27%2C+code+%3A+%27APDU_WACS_DXI_CREATEWO%27%2C+version+%3A+%2701.00.0003%27%2C+timewindow+%3A+%271d%27%7D&integrationInstance=ap-ccs-oic-uat-axhknnpmgslz-si "HTTP/1.1 200 OK"
2026-09-16 19:16:23,902 - mcp_server.oic_client - INFO - HTTP request to /ic/api/integration/v1/monitoring/instances completed in 0.43s (Status: 200)
2026-09-16 19:16:23,903 - mcp_server.main - INFO - Tool list_project_instances executed successfully in 0.43s
2026-09-16 19:16:23,904 - mcp_server.main - INFO - Tool list_project_instances request completed in 0.43s total
2026-09-16 19:17:12,509 - mcp_server.main - INFO - Received MCP request: tools/call (ID: 6)
2026-09-16 19:17:12,509 - mcp_server.main - INFO - Executing tool: list_project_errors
2026-09-16 19:17:12,904 - httpx - INFO - HTTP Request: GET https://design.integration.ap-singapore-1.ocp.oraclecloud.com/ic/api/integration/v1/monitoring/errors?q=%7BprojectCode+%3A+%27APDU_WACS_DXI_GIS%27%2C+code+%3A+%27APDU_DXI_WACS_COSTESTI%27%2C+version+%3A+%2701.00.0010%27%2C+timewindow+%3A+%27RETENTIONPERIOD%27%7D&integrationInstance=ap-ccs-oic-uat-axhknnpmgslz-si "HTTP/1.1 200 OK"
2026-09-16 19:17:12,905 - mcp_server.oic_client - INFO - HTTP request to /ic/api/integration/v1/monitoring/errors completed in 0.39s (Status: 200)
2026-09-16 19:17:12,906 - mcp_server.main - INFO - Tool list_project_errors executed successfully in 0.39s
2026-09-16 19:17:12,907 - mcp_server.main - INFO - Tool list_project_errors request completed in 0.40s total
2026-09-16 19:17:14,966 - mcp_server.main - INFO - Received MCP request: tools/call (ID: 7)
2026-09-16 19:17:14,966 - mcp_server.main - INFO - Executing tool: list_errors
2026-09-16 19:17:15,052 - httpx - INFO - HTTP Request: GET https://design.integration.ap-singapore-1.ocp.oraclecloud.com/ic/api/integration/v1/monitoring/errors?q=%7Bcode+%3A+%27APDU_DXI_WACS_COSTESTI%27%2C+version+%3A+%2701.00.0010%27%2C+timewindow+%3A+%27RETENTIONPERIOD%27%7D&integrationInstance=ap-ccs-oic-uat-axhknnpmgslz-si "HTTP/1.1 200 OK"
2026-09-16 19:17:15,054 - mcp_server.oic_client - INFO - HTTP request to /ic/api/integration/v1/monitoring/errors completed in 0.09s (Status: 200)
2026-09-16 19:17:15,054 - mcp_server.main - INFO - Tool list_errors executed successfully in 0.09s
2026-09-16 19:17:15,056 - mcp_server.main - INFO - Tool list_errors request completed in 0.09s total
2026-09-16 19:17:49,295 - mcp_server.main - INFO - Received MCP request: tools/call (ID: 8)
2026-09-16 19:17:49,295 - mcp_server.main - INFO - Executing tool: get_instance_activity_stream
2026-09-16 19:17:49,690 - httpx - INFO - HTTP Request: GET https://design.integration.ap-singapore-1.ocp.oraclecloud.com/ic/api/integration/v1/monitoring/instances/wl5mB7GMEfGS0A8e4QsuCw/activityStream?integrationInstance=ap-ccs-oic-uat-axhknnpmgslz-si "HTTP/1.1 200 OK"
2026-09-16 19:17:49,693 - mcp_server.oic_client - INFO - HTTP request to /ic/api/integration/v1/monitoring/instances/wl5mB7GMEfGS0A8e4QsuCw/activityStream completed in 0.40s (Status: 200)
2026-09-16 19:17:49,696 - mcp_server.main - INFO - Tool get_instance_activity_stream executed successfully in 0.40s
2026-09-16 19:17:49,700 - mcp_server.main - INFO - Tool get_instance_activity_stream request completed in 0.41s total
2026-09-16 19:17:51,833 - mcp_server.main - INFO - Received MCP request: tools/call (ID: 9)
2026-09-16 19:17:51,833 - mcp_server.main - INFO - Executing tool: get_project_instance
2026-09-16 19:17:51,905 - httpx - INFO - HTTP Request: GET https://design.integration.ap-singapore-1.ocp.oraclecloud.com/ic/api/integration/v1/projects/APDU_WACS_DXI_GIS/monitoring/instances/wl5mB7GMEfGS0A8e4QsuCw?integrationInstance=ap-ccs-oic-uat-axhknnpmgslz-si "HTTP/1.1 404 Not Found"
2026-09-16 19:17:51,908 - mcp_server.oic_client - INFO - HTTP request to /ic/api/integration/v1/projects/APDU_WACS_DXI_GIS/monitoring/instances/wl5mB7GMEfGS0A8e4QsuCw completed in 0.07s (Status: 404)
2026-09-16 19:17:52,005 - httpx - INFO - HTTP Request: GET https://design.integration.ap-singapore-1.ocp.oraclecloud.com/ic/api/integration/v1/projects/APDU_WACS_DXI_GIS/instances/wl5mB7GMEfGS0A8e4QsuCw?integrationInstance=ap-ccs-oic-uat-axhknnpmgslz-si "HTTP/1.1 404 Not Found"
2026-09-16 19:17:52,008 - mcp_server.oic_client - INFO - HTTP request to /ic/api/integration/v1/projects/APDU_WACS_DXI_GIS/instances/wl5mB7GMEfGS0A8e4QsuCw completed in 0.10s (Status: 404)
2026-09-16 19:17:52,185 - httpx - INFO - HTTP Request: GET https://design.integration.ap-singapore-1.ocp.oraclecloud.com/ic/api/integration/v1/monitoring/instances/wl5mB7GMEfGS0A8e4QsuCw?integrationInstance=ap-ccs-oic-uat-axhknnpmgslz-si "HTTP/1.1 200 OK"
2026-09-16 19:17:52,187 - mcp_server.oic_client - INFO - HTTP request to /ic/api/integration/v1/monitoring/instances/wl5mB7GMEfGS0A8e4QsuCw completed in 0.18s (Status: 200)
2026-09-16 19:17:52,187 - mcp_server.main - INFO - Tool get_project_instance executed successfully in 0.35s
2026-09-16 19:17:52,188 - mcp_server.main - INFO - Tool get_project_instance request completed in 0.36s total
2026-09-16 19:20:52,998 - mcp_server.main - INFO - Received MCP request: tools/call (ID: 10)
2026-09-16 19:20:52,999 - mcp_server.main - INFO - Executing tool: list_project_instances
2026-09-16 19:20:53,440 - httpx - INFO - HTTP Request: GET https://design.integration.ap-singapore-1.ocp.oraclecloud.com/ic/api/integration/v1/monitoring/instances?q=%7BprojectCode+%3A+%27APDU_WACS_DXI_GIS%27%2C+timewindow+%3A+%27RETENTIONPERIOD%27%7D&limit=1000&integrationInstance=ap-ccs-oic-uat-axhknnpmgslz-si "HTTP/1.1 400 Bad Request"
2026-09-16 19:20:53,443 - mcp_server.oic_client - INFO - HTTP request to /ic/api/integration/v1/monitoring/instances completed in 0.44s (Status: 400)
2026-09-16 19:20:53,444 - mcp_server.main - ERROR - Tool list_project_instances failed after 0.44s: Client error '400 Bad Request' for url 'https://design.integration.ap-singapore-1.ocp.oraclecloud.com/ic/api/integration/v1/monitoring/instances?q=%7BprojectCode+%3A+%27APDU_WACS_DXI_GIS%27%2C+timewindow+%3A+%27RETENTIONPERIOD%27%7D&limit=1000&integrationInstance=ap-ccs-oic-uat-axhknnpmgslz-si'
For more information check: https://developer.mozilla.org/en-US/docs/Web/HTTP/Status/400
2026-09-16 19:20:59,320 - mcp_server.main - INFO - Received MCP request: tools/call (ID: 11)
2026-09-16 19:20:59,320 - mcp_server.main - INFO - Executing tool: list_project_instances
2026-09-16 19:20:59,673 - httpx - INFO - HTTP Request: GET https://design.integration.ap-singapore-1.ocp.oraclecloud.com/ic/api/integration/v1/monitoring/instances?q=%7BprojectCode+%3A+%27APDU_WACS_DXI_GIS%27%2C+code+%3A+%27APDU_DXI_WACS_COSTESTI%27%2C+version+%3A+%2701.00.0010%27%2C+timewindow+%3A+%27RETENTIONPERIOD%27%7D&integrationInstance=ap-ccs-oic-uat-axhknnpmgslz-si "HTTP/1.1 200 OK"
2026-09-16 19:20:59,675 - mcp_server.oic_client - INFO - HTTP request to /ic/api/integration/v1/monitoring/instances completed in 0.35s (Status: 200)
2026-09-16 19:20:59,676 - mcp_server.main - INFO - Tool list_project_instances executed successfully in 0.35s
2026-09-16 19:20:59,677 - mcp_server.main - INFO - Tool list_project_instances request completed in 0.36s total
2026-09-16 19:21:01,914 - mcp_server.main - INFO - Received MCP request: tools/call (ID: 12)
2026-09-16 19:21:01,915 - mcp_server.main - INFO - Executing tool: list_project_instances
2026-09-16 19:21:02,039 - httpx - INFO - HTTP Request: GET https://design.integration.ap-singapore-1.ocp.oraclecloud.com/ic/api/integration/v1/monitoring/instances?q=%7BprojectCode+%3A+%27APDU_WACS_DXI_GIS%27%2C+code+%3A+%27APDU_DXI_OFSC_COSTESTI%27%2C+version+%3A+%2701.00.0021%27%2C+timewindow+%3A+%27RETENTIONPERIOD%27%7D&integrationInstance=ap-ccs-oic-uat-axhknnpmgslz-si "HTTP/1.1 200 OK"
2026-09-16 19:21:02,044 - mcp_server.oic_client - INFO - HTTP request to /ic/api/integration/v1/monitoring/instances completed in 0.13s (Status: 200)
2026-09-16 19:21:02,045 - mcp_server.main - INFO - Tool list_project_instances executed successfully in 0.13s
2026-09-16 19:21:02,046 - mcp_server.main - INFO - Tool list_project_instances request completed in 0.13s total
2026-09-16 19:21:03,899 - mcp_server.main - INFO - Received MCP request: tools/call (ID: 13)
2026-09-16 19:21:03,900 - mcp_server.main - INFO - Executing tool: list_project_instances
2026-09-16 19:21:04,103 - httpx - INFO - HTTP Request: GET https://design.integration.ap-singapore-1.ocp.oraclecloud.com/ic/api/integration/v1/monitoring/instances?q=%7BprojectCode+%3A+%27APDU_WACS_DXI_GIS%27%2C+code+%3A+%27APDU_OFSC_DXI_REQUES_COSTES%27%2C+version+%3A+%2701.00.0005%27%2C+timewindow+%3A+%27RETENTIONPERIOD%27%7D&integrationInstance=ap-ccs-oic-uat-axhknnpmgslz-si "HTTP/1.1 200 OK"
2026-09-16 19:21:04,108 - mcp_server.oic_client - INFO - HTTP request to /ic/api/integration/v1/monitoring/instances completed in 0.21s (Status: 200)
2026-09-16 19:21:04,108 - mcp_server.main - INFO - Tool list_project_instances executed successfully in 0.21s
2026-09-16 19:21:04,111 - mcp_server.main - INFO - Tool list_project_instances request completed in 0.21s total
2026-09-16 19:21:06,092 - mcp_server.main - INFO - Received MCP request: tools/call (ID: 14)
2026-09-16 19:21:06,092 - mcp_server.main - INFO - Executing tool: list_project_instances
2026-09-16 19:21:06,255 - httpx - INFO - HTTP Request: GET https://design.integration.ap-singapore-1.ocp.oraclecloud.com/ic/api/integration/v1/monitoring/instances?q=%7BprojectCode+%3A+%27APDU_WACS_DXI_GIS%27%2C+code+%3A+%27APDU_WACS_DXI_CREATEWO%27%2C+version+%3A+%2701.00.0003%27%2C+timewindow+%3A+%27RETENTIONPERIOD%27%7D&integrationInstance=ap-ccs-oic-uat-axhknnpmgslz-si "HTTP/1.1 200 OK"
2026-09-16 19:21:06,259 - mcp_server.oic_client - INFO - HTTP request to /ic/api/integration/v1/monitoring/instances completed in 0.17s (Status: 200)
2026-09-16 19:21:06,260 - mcp_server.main - INFO - Tool list_project_instances executed successfully in 0.17s
2026-09-16 19:21:06,262 - mcp_server.main - INFO - Tool list_project_instances request completed in 0.17s total
2026-09-16 19:23:43,646 - mcp_server.main - INFO - Received MCP request: tools/call (ID: 15)
2026-09-16 19:23:43,647 - mcp_server.main - INFO - Executing tool: list_projects
2026-09-16 19:23:43,648 - mcp_server.tools - INFO - Tool _call_list_projects called with params: {'limit': 200}
2026-09-16 19:23:44,026 - httpx - INFO - HTTP Request: GET https://design.integration.ap-singapore-1.ocp.oraclecloud.com/ic/api/integration/v1/projects?limit=200&integrationInstance=ap-ccs-oic-uat-axhknnpmgslz-si "HTTP/1.1 200 OK"
2026-09-16 19:23:44,028 - mcp_server.oic_client - INFO - HTTP request to /ic/api/integration/v1/projects completed in 0.38s (Status: 200)
2026-09-16 19:23:44,029 - mcp_server.tools - INFO - Tool _call_list_projects completed in 0.38s
2026-09-16 19:23:44,029 - mcp_server.main - INFO - Tool list_projects executed successfully in 0.38s
2026-09-16 19:23:44,030 - mcp_server.main - INFO - Tool list_projects request completed in 0.38s total
2026-09-16 19:23:45,890 - mcp_server.main - INFO - Received MCP request: tools/call (ID: 16)
2026-09-16 19:23:45,890 - mcp_server.main - INFO - Executing tool: list_errors
2026-09-16 19:23:46,086 - httpx - INFO - HTTP Request: GET https://design.integration.ap-singapore-1.ocp.oraclecloud.com/ic/api/integration/v1/monitoring/errors?q=%7Btimewindow+%3A+%271d%27%7D&limit=200&integrationInstance=ap-ccs-oic-uat-axhknnpmgslz-si "HTTP/1.1 400 Bad Request"
2026-09-16 19:23:46,089 - mcp_server.oic_client - INFO - HTTP request to /ic/api/integration/v1/monitoring/errors completed in 0.20s (Status: 400)
2026-09-16 19:23:46,089 - mcp_server.main - ERROR - Tool list_errors failed after 0.20s: Client error '400 Bad Request' for url 'https://design.integration.ap-singapore-1.ocp.oraclecloud.com/ic/api/integration/v1/monitoring/errors?q=%7Btimewindow+%3A+%271d%27%7D&limit=200&integrationInstance=ap-ccs-oic-uat-axhknnpmgslz-si'
For more information check: https://developer.mozilla.org/en-US/docs/Web/HTTP/Status/400
2026-09-16 19:23:51,797 - mcp_server.main - INFO - Received MCP request: tools/call (ID: 17)
2026-09-16 19:23:51,798 - mcp_server.main - INFO - Executing tool: list_errors
2026-09-16 19:23:52,328 - httpx - INFO - HTTP Request: GET https://design.integration.ap-singapore-1.ocp.oraclecloud.com/ic/api/integration/v1/monitoring/errors?q=%7Btimewindow+%3A+%271d%27%7D&integrationInstance=ap-ccs-oic-uat-axhknnpmgslz-si "HTTP/1.1 200 OK"
2026-09-16 19:23:52,331 - mcp_server.oic_client - INFO - HTTP request to /ic/api/integration/v1/monitoring/errors completed in 0.53s (Status: 200)
2026-09-16 19:23:52,332 - mcp_server.main - INFO - Tool list_errors executed successfully in 0.53s
2026-09-16 19:23:52,335 - mcp_server.main - INFO - Tool list_errors request completed in 0.54s total
2026-09-16 19:23:54,668 - mcp_server.main - INFO - Received MCP request: tools/call (ID: 18)
2026-09-16 19:23:54,669 - mcp_server.main - INFO - Executing tool: list_project_errors
2026-09-16 19:23:54,868 - httpx - INFO - HTTP Request: GET https://design.integration.ap-singapore-1.ocp.oraclecloud.com/ic/api/integration/v1/monitoring/errors?q=%7BprojectCode+%3A+%27APDU_WACS_DXI_GIS%27%2C+timewindow+%3A+%271d%27%7D&integrationInstance=ap-ccs-oic-uat-axhknnpmgslz-si "HTTP/1.1 200 OK"
2026-09-16 19:23:54,870 - mcp_server.oic_client - INFO - HTTP request to /ic/api/integration/v1/monitoring/errors completed in 0.20s (Status: 200)
2026-09-16 19:23:54,871 - mcp_server.main - INFO - Tool list_project_errors executed successfully in 0.20s
2026-09-16 19:23:54,873 - mcp_server.main - INFO - Tool list_project_errors request completed in 0.20s total
2026-09-16 19:23:57,080 - mcp_server.main - INFO - Received MCP request: tools/call (ID: 19)
2026-09-16 19:23:57,081 - mcp_server.main - INFO - Executing tool: list_project_errors
2026-09-16 19:23:57,220 - httpx - INFO - HTTP Request: GET https://design.integration.ap-singapore-1.ocp.oraclecloud.com/ic/api/integration/v1/monitoring/errors?q=%7BprojectCode+%3A+%27APDU_WACS_OFSC%27%2C+timewindow+%3A+%271d%27%7D&integrationInstance=ap-ccs-oic-uat-axhknnpmgslz-si "HTTP/1.1 200 OK"
2026-09-16 19:23:57,226 - mcp_server.oic_client - INFO - HTTP request to /ic/api/integration/v1/monitoring/errors completed in 0.14s (Status: 200)
2026-09-16 19:23:57,227 - mcp_server.main - INFO - Tool list_project_errors executed successfully in 0.14s
2026-09-16 19:23:57,231 - mcp_server.main - INFO - Tool list_project_errors request completed in 0.15s total
2026-09-16 19:23:59,901 - mcp_server.main - INFO - Received MCP request: tools/call (ID: 20)
2026-09-16 19:23:59,902 - mcp_server.main - INFO - Executing tool: list_project_errors
2026-09-16 19:23:59,989 - httpx - INFO - HTTP Request: GET https://design.integration.ap-singapore-1.ocp.oraclecloud.com/ic/api/integration/v1/monitoring/errors?q=%7BprojectCode+%3A+%27APDU_WACS_COMMON%27%2C+timewindow+%3A+%271d%27%7D&integrationInstance=ap-ccs-oic-uat-axhknnpmgslz-si "HTTP/1.1 200 OK"
2026-09-16 19:23:59,994 - mcp_server.oic_client - INFO - HTTP request to /ic/api/integration/v1/monitoring/errors completed in 0.09s (Status: 200)
2026-09-16 19:23:59,995 - mcp_server.main - INFO - Tool list_project_errors executed successfully in 0.09s
2026-09-16 19:23:59,996 - mcp_server.main - INFO - Tool list_project_errors request completed in 0.09s total
2026-09-16 19:24:01,904 - mcp_server.main - INFO - Received MCP request: tools/call (ID: 21)
2026-09-16 19:24:01,905 - mcp_server.main - INFO - Executing tool: list_project_errors
2026-09-16 19:24:02,050 - httpx - INFO - HTTP Request: GET https://design.integration.ap-singapore-1.ocp.oraclecloud.com/ic/api/integration/v1/monitoring/errors?q=%7BprojectCode+%3A+%27ZZ_TEST%27%2C+timewindow+%3A+%271d%27%7D&integrationInstance=ap-ccs-oic-uat-axhknnpmgslz-si "HTTP/1.1 200 OK"
2026-09-16 19:24:02,053 - mcp_server.oic_client - INFO - HTTP request to /ic/api/integration/v1/monitoring/errors completed in 0.15s (Status: 200)
2026-09-16 19:24:02,054 - mcp_server.main - INFO - Tool list_project_errors executed successfully in 0.15s
2026-09-16 19:24:02,054 - mcp_server.main - INFO - Tool list_project_errors request completed in 0.15s total
2026-09-16 19:24:04,588 - mcp_server.main - INFO - Received MCP request: tools/call (ID: 22)
2026-09-16 19:24:04,589 - mcp_server.main - INFO - Executing tool: list_project_errors
2026-09-16 19:24:04,700 - httpx - INFO - HTTP Request: GET https://design.integration.ap-singapore-1.ocp.oraclecloud.com/ic/api/integration/v1/monitoring/errors?q=%7BprojectCode+%3A+%27OUTL-BA-ODM_MDM%27%2C+timewindow+%3A+%271d%27%7D&integrationInstance=ap-ccs-oic-uat-axhknnpmgslz-si "HTTP/1.1 200 OK"
2026-09-16 19:24:04,722 - mcp_server.oic_client - INFO - HTTP request to /ic/api/integration/v1/monitoring/errors completed in 0.13s (Status: 200)
2026-09-16 19:24:04,731 - mcp_server.main - INFO - Tool list_project_errors executed successfully in 0.14s
2026-09-16 19:24:04,746 - mcp_server.main - INFO - Tool list_project_errors request completed in 0.16s total
2026-09-16 19:24:07,008 - mcp_server.main - INFO - Received MCP request: tools/call (ID: 23)
2026-09-16 19:24:07,009 - mcp_server.main - INFO - Executing tool: list_project_errors
2026-09-16 19:24:07,092 - httpx - INFO - HTTP Request: GET https://design.integration.ap-singapore-1.ocp.oraclecloud.com/ic/api/integration/v1/monitoring/errors?q=%7BprojectCode+%3A+%27ORCL-BA-MNT_OFS_SYNC%27%2C+timewindow+%3A+%271d%27%7D&integrationInstance=ap-ccs-oic-uat-axhknnpmgslz-si "HTTP/1.1 200 OK"
2026-09-16 19:24:07,094 - mcp_server.oic_client - INFO - HTTP request to /ic/api/integration/v1/monitoring/errors completed in 0.08s (Status: 200)
2026-09-16 19:24:07,094 - mcp_server.main - INFO - Tool list_project_errors executed successfully in 0.08s
2026-09-16 19:24:07,096 - mcp_server.main - INFO - Tool list_project_errors request completed in 0.09s total
2026-09-16 19:24:09,070 - mcp_server.main - INFO - Received MCP request: tools/call (ID: 24)
2026-09-16 19:24:09,071 - mcp_server.main - INFO - Executing tool: list_project_errors
2026-09-16 19:24:09,216 - httpx - INFO - HTTP Request: GET https://design.integration.ap-singapore-1.ocp.oraclecloud.com/ic/api/integration/v1/monitoring/errors?q=%7BprojectCode+%3A+%27ORCL-BA-B2BSVC_OFS_WO_SYNC%27%2C+timewindow+%3A+%271d%27%7D&integrationInstance=ap-ccs-oic-uat-axhknnpmgslz-si "HTTP/1.1 200 OK"
2026-09-16 19:24:09,217 - mcp_server.oic_client - INFO - HTTP request to /ic/api/integration/v1/monitoring/errors completed in 0.15s (Status: 200)
2026-09-16 19:24:09,217 - mcp_server.main - INFO - Tool list_project_errors executed successfully in 0.15s
2026-09-16 19:24:09,218 - mcp_server.main - INFO - Tool list_project_errors request completed in 0.15s total
2026-09-16 19:24:29,765 - mcp_server.main - INFO - Received MCP request: tools/call (ID: 25)
2026-09-16 19:24:41,066 - mcp_server.main - INFO - Executing tool: list_project_errors
2026-09-16 19:24:41,524 - httpx - INFO - HTTP Request: GET https://design.integration.ap-singapore-1.ocp.oraclecloud.com/ic/api/integration/v1/monitoring/errors?q=%7BprojectCode+%3A+%27APDU_WACS_OFSC%27%2C+timewindow+%3A+%271d%27%7D&limit=30&integrationInstance=ap-ccs-oic-uat-axhknnpmgslz-si "HTTP/1.1 200 OK"
2026-09-16 19:24:41,526 - mcp_server.oic_client - INFO - HTTP request to /ic/api/integration/v1/monitoring/errors completed in 0.46s (Status: 200)
2026-09-16 19:24:41,526 - mcp_server.main - INFO - Tool list_project_errors executed successfully in 0.46s
2026-09-16 19:24:41,528 - mcp_server.main - INFO - Tool list_project_errors request completed in 11.76s total
2026-09-16 19:25:13,672 - mcp_server.main - INFO - Received MCP request: tools/call (ID: 26)
2026-09-16 19:25:13,672 - mcp_server.main - INFO - Executing tool: list_project_errors
2026-09-16 19:25:14,167 - httpx - INFO - HTTP Request: GET https://design.integration.ap-singapore-1.ocp.oraclecloud.com/ic/api/integration/v1/monitoring/errors?q=%7BprojectCode+%3A+%27APDU_WACS_OFSC%27%2C+timewindow+%3A+%271d%27%7D&limit=3&integrationInstance=ap-ccs-oic-uat-axhknnpmgslz-si "HTTP/1.1 200 OK"
2026-09-16 19:25:14,171 - mcp_server.oic_client - INFO - HTTP request to /ic/api/integration/v1/monitoring/errors completed in 0.50s (Status: 200)
2026-09-16 19:25:14,171 - mcp_server.main - INFO - Tool list_project_errors executed successfully in 0.50s
2026-09-16 19:25:14,172 - mcp_server.main - INFO - Tool list_project_errors request completed in 0.50s total
2026-09-16 19:25:39,069 - mcp_server.main - INFO - Received MCP request: tools/call (ID: 27)
2026-09-16 19:25:39,070 - mcp_server.main - INFO - Executing tool: fetch_raw_path
2026-09-16 19:25:39,433 - httpx - INFO - HTTP Request: GET https://design.integration.ap-singapore-1.ocp.oraclecloud.com/ic/api/integration/v1/monitoring/errors?integrationInstance=ap-ccs-oic-uat-axhknnpmgslz-si "HTTP/1.1 200 OK"
2026-09-16 19:25:39,434 - mcp_server.oic_client - INFO - HTTP request to /ic/api/integration/v1/monitoring/errors?q=%7BprojectCode%20%3A%20%27APDU_WACS_OFSC%27%2C%20timewindow%20%3A%20%271d%27%7D&groupBy=integration completed in 0.36s (Status: 200)
2026-09-16 19:25:39,435 - mcp_server.main - INFO - Tool fetch_raw_path executed successfully in 0.36s
2026-09-16 19:25:39,436 - mcp_server.main - INFO - Tool fetch_raw_path request completed in 0.37s total
2026-09-16 19:25:41,432 - mcp_server.main - INFO - Received MCP request: tools/call (ID: 28)
2026-09-16 19:25:41,432 - mcp_server.main - INFO - Executing tool: fetch_raw_path
2026-09-16 19:25:41,572 - httpx - INFO - HTTP Request: GET https://design.integration.ap-singapore-1.ocp.oraclecloud.com/ic/api/integration/v1/monitoring/errors?integrationInstance=ap-ccs-oic-uat-axhknnpmgslz-si "HTTP/1.1 200 OK"
2026-09-16 19:25:41,573 - mcp_server.oic_client - INFO - HTTP request to /ic/api/integration/v1/monitoring/errors?q=%7BprojectCode%20%3A%20%27APDU_WACS_OFSC%27%2C%20timewindow%20%3A%20%271d%27%7D&groupBy=connection completed in 0.14s (Status: 200)
2026-09-16 19:25:41,574 - mcp_server.main - INFO - Tool fetch_raw_path executed successfully in 0.14s
2026-09-16 19:25:41,575 - mcp_server.main - INFO - Tool fetch_raw_path request completed in 0.14s total
2026-09-16 19:26:06,448 - mcp_server.main - INFO - Received MCP request: tools/call (ID: 29)
2026-09-16 19:26:06,448 - mcp_server.main - INFO - Executing tool: list_errors
2026-09-16 19:26:06,866 - httpx - INFO - HTTP Request: GET https://design.integration.ap-singapore-1.ocp.oraclecloud.com/ic/api/integration/v1/monitoring/errors?q=%7Btimewindow+%3A+%271d%27%7D&limit=2&integrationInstance=ap-ccs-oic-uat-axhknnpmgslz-si "HTTP/1.1 200 OK"
2026-09-16 19:26:06,870 - mcp_server.oic_client - INFO - HTTP request to /ic/api/integration/v1/monitoring/errors completed in 0.42s (Status: 200)
2026-09-16 19:26:06,871 - mcp_server.main - INFO - Tool list_errors executed successfully in 0.42s
2026-09-16 19:26:06,873 - mcp_server.main - INFO - Tool list_errors request completed in 0.43s total
2026-09-16 19:27:22,393 - mcp_server.main - INFO - Received MCP request: tools/call (ID: 30)
2026-09-16 19:27:34,379 - mcp_server.main - INFO - Executing tool: get_project_instance
2026-09-16 19:27:34,819 - httpx - INFO - HTTP Request: GET https://design.integration.ap-singapore-1.ocp.oraclecloud.com/ic/api/integration/v1/projects/APDU_WACS_OFSC/monitoring/instances/AU9sTLHCEfG8qw1Mz5tUNA?integrationInstance=ap-ccs-oic-uat-axhknnpmgslz-si "HTTP/1.1 404 Not Found"
2026-09-16 19:27:34,822 - mcp_server.oic_client - INFO - HTTP request to /ic/api/integration/v1/projects/APDU_WACS_OFSC/monitoring/instances/AU9sTLHCEfG8qw1Mz5tUNA completed in 0.44s (Status: 404)
2026-09-16 19:27:34,899 - httpx - INFO - HTTP Request: GET https://design.integration.ap-singapore-1.ocp.oraclecloud.com/ic/api/integration/v1/projects/APDU_WACS_OFSC/instances/AU9sTLHCEfG8qw1Mz5tUNA?integrationInstance=ap-ccs-oic-uat-axhknnpmgslz-si "HTTP/1.1 404 Not Found"
2026-09-16 19:27:34,903 - mcp_server.oic_client - INFO - HTTP request to /ic/api/integration/v1/projects/APDU_WACS_OFSC/instances/AU9sTLHCEfG8qw1Mz5tUNA completed in 0.08s (Status: 404)
2026-09-16 19:27:35,050 - httpx - INFO - HTTP Request: GET https://design.integration.ap-singapore-1.ocp.oraclecloud.com/ic/api/integration/v1/monitoring/instances/AU9sTLHCEfG8qw1Mz5tUNA?integrationInstance=ap-ccs-oic-uat-axhknnpmgslz-si "HTTP/1.1 200 OK"
2026-09-16 19:27:35,054 - mcp_server.oic_client - INFO - HTTP request to /ic/api/integration/v1/monitoring/instances/AU9sTLHCEfG8qw1Mz5tUNA completed in 0.15s (Status: 200)
2026-09-16 19:27:35,054 - mcp_server.main - INFO - Tool get_project_instance executed successfully in 0.67s
2026-09-16 19:27:35,056 - mcp_server.main - INFO - Tool get_project_instance request completed in 12.66s total
2026-09-16 19:27:49,168 - mcp_server.main - INFO - Received MCP request: tools/call (ID: 31)
2026-09-16 19:27:49,169 - mcp_server.main - INFO - Executing tool: list_project_errors
2026-09-16 19:27:49,455 - httpx - INFO - HTTP Request: GET https://design.integration.ap-singapore-1.ocp.oraclecloud.com/ic/api/integration/v1/monitoring/errors?q=%7BprojectCode+%3A+%27APDU_WACS_OFSC%27%2C+timewindow+%3A+%271h%27%7D&limit=1&integrationInstance=ap-ccs-oic-uat-axhknnpmgslz-si "HTTP/1.1 200 OK"
2026-09-16 19:27:49,457 - mcp_server.oic_client - INFO - HTTP request to /ic/api/integration/v1/monitoring/errors completed in 0.29s (Status: 200)
2026-09-16 19:27:49,458 - mcp_server.main - INFO - Tool list_project_errors executed successfully in 0.29s
2026-09-16 19:27:49,459 - mcp_server.main - INFO - Tool list_project_errors request completed in 0.29s total
2026-09-16 19:27:51,267 - mcp_server.main - INFO - Received MCP request: tools/call (ID: 32)
2026-09-16 19:27:51,267 - mcp_server.main - INFO - Executing tool: list_project_errors
2026-09-16 19:27:51,351 - httpx - INFO - HTTP Request: GET https://design.integration.ap-singapore-1.ocp.oraclecloud.com/ic/api/integration/v1/monitoring/errors?q=%7BprojectCode+%3A+%27APDU_WACS_OFSC%27%2C+timewindow+%3A+%271h%27%7D&limit=1&integrationInstance=ap-ccs-oic-uat-axhknnpmgslz-si "HTTP/1.1 200 OK"
2026-09-16 19:27:51,355 - mcp_server.oic_client - INFO - HTTP request to /ic/api/integration/v1/monitoring/errors completed in 0.09s (Status: 200)
2026-09-16 19:27:51,356 - mcp_server.main - INFO - Tool list_project_errors executed successfully in 0.09s
2026-09-16 19:27:51,357 - mcp_server.main - INFO - Tool list_project_errors request completed in 0.09s total
2026-09-16 19:27:53,402 - mcp_server.main - INFO - Received MCP request: tools/call (ID: 33)
2026-09-16 19:27:53,402 - mcp_server.main - INFO - Executing tool: list_project_errors
2026-09-16 19:27:53,482 - httpx - INFO - HTTP Request: GET https://design.integration.ap-singapore-1.ocp.oraclecloud.com/ic/api/integration/v1/monitoring/errors?q=%7BprojectCode+%3A+%27APDU_WACS_OFSC%27%2C+timewindow+%3A+%271h%27%7D&limit=1&integrationInstance=ap-ccs-oic-uat-axhknnpmgslz-si "HTTP/1.1 200 OK"
2026-09-16 19:27:53,483 - mcp_server.oic_client - INFO - HTTP request to /ic/api/integration/v1/monitoring/errors completed in 0.08s (Status: 200)
2026-09-16 19:27:53,484 - mcp_server.main - INFO - Tool list_project_errors executed successfully in 0.08s
2026-09-16 19:27:53,484 - mcp_server.main - INFO - Tool list_project_errors request completed in 0.08s total
2026-09-16 19:27:55,625 - mcp_server.main - INFO - Received MCP request: tools/call (ID: 34)
2026-09-16 19:27:55,626 - mcp_server.main - INFO - Executing tool: list_project_errors
2026-09-16 19:27:55,703 - httpx - INFO - HTTP Request: GET https://design.integration.ap-singapore-1.ocp.oraclecloud.com/ic/api/integration/v1/monitoring/errors?q=%7BprojectCode+%3A+%27APDU_WACS_OFSC%27%2C+timewindow+%3A+%271h%27%7D&limit=1&integrationInstance=ap-ccs-oic-uat-axhknnpmgslz-si "HTTP/1.1 200 OK"
2026-09-16 19:27:55,705 - mcp_server.oic_client - INFO - HTTP request to /ic/api/integration/v1/monitoring/errors completed in 0.08s (Status: 200)
2026-09-16 19:27:55,706 - mcp_server.main - INFO - Tool list_project_errors executed successfully in 0.08s
2026-09-16 19:27:55,707 - mcp_server.main - INFO - Tool list_project_errors request completed in 0.08s total
2026-09-16 19:27:57,455 - mcp_server.main - INFO - Received MCP request: tools/call (ID: 35)
2026-09-16 19:27:57,456 - mcp_server.main - INFO - Executing tool: list_project_errors
2026-09-16 19:27:57,534 - httpx - INFO - HTTP Request: GET https://design.integration.ap-singapore-1.ocp.oraclecloud.com/ic/api/integration/v1/monitoring/errors?q=%7BprojectCode+%3A+%27APDU_WACS_OFSC%27%2C+timewindow+%3A+%271h%27%7D&limit=1&integrationInstance=ap-ccs-oic-uat-axhknnpmgslz-si "HTTP/1.1 200 OK"
2026-09-16 19:27:57,536 - mcp_server.oic_client - INFO - HTTP request to /ic/api/integration/v1/monitoring/errors completed in 0.08s (Status: 200)
2026-09-16 19:27:57,537 - mcp_server.main - INFO - Tool list_project_errors executed successfully in 0.08s
2026-09-16 19:27:57,537 - mcp_server.main - INFO - Tool list_project_errors request completed in 0.08s total
2026-09-16 19:27:59,455 - mcp_server.main - INFO - Received MCP request: tools/call (ID: 36)
2026-09-16 19:27:59,455 - mcp_server.main - INFO - Executing tool: list_project_errors
2026-09-16 19:27:59,569 - httpx - INFO - HTTP Request: GET https://design.integration.ap-singapore-1.ocp.oraclecloud.com/ic/api/integration/v1/monitoring/errors?q=%7BprojectCode+%3A+%27APDU_WACS_OFSC%27%2C+timewindow+%3A+%271h%27%7D&limit=1&integrationInstance=ap-ccs-oic-uat-axhknnpmgslz-si "HTTP/1.1 200 OK"
2026-09-16 19:27:59,571 - mcp_server.oic_client - INFO - HTTP request to /ic/api/integration/v1/monitoring/errors completed in 0.11s (Status: 200)
2026-09-16 19:27:59,571 - mcp_server.main - INFO - Tool list_project_errors executed successfully in 0.11s
2026-09-16 19:27:59,573 - mcp_server.main - INFO - Tool list_project_errors request completed in 0.12s total
2026-09-16 19:29:16,304 - __main__ - INFO - Received MCP request: tools/call (ID: 2)
2026-09-16 19:29:16,304 - __main__ - INFO - Executing tool: list_projects
2026-09-16 19:29:16,305 - mcp_server.tools - INFO - Tool _call_list_projects called with params: {}
2026-09-16 19:29:16,615 - httpx - INFO - HTTP Request: GET https://ap-ccs-oic-uat-axhknnpmgslz-si.integration.ap-singapore-1.ocp.oraclecloud.com/ic/api/integration/v1/projects?integrationInstance=ap-ccswacs-oic-dev-axhknnpmgslz-si "HTTP/1.1 307 Temporary Redirect"
2026-09-16 19:29:17,063 - httpx - INFO - HTTP Request: GET https://design.integration.ap-singapore-1.ocp.oraclecloud.com/ic/api/integration/v1/projects?integrationInstance=ap-ccswacs-oic-dev-axhknnpmgslz-si&integrationInstance=ap-ccs-oic-uat-axhknnpmgslz-si "HTTP/1.1 200 OK"
2026-09-16 19:29:17,064 - mcp_server.oic_client - INFO - HTTP request to /ic/api/integration/v1/projects completed in 0.76s (Status: 200)
2026-09-16 19:29:17,065 - mcp_server.tools - INFO - Tool _call_list_projects completed in 0.76s
2026-09-16 19:29:17,066 - __main__ - INFO - Tool list_projects executed successfully in 0.76s
2026-09-16 19:29:17,067 - __main__ - INFO - Tool list_projects request completed in 0.76s total
2026-09-16 19:29:22,749 - mcp_server.main - INFO - Received MCP request: tools/call (ID: 37)
2026-09-16 19:29:22,750 - mcp_server.main - INFO - Executing tool: list_projects
2026-09-16 19:29:22,750 - mcp_server.tools - INFO - Tool _call_list_projects called with params: {}
2026-09-16 19:29:23,092 - httpx - INFO - HTTP Request: GET https://design.integration.ap-singapore-1.ocp.oraclecloud.com/ic/api/integration/v1/projects?integrationInstance=ap-ccs-oic-uat-axhknnpmgslz-si "HTTP/1.1 200 OK"
2026-09-16 19:29:23,094 - mcp_server.oic_client - INFO - HTTP request to /ic/api/integration/v1/projects completed in 0.34s (Status: 200)
2026-09-16 19:29:23,095 - mcp_server.tools - INFO - Tool _call_list_projects completed in 0.34s
2026-09-16 19:29:23,095 - mcp_server.main - INFO - Tool list_projects executed successfully in 0.34s
2026-09-16 19:29:23,096 - mcp_server.main - INFO - Tool list_projects request completed in 0.35s total
2026-09-16 19:30:19,425 - __main__ - INFO - Received MCP request: tools/call (ID: 3)
2026-09-16 19:30:19,426 - __main__ - INFO - Executing tool: list_errors
2026-09-16 19:30:19,659 - httpx - INFO - HTTP Request: GET https://ap-ccs-oic-uat-axhknnpmgslz-si.integration.ap-singapore-1.ocp.oraclecloud.com/ic/api/integration/v1/monitoring/errors?q=%7Btimewindow+%3A+%271d%27%7D&limit=50&integrationInstance=ap-ccswacs-oic-dev-axhknnpmgslz-si "HTTP/1.1 307 Temporary Redirect"
2026-09-16 19:30:20,226 - httpx - INFO - HTTP Request: GET https://design.integration.ap-singapore-1.ocp.oraclecloud.com/ic/api/integration/v1/monitoring/errors?q=%7Btimewindow+%3A+%271d%27%7D&limit=50&integrationInstance=ap-ccswacs-oic-dev-axhknnpmgslz-si&integrationInstance=ap-ccs-oic-uat-axhknnpmgslz-si "HTTP/1.1 200 OK"
2026-09-16 19:30:20,230 - mcp_server.oic_client - INFO - HTTP request to /ic/api/integration/v1/monitoring/errors completed in 0.80s (Status: 200)
2026-09-16 19:30:20,242 - __main__ - INFO - Tool list_errors executed successfully in 0.82s
2026-09-16 19:30:20,246 - __main__ - INFO - Tool list_errors request completed in 0.82s total
2026-09-16 19:30:24,141 - __main__ - INFO - Received MCP request: tools/call (ID: 4)
2026-09-16 19:30:24,141 - __main__ - INFO - Executing tool: list_instances
2026-09-16 19:30:24,205 - httpx - INFO - HTTP Request: GET https://ap-ccs-oic-uat-axhknnpmgslz-si.integration.ap-singapore-1.ocp.oraclecloud.com/ic/api/integration/v1/monitoring/instances?q=%7Btimewindow+%3A+%271d%27%7D&limit=200&integrationInstance=ap-ccswacs-oic-dev-axhknnpmgslz-si "HTTP/1.1 307 Temporary Redirect"
2026-09-16 19:30:24,372 - httpx - INFO - HTTP Request: GET https://design.integration.ap-singapore-1.ocp.oraclecloud.com/ic/api/integration/v1/monitoring/instances?q=%7Btimewindow+%3A+%271d%27%7D&limit=200&integrationInstance=ap-ccswacs-oic-dev-axhknnpmgslz-si&integrationInstance=ap-ccs-oic-uat-axhknnpmgslz-si "HTTP/1.1 400 Bad Request"
2026-09-16 19:30:24,374 - mcp_server.oic_client - INFO - HTTP request to /ic/api/integration/v1/monitoring/instances completed in 0.23s (Status: 400)
2026-09-16 19:30:24,375 - __main__ - ERROR - Tool list_instances failed after 0.23s: Client error '400 Bad Request' for url 'https://design.integration.ap-singapore-1.ocp.oraclecloud.com/ic/api/integration/v1/monitoring/instances?q=%7Btimewindow+%3A+%271d%27%7D&limit=200&integrationInstance=ap-ccswacs-oic-dev-axhknnpmgslz-si&integrationInstance=ap-ccs-oic-uat-axhknnpmgslz-si'
For more information check: https://developer.mozilla.org/en-US/docs/Web/HTTP/Status/400
2026-09-16 19:30:36,929 - __main__ - INFO - Received MCP request: tools/call (ID: 5)
2026-09-16 19:30:36,929 - __main__ - INFO - Executing tool: get_message_count_summary
2026-09-16 19:30:37,173 - httpx - INFO - HTTP Request: GET https://ap-ccs-oic-uat-axhknnpmgslz-si.integration.ap-singapore-1.ocp.oraclecloud.com/ic/api/integration/v1/monitoring/integrations/messages/summary?q=%7Btimewindow+%3A+%271d%27%7D&integrationInstance=ap-ccswacs-oic-dev-axhknnpmgslz-si "HTTP/1.1 307 Temporary Redirect"
2026-09-16 19:30:37,500 - httpx - INFO - HTTP Request: GET https://design.integration.ap-singapore-1.ocp.oraclecloud.com/ic/api/integration/v1/monitoring/integrations/messages/summary?q=%7Btimewindow+%3A+%271d%27%7D&integrationInstance=ap-ccswacs-oic-dev-axhknnpmgslz-si&integrationInstance=ap-ccs-oic-uat-axhknnpmgslz-si "HTTP/1.1 200 OK"
2026-09-16 19:30:37,502 - mcp_server.oic_client - INFO - HTTP request to /ic/api/integration/v1/monitoring/integrations/messages/summary completed in 0.57s (Status: 200)
2026-09-16 19:30:37,502 - __main__ - INFO - Tool get_message_count_summary executed successfully in 0.57s
2026-09-16 19:30:37,503 - __main__ - INFO - Tool get_message_count_summary request completed in 0.57s total
2026-09-16 19:30:47,030 - __main__ - INFO - Received MCP request: tools/call (ID: 6)
2026-09-16 19:30:47,030 - __main__ - INFO - Executing tool: list_activated_integrations
2026-09-16 19:30:47,031 - mcp_server.oic_client - INFO - Calling list_integrations - only_activated: True, limit: 100, page: None
2026-09-16 19:30:47,260 - httpx - INFO - HTTP Request: GET https://ap-ccs-oic-uat-axhknnpmgslz-si.integration.ap-singapore-1.ocp.oraclecloud.com/ic/api/integration/v1/integrations?onlyActivated=true&limit=100&integrationInstance=ap-ccswacs-oic-dev-axhknnpmgslz-si "HTTP/1.1 307 Temporary Redirect"
2026-09-16 19:30:47,584 - httpx - INFO - HTTP Request: GET https://design.integration.ap-singapore-1.ocp.oraclecloud.com/ic/api/integration/v1/integrations?onlyActivated=true&limit=100&integrationInstance=ap-ccswacs-oic-dev-axhknnpmgslz-si&integrationInstance=ap-ccs-oic-uat-axhknnpmgslz-si "HTTP/1.1 200 OK"
2026-09-16 19:30:47,585 - mcp_server.oic_client - INFO - HTTP request to /ic/api/integration/v1/integrations completed in 0.55s (Status: 200)
2026-09-16 19:30:47,585 - mcp_server.oic_client - INFO - list_integrations returned 0 items, total: 0, hasMore: False in 0.55s
2026-09-16 19:30:47,586 - __main__ - INFO - Tool list_activated_integrations executed successfully in 0.56s
2026-09-16 19:30:47,586 - __main__ - INFO - Tool list_activated_integrations request completed in 0.56s total
2026-09-16 19:30:50,795 - mcp_server.main - INFO - Received MCP request: tools/call (ID: 38)
2026-09-16 19:30:50,795 - mcp_server.main - INFO - Executing tool: list_errors
2026-09-16 19:30:51,212 - httpx - INFO - HTTP Request: GET https://design.integration.ap-singapore-1.ocp.oraclecloud.com/ic/api/integration/v1/monitoring/errors?q=%7Btimewindow+%3A+%271d%27%7D&limit=50&integrationInstance=ap-ccs-oic-uat-axhknnpmgslz-si "HTTP/1.1 200 OK"
2026-09-16 19:30:51,214 - mcp_server.oic_client - INFO - HTTP request to /ic/api/integration/v1/monitoring/errors completed in 0.42s (Status: 200)
2026-09-16 19:30:51,215 - mcp_server.main - INFO - Tool list_errors executed successfully in 0.42s
2026-09-16 19:30:51,217 - mcp_server.main - INFO - Tool list_errors request completed in 0.42s total
2026-09-16 19:30:54,494 - mcp_server.main - INFO - Received MCP request: tools/call (ID: 39)
2026-09-16 19:30:54,494 - mcp_server.main - INFO - Executing tool: list_instances
2026-09-16 19:30:54,651 - httpx - INFO - HTTP Request: GET https://design.integration.ap-singapore-1.ocp.oraclecloud.com/ic/api/integration/v1/monitoring/instances?q=%7Btimewindow+%3A+%271d%27%7D&limit=200&integrationInstance=ap-ccs-oic-uat-axhknnpmgslz-si "HTTP/1.1 400 Bad Request"
2026-09-16 19:30:54,653 - mcp_server.oic_client - INFO - HTTP request to /ic/api/integration/v1/monitoring/instances completed in 0.16s (Status: 400)
2026-09-16 19:30:54,653 - mcp_server.main - ERROR - Tool list_instances failed after 0.16s: Client error '400 Bad Request' for url 'https://design.integration.ap-singapore-1.ocp.oraclecloud.com/ic/api/integration/v1/monitoring/instances?q=%7Btimewindow+%3A+%271d%27%7D&limit=200&integrationInstance=ap-ccs-oic-uat-axhknnpmgslz-si'
For more information check: https://developer.mozilla.org/en-US/docs/Web/HTTP/Status/400
2026-09-16 19:30:57,476 - mcp_server.main - INFO - Received MCP request: tools/call (ID: 40)
2026-09-16 19:30:57,476 - mcp_server.main - INFO - Executing tool: get_message_count_summary
2026-09-16 19:30:57,704 - httpx - INFO - HTTP Request: GET https://design.integration.ap-singapore-1.ocp.oraclecloud.com/ic/api/integration/v1/monitoring/integrations/messages/summary?q=%7Btimewindow+%3A+%271d%27%7D&integrationInstance=ap-ccs-oic-uat-axhknnpmgslz-si "HTTP/1.1 200 OK"
2026-09-16 19:30:57,709 - mcp_server.oic_client - INFO - HTTP request to /ic/api/integration/v1/monitoring/integrations/messages/summary completed in 0.23s (Status: 200)
2026-09-16 19:30:57,709 - mcp_server.main - INFO - Tool get_message_count_summary executed successfully in 0.23s
2026-09-16 19:30:57,710 - mcp_server.main - INFO - Tool get_message_count_summary request completed in 0.23s total
2026-09-16 19:31:00,468 - mcp_server.main - INFO - Received MCP request: tools/call (ID: 41)
2026-09-16 19:31:00,469 - mcp_server.main - INFO - Executing tool: list_activated_integrations
2026-09-16 19:31:00,470 - mcp_server.oic_client - INFO - Calling list_integrations - only_activated: True, limit: 100, page: None
2026-09-16 19:31:00,812 - httpx - INFO - HTTP Request: GET https://design.integration.ap-singapore-1.ocp.oraclecloud.com/ic/api/integration/v1/integrations?onlyActivated=true&limit=100&integrationInstance=ap-ccs-oic-uat-axhknnpmgslz-si "HTTP/1.1 200 OK"
2026-09-16 19:31:00,814 - mcp_server.oic_client - INFO - HTTP request to /ic/api/integration/v1/integrations completed in 0.34s (Status: 200)
2026-09-16 19:31:00,816 - mcp_server.oic_client - INFO - list_integrations returned 63 items, total: 63, hasMore: False in 0.35s
2026-09-16 19:31:00,816 - mcp_server.main - INFO - Tool list_activated_integrations executed successfully in 0.35s
2026-09-16 19:31:00,820 - mcp_server.main - INFO - Tool list_activated_integrations request completed in 0.35s total
2026-09-16 19:31:32,269 - mcp_server.main - INFO - Received MCP request: tools/call (ID: 42)
2026-09-16 19:31:32,269 - mcp_server.main - INFO - Executing tool: list_errors
2026-09-16 19:31:32,786 - httpx - INFO - HTTP Request: GET https://design.integration.ap-singapore-1.ocp.oraclecloud.com/ic/api/integration/v1/monitoring/errors?q=%7Btimewindow+%3A+%271d%27%7D&limit=3&integrationInstance=ap-ccs-oic-uat-axhknnpmgslz-si "HTTP/1.1 200 OK"
2026-09-16 19:31:32,789 - mcp_server.oic_client - INFO - HTTP request to /ic/api/integration/v1/monitoring/errors completed in 0.52s (Status: 200)
2026-09-16 19:31:32,790 - mcp_server.main - INFO - Tool list_errors executed successfully in 0.52s
2026-09-16 19:31:32,791 - mcp_server.main - INFO - Tool list_errors request completed in 0.52s total
2026-09-16 19:42:24,041 - __main__ - INFO - Received MCP request: tools/call (ID: 7)
2026-09-16 19:42:24,041 - __main__ - INFO - Executing tool: list_errors
2026-09-16 19:42:24,285 - httpx - INFO - HTTP Request: GET https://ap-ccs-oic-uat-axhknnpmgslz-si.integration.ap-singapore-1.ocp.oraclecloud.com/ic/api/integration/v1/monitoring/errors?q=%7Btimewindow+%3A+%271d%27%7D&limit=10&integrationInstance=ap-ccswacs-oic-dev-axhknnpmgslz-si "HTTP/1.1 307 Temporary Redirect"
2026-09-16 19:42:24,816 - httpx - INFO - HTTP Request: GET https://design.integration.ap-singapore-1.ocp.oraclecloud.com/ic/api/integration/v1/monitoring/errors?q=%7Btimewindow+%3A+%271d%27%7D&limit=10&integrationInstance=ap-ccswacs-oic-dev-axhknnpmgslz-si&integrationInstance=ap-ccs-oic-uat-axhknnpmgslz-si "HTTP/1.1 200 OK"
2026-09-16 19:42:24,818 - mcp_server.oic_client - INFO - HTTP request to /ic/api/integration/v1/monitoring/errors completed in 0.78s (Status: 200)
2026-09-16 19:42:24,826 - __main__ - INFO - Tool list_errors executed successfully in 0.78s
2026-09-16 19:42:24,828 - __main__ - INFO - Tool list_errors request completed in 0.79s total
2026-09-16 19:42:26,865 - __main__ - INFO - Received MCP request: tools/call (ID: 8)
2026-09-16 19:42:26,865 - __main__ - INFO - Executing tool: get_message_count_summary
2026-09-16 19:42:26,932 - httpx - INFO - HTTP Request: GET https://ap-ccs-oic-uat-axhknnpmgslz-si.integration.ap-singapore-1.ocp.oraclecloud.com/ic/api/integration/v1/monitoring/integrations/messages/summary?q=%7Btimewindow+%3A+%271d%27%7D&integrationInstance=ap-ccswacs-oic-dev-axhknnpmgslz-si "HTTP/1.1 307 Temporary Redirect"
2026-09-16 19:42:27,061 - httpx - INFO - HTTP Request: GET https://design.integration.ap-singapore-1.ocp.oraclecloud.com/ic/api/integration/v1/monitoring/integrations/messages/summary?q=%7Btimewindow+%3A+%271d%27%7D&integrationInstance=ap-ccswacs-oic-dev-axhknnpmgslz-si&integrationInstance=ap-ccs-oic-uat-axhknnpmgslz-si "HTTP/1.1 200 OK"
2026-09-16 19:42:27,063 - mcp_server.oic_client - INFO - HTTP request to /ic/api/integration/v1/monitoring/integrations/messages/summary completed in 0.20s (Status: 200)
2026-09-16 19:42:27,063 - __main__ - INFO - Tool get_message_count_summary executed successfully in 0.20s
2026-09-16 19:42:27,064 - __main__ - INFO - Tool get_message_count_summary request completed in 0.20s total
2026-09-16 19:42:28,976 - mcp_server.main - INFO - Received MCP request: tools/call (ID: 43)
2026-09-16 19:42:28,976 - mcp_server.main - INFO - Executing tool: list_errors
2026-09-16 19:42:29,360 - httpx - INFO - HTTP Request: GET https://design.integration.ap-singapore-1.ocp.oraclecloud.com/ic/api/integration/v1/monitoring/errors?q=%7Btimewindow+%3A+%271d%27%7D&limit=10&integrationInstance=ap-ccs-oic-uat-axhknnpmgslz-si "HTTP/1.1 200 OK"
2026-09-16 19:42:29,361 - mcp_server.oic_client - INFO - HTTP request to /ic/api/integration/v1/monitoring/errors completed in 0.38s (Status: 200)
2026-09-16 19:42:29,362 - mcp_server.main - INFO - Tool list_errors executed successfully in 0.39s
2026-09-16 19:42:29,363 - mcp_server.main - INFO - Tool list_errors request completed in 0.39s total
2026-09-16 19:42:31,496 - mcp_server.main - INFO - Received MCP request: tools/call (ID: 44)
2026-09-16 19:42:31,496 - mcp_server.main - INFO - Executing tool: get_message_count_summary
2026-09-16 19:42:31,677 - httpx - INFO - HTTP Request: GET https://design.integration.ap-singapore-1.ocp.oraclecloud.com/ic/api/integration/v1/monitoring/integrations/messages/summary?q=%7Btimewindow+%3A+%271d%27%7D&integrationInstance=ap-ccs-oic-uat-axhknnpmgslz-si "HTTP/1.1 200 OK"
2026-09-16 19:42:31,679 - mcp_server.oic_client - INFO - HTTP request to /ic/api/integration/v1/monitoring/integrations/messages/summary completed in 0.18s (Status: 200)
2026-09-16 19:42:31,679 - mcp_server.main - INFO - Tool get_message_count_summary executed successfully in 0.18s
2026-09-16 19:42:31,680 - mcp_server.main - INFO - Tool get_message_count_summary request completed in 0.18s total
2026-09-16 19:42:40,528 - __main__ - INFO - Received MCP request: tools/call (ID: 9)
2026-09-16 19:42:40,530 - __main__ - INFO - Executing tool: list_errors
2026-09-16 19:42:40,894 - httpx - INFO - HTTP Request: GET https://ap-ccs-oic-uat-axhknnpmgslz-si.integration.ap-singapore-1.ocp.oraclecloud.com/ic/api/integration/v1/monitoring/errors?q=%7Btimewindow+%3A+%271d%27%7D&limit=6&integrationInstance=ap-ccswacs-oic-dev-axhknnpmgslz-si "HTTP/1.1 307 Temporary Redirect"
2026-09-16 19:42:41,418 - httpx - INFO - HTTP Request: GET https://design.integration.ap-singapore-1.ocp.oraclecloud.com/ic/api/integration/v1/monitoring/errors?q=%7Btimewindow+%3A+%271d%27%7D&limit=6&integrationInstance=ap-ccswacs-oic-dev-axhknnpmgslz-si&integrationInstance=ap-ccs-oic-uat-axhknnpmgslz-si "HTTP/1.1 200 OK"
2026-09-16 19:42:41,419 - mcp_server.oic_client - INFO - HTTP request to /ic/api/integration/v1/monitoring/errors completed in 0.87s (Status: 200)
2026-09-16 19:42:41,420 - __main__ - INFO - Tool list_errors executed successfully in 0.87s
2026-09-16 19:42:41,421 - __main__ - INFO - Tool list_errors request completed in 0.89s total
2026-09-16 19:42:43,368 - mcp_server.main - INFO - Received MCP request: tools/call (ID: 45)
2026-09-16 19:42:43,368 - mcp_server.main - INFO - Executing tool: list_errors
2026-09-16 19:42:43,782 - httpx - INFO - HTTP Request: GET https://design.integration.ap-singapore-1.ocp.oraclecloud.com/ic/api/integration/v1/monitoring/errors?q=%7Btimewindow+%3A+%271d%27%7D&limit=3&integrationInstance=ap-ccs-oic-uat-axhknnpmgslz-si "HTTP/1.1 200 OK"
2026-09-16 19:42:43,785 - mcp_server.oic_client - INFO - HTTP request to /ic/api/integration/v1/monitoring/errors completed in 0.42s (Status: 200)
2026-09-16 19:42:43,785 - mcp_server.main - INFO - Tool list_errors executed successfully in 0.42s
2026-09-16 19:42:43,787 - mcp_server.main - INFO - Tool list_errors request completed in 0.42s total
2026-09-16 19:44:50,352 - __main__ - INFO - Received MCP request: tools/call (ID: 10)
2026-09-16 19:44:50,353 - __main__ - INFO - Executing tool: get_error
2026-09-16 19:44:50,588 - httpx - INFO - HTTP Request: GET https://ap-ccs-oic-uat-axhknnpmgslz-si.integration.ap-singapore-1.ocp.oraclecloud.com/ic/api/integration/v1/monitoring/errors/YL2nNbHYEfGEwzfwYJoEuw?integrationInstance=ap-ccswacs-oic-dev-axhknnpmgslz-si "HTTP/1.1 307 Temporary Redirect"
2026-09-16 19:44:51,097 - httpx - INFO - HTTP Request: GET https://design.integration.ap-singapore-1.ocp.oraclecloud.com/ic/api/integration/v1/monitoring/errors/YL2nNbHYEfGEwzfwYJoEuw?integrationInstance=ap-ccswacs-oic-dev-axhknnpmgslz-si&integrationInstance=ap-ccs-oic-uat-axhknnpmgslz-si "HTTP/1.1 200 OK"
2026-09-16 19:44:51,099 - mcp_server.oic_client - INFO - HTTP request to /ic/api/integration/v1/monitoring/errors/YL2nNbHYEfGEwzfwYJoEuw completed in 0.75s (Status: 200)
2026-09-16 19:44:51,100 - __main__ - INFO - Tool get_error executed successfully in 0.75s
2026-09-16 19:44:51,100 - __main__ - INFO - Tool get_error request completed in 0.75s total
2026-09-16 19:45:03,594 - __main__ - INFO - Received MCP request: tools/call (ID: 11)
2026-09-16 19:45:03,594 - __main__ - INFO - Executing tool: get_error
2026-09-16 19:45:03,837 - httpx - INFO - HTTP Request: GET https://ap-ccs-oic-uat-axhknnpmgslz-si.integration.ap-singapore-1.ocp.oraclecloud.com/ic/api/integration/v1/monitoring/errors/5TCtqLG3EfGKSQ_xnFop9g?integrationInstance=ap-ccswacs-oic-dev-axhknnpmgslz-si "HTTP/1.1 307 Temporary Redirect"
2026-09-16 19:45:04,135 - httpx - INFO - HTTP Request: GET https://design.integration.ap-singapore-1.ocp.oraclecloud.com/ic/api/integration/v1/monitoring/errors/5TCtqLG3EfGKSQ_xnFop9g?integrationInstance=ap-ccswacs-oic-dev-axhknnpmgslz-si&integrationInstance=ap-ccs-oic-uat-axhknnpmgslz-si "HTTP/1.1 200 OK"
2026-09-16 19:45:04,136 - mcp_server.oic_client - INFO - HTTP request to /ic/api/integration/v1/monitoring/errors/5TCtqLG3EfGKSQ_xnFop9g completed in 0.54s (Status: 200)
2026-09-16 19:45:04,137 - __main__ - INFO - Tool get_error executed successfully in 0.54s
2026-09-16 19:45:04,138 - __main__ - INFO - Tool get_error request completed in 0.54s total
2026-09-16 19:45:05,944 - __main__ - INFO - Received MCP request: tools/call (ID: 12)
2026-09-16 19:45:05,945 - __main__ - INFO - Executing tool: get_error
2026-09-16 19:45:06,004 - httpx - INFO - HTTP Request: GET https://ap-ccs-oic-uat-axhknnpmgslz-si.integration.ap-singapore-1.ocp.oraclecloud.com/ic/api/integration/v1/monitoring/errors/qr9MnrGwEfGwSy-RLp9V4w?integrationInstance=ap-ccswacs-oic-dev-axhknnpmgslz-si "HTTP/1.1 307 Temporary Redirect"
2026-09-16 19:45:06,099 - httpx - INFO - HTTP Request: GET https://design.integration.ap-singapore-1.ocp.oraclecloud.com/ic/api/integration/v1/monitoring/errors/qr9MnrGwEfGwSy-RLp9V4w?integrationInstance=ap-ccswacs-oic-dev-axhknnpmgslz-si&integrationInstance=ap-ccs-oic-uat-axhknnpmgslz-si "HTTP/1.1 200 OK"
2026-09-16 19:45:06,103 - mcp_server.oic_client - INFO - HTTP request to /ic/api/integration/v1/monitoring/errors/qr9MnrGwEfGwSy-RLp9V4w completed in 0.16s (Status: 200)
2026-09-16 19:45:06,104 - __main__ - INFO - Tool get_error executed successfully in 0.16s
2026-09-16 19:45:06,105 - __main__ - INFO - Tool get_error request completed in 0.16s total
2026-09-16 19:45:08,047 - __main__ - INFO - Received MCP request: tools/call (ID: 13)
2026-09-16 19:45:08,048 - __main__ - INFO - Executing tool: get_error
2026-09-16 19:45:08,136 - httpx - INFO - HTTP Request: GET https://ap-ccs-oic-uat-axhknnpmgslz-si.integration.ap-singapore-1.ocp.oraclecloud.com/ic/api/integration/v1/monitoring/errors/bqupDLGwEfG_r-k7teTULA?integrationInstance=ap-ccswacs-oic-dev-axhknnpmgslz-si "HTTP/1.1 307 Temporary Redirect"
2026-09-16 19:45:08,239 - httpx - INFO - HTTP Request: GET https://design.integration.ap-singapore-1.ocp.oraclecloud.com/ic/api/integration/v1/monitoring/errors/bqupDLGwEfG_r-k7teTULA?integrationInstance=ap-ccswacs-oic-dev-axhknnpmgslz-si&integrationInstance=ap-ccs-oic-uat-axhknnpmgslz-si "HTTP/1.1 200 OK"
2026-09-16 19:45:08,242 - mcp_server.oic_client - INFO - HTTP request to /ic/api/integration/v1/monitoring/errors/bqupDLGwEfG_r-k7teTULA completed in 0.19s (Status: 200)
2026-09-16 19:45:08,243 - __main__ - INFO - Tool get_error executed successfully in 0.19s
2026-09-16 19:45:08,244 - __main__ - INFO - Tool get_error request completed in 0.20s total
2026-09-16 19:45:10,169 - mcp_server.main - INFO - Received MCP request: tools/call (ID: 46)
2026-09-16 19:45:10,170 - mcp_server.main - INFO - Executing tool: get_error
2026-09-16 19:45:10,567 - httpx - INFO - HTTP Request: GET https://design.integration.ap-singapore-1.ocp.oraclecloud.com/ic/api/integration/v1/monitoring/errors/T0wq9rHYEfGN3Hd-VMtdRQ?integrationInstance=ap-ccs-oic-uat-axhknnpmgslz-si "HTTP/1.1 200 OK"
2026-09-16 19:45:10,572 - mcp_server.oic_client - INFO - HTTP request to /ic/api/integration/v1/monitoring/errors/T0wq9rHYEfGN3Hd-VMtdRQ completed in 0.40s (Status: 200)
2026-09-16 19:45:10,572 - mcp_server.main - INFO - Tool get_error executed successfully in 0.40s
2026-09-16 19:45:10,574 - mcp_server.main - INFO - Tool get_error request completed in 0.40s total
2026-09-16 19:45:12,328 - mcp_server.main - INFO - Received MCP request: tools/call (ID: 47)
2026-09-16 19:45:12,328 - mcp_server.main - INFO - Executing tool: get_error
2026-09-16 19:45:12,424 - httpx - INFO - HTTP Request: GET https://design.integration.ap-singapore-1.ocp.oraclecloud.com/ic/api/integration/v1/monitoring/errors/ZoAccrHYEfGS0A8e4QsuCw?integrationInstance=ap-ccs-oic-uat-axhknnpmgslz-si "HTTP/1.1 200 OK"
2026-09-16 19:45:12,427 - mcp_server.oic_client - INFO - HTTP request to /ic/api/integration/v1/monitoring/errors/ZoAccrHYEfGS0A8e4QsuCw completed in 0.10s (Status: 200)
2026-09-16 19:45:12,428 - mcp_server.main - INFO - Tool get_error executed successfully in 0.10s
2026-09-16 19:45:12,429 - mcp_server.main - INFO - Tool get_error request completed in 0.10s total
2026-09-17 11:25:56,089 - __main__ - INFO - Received MCP request: tools/call (ID: 14)
2026-09-17 11:25:56,102 - __main__ - INFO - Executing tool: list_errors
2026-09-17 11:25:56,108 - mcp_server.oic_client - INFO - Fetching new OAuth token
2026-09-17 11:25:56,735 - httpx - INFO - HTTP Request: POST https://idcs-40ce518ee4354cb8b8a1f54926629fc0.identity.oraclecloud.com/oauth2/v1/token "HTTP/1.1 200 OK"
2026-09-17 11:25:56,740 - mcp_server.oic_client - INFO - OAuth token fetched successfully in 0.63s
2026-09-17 11:25:57,543 - httpx - INFO - HTTP Request: GET https://ap-ccs-oic-uat-axhknnpmgslz-si.integration.ap-singapore-1.ocp.oraclecloud.com/ic/api/integration/v1/monitoring/errors?q=%7Btimewindow+%3A+%271d%27%7D&limit=6&integrationInstance=ap-ccswacs-oic-dev-axhknnpmgslz-si "HTTP/1.1 307 Temporary Redirect"
2026-09-17 11:25:58,246 - httpx - INFO - HTTP Request: GET https://design.integration.ap-singapore-1.ocp.oraclecloud.com/ic/api/integration/v1/monitoring/errors?q=%7Btimewindow+%3A+%271d%27%7D&limit=6&integrationInstance=ap-ccswacs-oic-dev-axhknnpmgslz-si&integrationInstance=ap-ccs-oic-uat-axhknnpmgslz-si "HTTP/1.1 200 OK"
2026-09-17 11:25:58,252 - mcp_server.oic_client - INFO - HTTP request to /ic/api/integration/v1/monitoring/errors completed in 1.51s (Status: 200)
2026-09-17 11:25:58,260 - __main__ - INFO - Tool list_errors executed successfully in 2.16s
2026-09-17 11:25:58,266 - __main__ - INFO - Tool list_errors request completed in 2.19s total
2026-09-17 11:26:00,310 - __main__ - INFO - Received MCP request: tools/call (ID: 15)
2026-09-17 11:26:00,311 - __main__ - INFO - Executing tool: get_message_count_summary
2026-09-17 11:26:00,376 - httpx - INFO - HTTP Request: GET https://ap-ccs-oic-uat-axhknnpmgslz-si.integration.ap-singapore-1.ocp.oraclecloud.com/ic/api/integration/v1/monitoring/integrations/messages/summary?q=%7Btimewindow+%3A+%271d%27%7D&integrationInstance=ap-ccswacs-oic-dev-axhknnpmgslz-si "HTTP/1.1 307 Temporary Redirect"
2026-09-17 11:26:00,548 - httpx - INFO - HTTP Request: GET https://design.integration.ap-singapore-1.ocp.oraclecloud.com/ic/api/integration/v1/monitoring/integrations/messages/summary?q=%7Btimewindow+%3A+%271d%27%7D&integrationInstance=ap-ccswacs-oic-dev-axhknnpmgslz-si&integrationInstance=ap-ccs-oic-uat-axhknnpmgslz-si "HTTP/1.1 200 OK"
2026-09-17 11:26:00,555 - mcp_server.oic_client - INFO - HTTP request to /ic/api/integration/v1/monitoring/integrations/messages/summary completed in 0.24s (Status: 200)
2026-09-17 11:26:00,556 - __main__ - INFO - Tool get_message_count_summary executed successfully in 0.24s
2026-09-17 11:26:00,558 - __main__ - INFO - Tool get_message_count_summary request completed in 0.25s total
2026-09-17 11:26:02,444 - mcp_server.main - INFO - Received MCP request: tools/call (ID: 48)
2026-09-17 11:26:02,456 - mcp_server.main - INFO - Executing tool: list_errors
2026-09-17 11:26:02,464 - mcp_server.oic_client - INFO - Fetching new OAuth token
2026-09-17 11:26:02,769 - httpx - INFO - HTTP Request: POST https://idcs-40ce518ee4354cb8b8a1f54926629fc0.identity.oraclecloud.com/oauth2/v1/token "HTTP/1.1 200 OK"
2026-09-17 11:26:02,779 - mcp_server.oic_client - INFO - OAuth token fetched successfully in 0.31s
2026-09-17 11:26:03,465 - httpx - INFO - HTTP Request: GET https://design.integration.ap-singapore-1.ocp.oraclecloud.com/ic/api/integration/v1/monitoring/errors?q=%7Btimewindow+%3A+%271d%27%7D&limit=3&integrationInstance=ap-ccs-oic-uat-axhknnpmgslz-si "HTTP/1.1 200 OK"
2026-09-17 11:26:03,473 - mcp_server.oic_client - INFO - HTTP request to /ic/api/integration/v1/monitoring/errors completed in 0.69s (Status: 200)
2026-09-17 11:26:03,477 - mcp_server.main - INFO - Tool list_errors executed successfully in 1.02s
2026-09-17 11:26:03,487 - mcp_server.main - INFO - Tool list_errors request completed in 1.06s total
2026-09-17 11:26:05,338 - mcp_server.main - INFO - Received MCP request: tools/call (ID: 49)
2026-09-17 11:26:05,338 - mcp_server.main - INFO - Executing tool: get_message_count_summary
2026-09-17 11:26:05,631 - httpx - INFO - HTTP Request: GET https://design.integration.ap-singapore-1.ocp.oraclecloud.com/ic/api/integration/v1/monitoring/integrations/messages/summary?q=%7Btimewindow+%3A+%271d%27%7D&integrationInstance=ap-ccs-oic-uat-axhknnpmgslz-si "HTTP/1.1 200 OK"
2026-09-17 11:26:05,637 - mcp_server.oic_client - INFO - HTTP request to /ic/api/integration/v1/monitoring/integrations/messages/summary completed in 0.30s (Status: 200)
2026-09-17 11:26:05,637 - mcp_server.main - INFO - Tool get_message_count_summary executed successfully in 0.30s
2026-09-17 11:26:05,639 - mcp_server.main - INFO - Tool get_message_count_summary request completed in 0.30s total
2026-09-17 11:26:14,406 - __main__ - INFO - Received MCP request: tools/call (ID: 16)
2026-09-17 11:26:14,453 - __main__ - INFO - Executing tool: list_errors
2026-09-17 11:26:14,745 - httpx - INFO - HTTP Request: GET https://ap-ccs-oic-uat-axhknnpmgslz-si.integration.ap-singapore-1.ocp.oraclecloud.com/ic/api/integration/v1/monitoring/errors?q=%7Btimewindow+%3A+%271d%27%7D&limit=3&integrationInstance=ap-ccswacs-oic-dev-axhknnpmgslz-si "HTTP/1.1 307 Temporary Redirect"
2026-09-17 11:26:15,130 - httpx - INFO - HTTP Request: GET https://design.integration.ap-singapore-1.ocp.oraclecloud.com/ic/api/integration/v1/monitoring/errors?q=%7Btimewindow+%3A+%271d%27%7D&limit=3&integrationInstance=ap-ccswacs-oic-dev-axhknnpmgslz-si&integrationInstance=ap-ccs-oic-uat-axhknnpmgslz-si "HTTP/1.1 200 OK"
2026-09-17 11:26:15,137 - mcp_server.oic_client - INFO - HTTP request to /ic/api/integration/v1/monitoring/errors completed in 0.66s (Status: 200)
2026-09-17 11:26:15,139 - __main__ - INFO - Tool list_errors executed successfully in 0.66s
2026-09-17 11:26:15,142 - __main__ - INFO - Tool list_errors request completed in 0.74s total
2026-09-17 11:26:34,165 - __main__ - INFO - Received MCP request: tools/call (ID: 17)
2026-09-17 11:26:34,166 - __main__ - INFO - Executing tool: get_error
2026-09-17 11:26:34,425 - httpx - INFO - HTTP Request: GET https://ap-ccs-oic-uat-axhknnpmgslz-si.integration.ap-singapore-1.ocp.oraclecloud.com/ic/api/integration/v1/monitoring/errors/cHcntLJUEfGEwzfwYJoEuw?integrationInstance=ap-ccswacs-oic-dev-axhknnpmgslz-si "HTTP/1.1 307 Temporary Redirect"
2026-09-17 11:26:34,874 - httpx - INFO - HTTP Request: GET https://design.integration.ap-singapore-1.ocp.oraclecloud.com/ic/api/integration/v1/monitoring/errors/cHcntLJUEfGEwzfwYJoEuw?integrationInstance=ap-ccswacs-oic-dev-axhknnpmgslz-si&integrationInstance=ap-ccs-oic-uat-axhknnpmgslz-si "HTTP/1.1 200 OK"
2026-09-17 11:26:34,880 - mcp_server.oic_client - INFO - HTTP request to /ic/api/integration/v1/monitoring/errors/cHcntLJUEfGEwzfwYJoEuw completed in 0.71s (Status: 200)
2026-09-17 11:26:34,881 - __main__ - INFO - Tool get_error executed successfully in 0.71s
2026-09-17 11:26:34,885 - __main__ - INFO - Tool get_error request completed in 0.72s total
2026-09-17 11:26:39,367 - __main__ - INFO - Received MCP request: tools/call (ID: 18)
2026-09-17 11:26:39,367 - __main__ - INFO - Executing tool: get_error
2026-09-17 11:26:39,430 - httpx - INFO - HTTP Request: GET https://ap-ccs-oic-uat-axhknnpmgslz-si.integration.ap-singapore-1.ocp.oraclecloud.com/ic/api/integration/v1/monitoring/errors/PsTEK7HcEfGwSy-RLp9V4w?integrationInstance=ap-ccswacs-oic-dev-axhknnpmgslz-si "HTTP/1.1 307 Temporary Redirect"
2026-09-17 11:26:39,567 - httpx - INFO - HTTP Request: GET https://design.integration.ap-singapore-1.ocp.oraclecloud.com/ic/api/integration/v1/monitoring/errors/PsTEK7HcEfGwSy-RLp9V4w?integrationInstance=ap-ccswacs-oic-dev-axhknnpmgslz-si&integrationInstance=ap-ccs-oic-uat-axhknnpmgslz-si "HTTP/1.1 200 OK"
2026-09-17 11:26:39,571 - mcp_server.oic_client - INFO - HTTP request to /ic/api/integration/v1/monitoring/errors/PsTEK7HcEfGwSy-RLp9V4w completed in 0.20s (Status: 200)
2026-09-17 11:26:39,571 - __main__ - INFO - Tool get_error executed successfully in 0.20s
2026-09-17 11:26:39,573 - __main__ - INFO - Tool get_error request completed in 0.21s total
2026-09-17 11:26:42,328 - mcp_server.main - INFO - Received MCP request: tools/call (ID: 50)
2026-09-17 11:26:42,328 - mcp_server.main - INFO - Executing tool: get_error
2026-09-17 11:26:42,738 - httpx - INFO - HTTP Request: GET https://design.integration.ap-singapore-1.ocp.oraclecloud.com/ic/api/integration/v1/monitoring/errors/pzM-MrJaEfG8qw1Mz5tUNA?integrationInstance=ap-ccs-oic-uat-axhknnpmgslz-si "HTTP/1.1 200 OK"
2026-09-17 11:26:42,748 - mcp_server.oic_client - INFO - HTTP request to /ic/api/integration/v1/monitoring/errors/pzM-MrJaEfG8qw1Mz5tUNA completed in 0.42s (Status: 200)
2026-09-17 11:26:42,748 - mcp_server.main - INFO - Tool get_error executed successfully in 0.42s
2026-09-17 11:26:42,749 - mcp_server.main - INFO - Tool get_error request completed in 0.42s total
2026-09-17 11:26:45,010 - mcp_server.main - INFO - Received MCP request: tools/call (ID: 51)
2026-09-17 11:26:45,011 - mcp_server.main - INFO - Executing tool: get_error
2026-09-17 11:26:45,118 - httpx - INFO - HTTP Request: GET https://design.integration.ap-singapore-1.ocp.oraclecloud.com/ic/api/integration/v1/monitoring/errors/RO1tdLJZEfGrCBW9pHXaow?integrationInstance=ap-ccs-oic-uat-axhknnpmgslz-si "HTTP/1.1 200 OK"
2026-09-17 11:26:45,121 - mcp_server.oic_client - INFO - HTTP request to /ic/api/integration/v1/monitoring/errors/RO1tdLJZEfGrCBW9pHXaow completed in 0.11s (Status: 200)
2026-09-17 11:26:45,122 - mcp_server.main - INFO - Tool get_error executed successfully in 0.11s
2026-09-17 11:26:45,123 - mcp_server.main - INFO - Tool get_error request completed in 0.11s total
2026-09-17 11:26:47,003 - mcp_server.main - INFO - Received MCP request: tools/call (ID: 52)
2026-09-17 11:26:47,003 - mcp_server.main - INFO - Executing tool: get_error
2026-09-17 11:26:47,263 - httpx - INFO - HTTP Request: GET https://design.integration.ap-singapore-1.ocp.oraclecloud.com/ic/api/integration/v1/monitoring/errors/4CbHkbJYEfG8qw1Mz5tUNA?integrationInstance=ap-ccs-oic-uat-axhknnpmgslz-si "HTTP/1.1 200 OK"
2026-09-17 11:26:47,266 - mcp_server.oic_client - INFO - HTTP request to /ic/api/integration/v1/monitoring/errors/4CbHkbJYEfG8qw1Mz5tUNA completed in 0.26s (Status: 200)
2026-09-17 11:26:47,274 - mcp_server.main - INFO - Tool get_error executed successfully in 0.27s
2026-09-17 11:26:47,276 - mcp_server.main - INFO - Tool get_error request completed in 0.27s total
2026-09-17 12:37:12,330 - mcp_server.main - INFO - WebSocket connection disconnected
2026-09-17 12:37:12,337 - __main__ - INFO - WebSocket connection disconnected
2026-09-17 12:37:12,385 - __main__ - INFO - WebSocket connection disconnected
2026-09-17 12:37:12,422 - mcp_server.main - INFO - WebSocket connection disconnected
2026-09-17 12:37:26,712 - __main__ - INFO - WebSocket connection accepted (subprotocol='mcp')
2026-09-17 12:37:26,750 - __main__ - INFO - Received MCP request: initialize (ID: 0)
2026-09-17 12:37:26,753 - __main__ - INFO - Processing initialize request
2026-09-17 12:37:26,766 - mcp_server.main - INFO - WebSocket connection accepted (subprotocol='mcp')
2026-09-17 12:37:26,774 - __main__ - INFO - Received MCP request: notifications/initialized (ID: None)
2026-09-17 12:37:26,777 - __main__ - ERROR - Unknown method: notifications/initialized
2026-09-17 12:37:26,782 - __main__ - INFO - WebSocket connection accepted (subprotocol='mcp')
2026-09-17 12:37:26,790 - __main__ - INFO - Received MCP request: tools/list (ID: 1)
2026-09-17 12:37:26,790 - __main__ - INFO - Processing tools/list request
2026-09-17 12:37:26,801 - __main__ - INFO - Tools list request completed
2026-09-17 12:37:26,806 - __main__ - INFO - WebSocket connection disconnected
2026-09-17 12:37:26,812 - mcp_server.main - INFO - WebSocket connection accepted (subprotocol='mcp')
2026-09-17 12:37:26,820 - mcp_server.main - INFO - WebSocket connection disconnected
2026-09-17 12:37:26,835 - mcp_server.main - INFO - Received MCP request: initialize (ID: 0)
2026-09-17 12:37:26,862 - mcp_server.main - INFO - Processing initialize request
2026-09-17 12:37:26,864 - mcp_server.main - INFO - Initialize request completed
2026-09-17 12:37:26,866 - mcp_server.main - INFO - Received MCP request: notifications/initialized (ID: None)
2026-09-17 12:37:26,867 - mcp_server.main - ERROR - Unknown method: notifications/initialized
2026-09-17 12:37:26,869 - mcp_server.main - INFO - Received MCP request: tools/list (ID: 1)
2026-09-17 12:37:26,870 - mcp_server.main - INFO - Processing tools/list request
2026-09-17 12:37:26,881 - mcp_server.main - INFO - Tools list request completed
2026-09-17 12:37:27,920 - __main__ - INFO - WebSocket connection accepted (subprotocol='mcp')
2026-09-17 12:37:27,925 - mcp_server.main - INFO - WebSocket connection accepted (subprotocol='mcp')
2026-09-17 12:37:27,934 - __main__ - INFO - Received MCP request: initialize (ID: 0)
2026-09-17 12:37:27,934 - __main__ - INFO - Processing initialize request
2026-09-17 12:37:27,935 - __main__ - INFO - Initialize request completed
2026-09-17 12:37:27,938 - __main__ - INFO - Received MCP request: notifications/initialized (ID: None)
2026-09-17 12:37:27,938 - __main__ - ERROR - Unknown method: notifications/initialized
2026-09-17 12:37:27,938 - mcp_server.main - INFO - Received MCP request: initialize (ID: 0)
2026-09-17 12:37:27,939 - mcp_server.main - INFO - Processing initialize request
2026-09-17 12:37:27,939 - mcp_server.main - INFO - Initialize request completed
2026-09-17 12:37:27,966 - __main__ - INFO - Received MCP request: tools/list (ID: 1)
2026-09-17 12:37:27,967 - mcp_server.main - INFO - Received MCP request: notifications/initialized (ID: None)
2026-09-17 12:37:27,967 - __main__ - INFO - Processing tools/list request
2026-09-17 12:37:27,967 - mcp_server.main - ERROR - Unknown method: notifications/initialized
2026-09-17 12:37:27,971 - __main__ - INFO - Tools list request completed
2026-09-17 12:37:28,003 - mcp_server.main - INFO - Received MCP request: tools/list (ID: 1)
2026-09-17 12:37:28,004 - mcp_server.main - INFO - Processing tools/list request
2026-09-17 12:37:28,008 - mcp_server.main - INFO - Tools list request completed
2026-09-18 09:27:50,845 - __main__ - INFO - WebSocket connection disconnected
2026-09-18 09:27:51,415 - mcp_server.main - INFO - WebSocket connection disconnected
2026-09-18 09:27:51,662 - mcp_server.main - INFO - WebSocket connection disconnected
2026-09-18 09:27:52,047 - __main__ - INFO - WebSocket connection disconnected
2026-09-18 09:28:30,261 - __main__ - INFO - WebSocket connection accepted (subprotocol='mcp')
2026-09-18 09:28:30,264 - mcp_server.main - INFO - WebSocket connection accepted (subprotocol='mcp')
2026-09-18 09:28:30,314 - __main__ - INFO - Received MCP request: initialize (ID: 0)
2026-09-18 09:28:30,332 - __main__ - INFO - Processing initialize request
2026-09-18 09:28:30,342 - __main__ - INFO - Initialize request completed
2026-09-18 09:28:30,351 - __main__ - INFO - Received MCP request: notifications/initialized (ID: None)
2026-09-18 09:28:30,358 - mcp_server.main - INFO - Received MCP request: initialize (ID: 0)
2026-09-18 09:28:30,370 - __main__ - ERROR - Unknown method: notifications/initialized
2026-09-18 09:28:30,376 - __main__ - INFO - Received MCP request: tools/list (ID: 1)
2026-09-18 09:28:30,381 - mcp_server.main - INFO - Processing initialize request
2026-09-18 09:28:30,381 - __main__ - INFO - Processing tools/list request
2026-09-18 09:28:30,383 - mcp_server.main - INFO - Initialize request completed
2026-09-18 09:28:30,386 - mcp_server.main - INFO - Received MCP request: notifications/initialized (ID: None)
2026-09-18 09:28:30,388 - mcp_server.main - ERROR - Unknown method: notifications/initialized
2026-09-18 09:28:30,392 - mcp_server.main - INFO - Received MCP request: tools/list (ID: 1)
2026-09-18 09:28:30,392 - mcp_server.main - INFO - Processing tools/list request
2026-09-18 09:28:30,406 - mcp_server.main - INFO - Tools list request completed
2026-09-18 09:28:30,415 - __main__ - INFO - Tools list request completed
2026-09-18 09:28:31,862 - __main__ - INFO - WebSocket connection accepted (subprotocol='mcp')
2026-09-18 09:28:31,866 - mcp_server.main - INFO - WebSocket connection accepted (subprotocol='mcp')
2026-09-18 09:28:32,065 - __main__ - INFO - Received MCP request: initialize (ID: 0)
2026-09-18 09:28:32,068 - __main__ - INFO - Processing initialize request
2026-09-18 09:28:32,069 - __main__ - INFO - Initialize request completed
2026-09-18 09:28:32,079 - __main__ - INFO - Received MCP request: notifications/initialized (ID: None)
2026-09-18 09:28:32,082 - __main__ - ERROR - Unknown method: notifications/initialized
2026-09-18 09:28:32,099 - mcp_server.main - INFO - Received MCP request: initialize (ID: 0)
2026-09-18 09:28:32,128 - mcp_server.main - INFO - Processing initialize request
2026-09-18 09:28:32,130 - mcp_server.main - INFO - Initialize request completed
2026-09-18 09:28:32,139 - mcp_server.main - INFO - Received MCP request: notifications/initialized (ID: None)
2026-09-18 09:28:32,141 - mcp_server.main - ERROR - Unknown method: notifications/initialized
2026-09-18 09:28:32,145 - __main__ - INFO - Received MCP request: tools/list (ID: 1)
2026-09-18 09:28:32,179 - __main__ - INFO - Processing tools/list request
2026-09-18 09:28:32,194 - mcp_server.main - INFO - Received MCP request: tools/list (ID: 1)
2026-09-18 09:28:32,200 - mcp_server.main - INFO - Processing tools/list request
2026-09-18 09:28:32,208 - mcp_server.main - INFO - Tools list request completed
2026-09-18 09:28:32,311 - __main__ - INFO - Tools list request completed
2026-09-18 11:43:24,164 - __main__ - INFO - WebSocket connection disconnected
2026-09-18 11:43:24,269 - __main__ - INFO - WebSocket connection disconnected
2026-09-18 11:43:37,277 - mcp_server.main - INFO - WebSocket connection accepted (subprotocol='mcp')
2026-09-18 11:43:37,291 - mcp_server.main - INFO - WebSocket connection disconnected
2026-09-18 11:43:37,292 - __main__ - INFO - WebSocket connection accepted (subprotocol='mcp')
2026-09-18 11:43:37,366 - __main__ - INFO - WebSocket connection disconnected
2026-09-18 11:43:38,634 - mcp_server.main - INFO - WebSocket connection accepted (subprotocol='mcp')
2026-09-18 11:43:38,683 - mcp_server.main - INFO - Received MCP request: initialize (ID: 0)
2026-09-18 11:43:38,684 - mcp_server.main - INFO - Processing initialize request
2026-09-18 11:43:38,685 - mcp_server.main - INFO - Initialize request completed
2026-09-18 11:43:38,705 - __main__ - INFO - WebSocket connection accepted (subprotocol='mcp')
2026-09-18 11:43:38,722 - mcp_server.main - INFO - Received MCP request: notifications/initialized (ID: None)
2026-09-18 11:43:38,729 - mcp_server.main - ERROR - Unknown method: notifications/initialized
2026-09-18 11:43:38,731 - mcp_server.main - INFO - Received MCP request: tools/list (ID: 1)
2026-09-18 11:43:38,735 - mcp_server.main - INFO - Processing tools/list request
2026-09-18 11:43:38,743 - __main__ - INFO - Received MCP request: initialize (ID: 0)
2026-09-18 11:43:38,745 - mcp_server.main - INFO - Tools list request completed
2026-09-18 11:43:38,747 - __main__ - INFO - Processing initialize request
2026-09-18 11:43:38,748 - __main__ - INFO - Initialize request completed
2026-09-18 11:43:38,754 - __main__ - INFO - Received MCP request: notifications/initialized (ID: None)
2026-09-18 11:43:38,755 - __main__ - ERROR - Unknown method: notifications/initialized
2026-09-18 11:43:38,757 - __main__ - INFO - Received MCP request: tools/list (ID: 1)
2026-09-18 11:43:38,758 - __main__ - INFO - Processing tools/list request
2026-09-18 11:43:38,763 - __main__ - INFO - Tools list request completed
2026-09-18 11:43:39,159 - mcp_server.main - INFO - WebSocket connection accepted (subprotocol='mcp')
2026-09-18 11:43:39,167 - mcp_server.main - INFO - Received MCP request: initialize (ID: 0)
2026-09-18 11:43:39,167 - mcp_server.main - INFO - Processing initialize request
2026-09-18 11:43:39,167 - mcp_server.main - INFO - Initialize request completed
2026-09-18 11:43:39,171 - mcp_server.main - INFO - Received MCP request: notifications/initialized (ID: None)
2026-09-18 11:43:39,171 - mcp_server.main - ERROR - Unknown method: notifications/initialized
2026-09-18 11:43:39,176 - mcp_server.main - INFO - Received MCP request: tools/list (ID: 1)
2026-09-18 11:43:39,176 - mcp_server.main - INFO - Processing tools/list request
2026-09-18 11:43:39,178 - mcp_server.main - INFO - Tools list request completed
2026-09-18 11:43:39,192 - __main__ - INFO - WebSocket connection accepted (subprotocol='mcp')
2026-09-18 11:43:39,201 - __main__ - INFO - Received MCP request: initialize (ID: 0)
2026-09-18 11:43:39,201 - __main__ - INFO - Processing initialize request
2026-09-18 11:43:39,202 - __main__ - INFO - Initialize request completed
2026-09-18 11:43:39,204 - __main__ - INFO - Received MCP request: notifications/initialized (ID: None)
2026-09-18 11:43:39,205 - __main__ - ERROR - Unknown method: notifications/initialized
2026-09-18 11:43:39,207 - __main__ - INFO - Received MCP request: tools/list (ID: 1)
2026-09-18 11:43:39,208 - __main__ - INFO - Processing tools/list request
2026-09-18 11:43:39,211 - __main__ - INFO - Tools list request completed
2026-09-18 11:44:48,651 - mcp_server.main - INFO - Received MCP request: tools/call (ID: 2)
2026-09-18 11:44:48,652 - mcp_server.main - INFO - Executing tool: search_integrations_by_pattern
2026-09-18 11:44:48,652 - mcp_server.tools - INFO - Tool _call_search_integrations_by_pattern called with params: {'pattern': 'COSTESTI'}
2026-09-18 11:44:48,652 - mcp_server.tools - INFO - Starting search_integrations_by_pattern with pattern=COSTESTI, max_pages=50, per_page=100
2026-09-18 11:44:48,652 - mcp_server.oic_client - INFO - Searching integrations by pattern: COSTESTI
2026-09-18 11:44:48,653 - mcp_server.oic_client - INFO - Starting list_all_integrations - only_activated: None, max_pages: 50, per_page: 100
2026-09-18 11:44:49,326 - mcp_server.oic_client - INFO - Fetching new OAuth token
2026-09-18 11:44:49,692 - httpx - INFO - HTTP Request: POST https://idcs-40ce518ee4354cb8b8a1f54926629fc0.identity.oraclecloud.com/oauth2/v1/token "HTTP/1.1 200 OK"
2026-09-18 11:44:49,696 - mcp_server.oic_client - INFO - OAuth token fetched successfully in 0.37s
2026-09-18 11:44:50,185 - httpx - INFO - HTTP Request: GET https://design.integration.ap-singapore-1.ocp.oraclecloud.com/ic/api/integration/v1/projects?limit=100&integrationInstance=ap-ccs-oic-uat-axhknnpmgslz-si "HTTP/1.1 200 OK"
2026-09-18 11:44:50,187 - mcp_server.oic_client - INFO - HTTP request to /ic/api/integration/v1/projects completed in 0.49s (Status: 200)
2026-09-18 11:44:50,505 - httpx - INFO - HTTP Request: GET https://design.integration.ap-singapore-1.ocp.oraclecloud.com/ic/api/integration/v1/projects/APDU_WACS_DXI_GIS/integrations?limit=100&integrationInstance=ap-ccs-oic-uat-axhknnpmgslz-si "HTTP/1.1 200 OK"
2026-09-18 11:44:50,509 - mcp_server.oic_client - INFO - HTTP request to /ic/api/integration/v1/projects/APDU_WACS_DXI_GIS/integrations completed in 0.32s (Status: 200)
2026-09-18 11:44:51,216 - httpx - INFO - HTTP Request: GET https://design.integration.ap-singapore-1.ocp.oraclecloud.com/ic/api/integration/v1/projects/APDU_WACS_OFSC/integrations?limit=100&integrationInstance=ap-ccs-oic-uat-axhknnpmgslz-si "HTTP/1.1 200 OK"
2026-09-18 11:44:51,223 - mcp_server.oic_client - INFO - HTTP request to /ic/api/integration/v1/projects/APDU_WACS_OFSC/integrations completed in 0.71s (Status: 200)
2026-09-18 11:44:51,421 - httpx - INFO - HTTP Request: GET https://design.integration.ap-singapore-1.ocp.oraclecloud.com/ic/api/integration/v1/projects/APDU_WACS_COMMON/integrations?limit=100&integrationInstance=ap-ccs-oic-uat-axhknnpmgslz-si "HTTP/1.1 200 OK"
2026-09-18 11:44:51,424 - mcp_server.oic_client - INFO - HTTP request to /ic/api/integration/v1/projects/APDU_WACS_COMMON/integrations completed in 0.19s (Status: 200)
2026-09-18 11:44:51,583 - httpx - INFO - HTTP Request: GET https://design.integration.ap-singapore-1.ocp.oraclecloud.com/ic/api/integration/v1/projects/ZZ_TEST/integrations?limit=100&integrationInstance=ap-ccs-oic-uat-axhknnpmgslz-si "HTTP/1.1 200 OK"
2026-09-18 11:44:51,586 - mcp_server.oic_client - INFO - HTTP request to /ic/api/integration/v1/projects/ZZ_TEST/integrations completed in 0.16s (Status: 200)
2026-09-18 11:44:51,889 - httpx - INFO - HTTP Request: GET https://design.integration.ap-singapore-1.ocp.oraclecloud.com/ic/api/integration/v1/projects/OUTL-BA-ODM_MDM/integrations?limit=100&integrationInstance=ap-ccs-oic-uat-axhknnpmgslz-si "HTTP/1.1 200 OK"
2026-09-18 11:44:51,895 - mcp_server.oic_client - INFO - HTTP request to /ic/api/integration/v1/projects/OUTL-BA-ODM_MDM/integrations completed in 0.31s (Status: 200)
2026-09-18 11:44:52,530 - httpx - INFO - HTTP Request: GET https://design.integration.ap-singapore-1.ocp.oraclecloud.com/ic/api/integration/v1/projects/ORCL-BA-MNT_OFS_SYNC/integrations?limit=100&integrationInstance=ap-ccs-oic-uat-axhknnpmgslz-si "HTTP/1.1 200 OK"
2026-09-18 11:44:52,536 - mcp_server.oic_client - INFO - HTTP request to /ic/api/integration/v1/projects/ORCL-BA-MNT_OFS_SYNC/integrations completed in 0.64s (Status: 200)
2026-09-18 11:44:52,777 - httpx - INFO - HTTP Request: GET https://design.integration.ap-singapore-1.ocp.oraclecloud.com/ic/api/integration/v1/projects/ORCL-BA-B2BSVC_OFS_WO_SYNC/integrations?limit=100&integrationInstance=ap-ccs-oic-uat-axhknnpmgslz-si "HTTP/1.1 200 OK"
2026-09-18 11:44:52,780 - mcp_server.oic_client - INFO - HTTP request to /ic/api/integration/v1/projects/ORCL-BA-B2BSVC_OFS_WO_SYNC/integrations completed in 0.24s (Status: 200)
2026-09-18 11:44:52,781 - mcp_server.oic_client - INFO - Calling list_integrations - only_activated: None, limit: None, page: None
2026-09-18 11:44:53,065 - httpx - INFO - HTTP Request: GET https://design.integration.ap-singapore-1.ocp.oraclecloud.com/ic/api/integration/v1/integrations?integrationInstance=ap-ccs-oic-uat-axhknnpmgslz-si "HTTP/1.1 200 OK"
2026-09-18 11:44:53,067 - mcp_server.oic_client - INFO - HTTP request to /ic/api/integration/v1/integrations completed in 0.29s (Status: 200)
2026-09-18 11:44:53,069 - mcp_server.oic_client - INFO - list_integrations returned 63 items, total: 63, hasMore: False in 0.29s
2026-09-18 11:44:53,070 - mcp_server.oic_client - INFO - Fetching page 1/50
2026-09-18 11:44:53,071 - mcp_server.oic_client - INFO - Calling list_integrations - only_activated: None, limit: 100, page: 1
2026-09-18 11:44:53,371 - httpx - INFO - HTTP Request: GET https://design.integration.ap-singapore-1.ocp.oraclecloud.com/ic/api/integration/v1/integrations?limit=100&page=1&integrationInstance=ap-ccs-oic-uat-axhknnpmgslz-si "HTTP/1.1 200 OK"
2026-09-18 11:44:53,373 - mcp_server.oic_client - INFO - HTTP request to /ic/api/integration/v1/integrations completed in 0.30s (Status: 200)
2026-09-18 11:44:53,375 - mcp_server.oic_client - INFO - list_integrations returned 63 items, total: 63, hasMore: False in 0.30s
2026-09-18 11:44:53,376 - mcp_server.oic_client - INFO - Page 1: API returned 63 items, totalResults: 63, hasMore: False
2026-09-18 11:44:53,376 - mcp_server.oic_client - INFO - Page 1: found 63 items, 0 new unique, total so far: 168 in 0.31s
2026-09-18 11:44:53,377 - mcp_server.oic_client - INFO - No new unique integrations on page 1. Consecutive empty pages: 1
2026-09-18 11:44:53,377 - mcp_server.oic_client - INFO - Reached total results limit: 168 >= 63
2026-09-18 11:44:53,378 - mcp_server.oic_client - INFO - list_all_integrations completed: fetched 168 unique integrations from 0 pages in 4.72s
2026-09-18 11:44:53,379 - mcp_server.oic_client - INFO - Pattern search 'COSTESTI' found 3 matches out of 168 total integrations
2026-09-18 11:44:53,380 - mcp_server.tools - INFO - Tool _call_search_integrations_by_pattern completed in 4.73s - returned 3 integrations
2026-09-18 11:44:53,381 - mcp_server.main - INFO - Tool search_integrations_by_pattern executed successfully in 4.73s
2026-09-18 11:44:53,387 - mcp_server.main - INFO - Tool search_integrations_by_pattern request completed in 4.74s total
2026-09-18 11:44:59,765 - mcp_server.main - INFO - Received MCP request: tools/call (ID: 3)
2026-09-18 11:44:59,766 - mcp_server.main - INFO - Executing tool: deep_flow_outline
2026-09-18 11:44:59,767 - mcp_server.oic_client - INFO - Getting integration: APDU_DXI_WACS_COSTESTI, version: 01.00.0010
2026-09-18 11:45:00,081 - httpx - INFO - HTTP Request: GET https://design.integration.ap-singapore-1.ocp.oraclecloud.com/ic/api/integration/v1/integrations/APDU_DXI_WACS_COSTESTI%7C01.00.0010?integrationInstance=ap-ccs-oic-uat-axhknnpmgslz-si "HTTP/1.1 404 Not Found"
2026-09-18 11:45:00,084 - mcp_server.oic_client - INFO - HTTP request to /ic/api/integration/v1/integrations/APDU_DXI_WACS_COSTESTI%7C01.00.0010 completed in 0.31s (Status: 404)
2026-09-18 11:45:00,084 - mcp_server.main - ERROR - Tool deep_flow_outline failed after 0.32s: Client error '404 Not Found' for url 'https://design.integration.ap-singapore-1.ocp.oraclecloud.com/ic/api/integration/v1/integrations/APDU_DXI_WACS_COSTESTI%7C01.00.0010?integrationInstance=ap-ccs-oic-uat-axhknnpmgslz-si'
For more information check: https://developer.mozilla.org/en-US/docs/Web/HTTP/Status/404
2026-09-18 11:45:08,394 - mcp_server.main - INFO - Received MCP request: tools/call (ID: 4)
2026-09-18 11:45:08,395 - mcp_server.main - INFO - Executing tool: deep_flow_outline
2026-09-18 11:45:08,396 - mcp_server.oic_client - INFO - Getting integration: APDU_DXI_WACS_COSTESTI, version: None
2026-09-18 11:45:08,398 - mcp_server.oic_client - INFO - Resolving latest version for code: APDU_DXI_WACS_COSTESTI
2026-09-18 11:45:08,398 - mcp_server.oic_client - INFO - Starting list_all_integrations - only_activated: None, max_pages: 50, per_page: 100
2026-09-18 11:45:08,707 - httpx - INFO - HTTP Request: GET https://design.integration.ap-singapore-1.ocp.oraclecloud.com/ic/api/integration/v1/projects?limit=100&integrationInstance=ap-ccs-oic-uat-axhknnpmgslz-si "HTTP/1.1 200 OK"
2026-09-18 11:45:08,709 - mcp_server.oic_client - INFO - HTTP request to /ic/api/integration/v1/projects completed in 0.31s (Status: 200)
2026-09-18 11:45:08,928 - httpx - INFO - HTTP Request: GET https://design.integration.ap-singapore-1.ocp.oraclecloud.com/ic/api/integration/v1/projects/APDU_WACS_DXI_GIS/integrations?limit=100&integrationInstance=ap-ccs-oic-uat-axhknnpmgslz-si "HTTP/1.1 200 OK"
2026-09-18 11:45:08,929 - mcp_server.oic_client - INFO - HTTP request to /ic/api/integration/v1/projects/APDU_WACS_DXI_GIS/integrations completed in 0.22s (Status: 200)
2026-09-18 11:45:09,619 - httpx - INFO - HTTP Request: GET https://design.integration.ap-singapore-1.ocp.oraclecloud.com/ic/api/integration/v1/projects/APDU_WACS_OFSC/integrations?limit=100&integrationInstance=ap-ccs-oic-uat-axhknnpmgslz-si "HTTP/1.1 200 OK"
2026-09-18 11:45:09,624 - mcp_server.oic_client - INFO - HTTP request to /ic/api/integration/v1/projects/APDU_WACS_OFSC/integrations completed in 0.69s (Status: 200)
2026-09-18 11:45:09,812 - httpx - INFO - HTTP Request: GET https://design.integration.ap-singapore-1.ocp.oraclecloud.com/ic/api/integration/v1/projects/APDU_WACS_COMMON/integrations?limit=100&integrationInstance=ap-ccs-oic-uat-axhknnpmgslz-si "HTTP/1.1 200 OK"
2026-09-18 11:45:09,815 - mcp_server.oic_client - INFO - HTTP request to /ic/api/integration/v1/projects/APDU_WACS_COMMON/integrations completed in 0.18s (Status: 200)
2026-09-18 11:45:09,899 - httpx - INFO - HTTP Request: GET https://design.integration.ap-singapore-1.ocp.oraclecloud.com/ic/api/integration/v1/projects/ZZ_TEST/integrations?limit=100&integrationInstance=ap-ccs-oic-uat-axhknnpmgslz-si "HTTP/1.1 200 OK"
2026-09-18 11:45:09,901 - mcp_server.oic_client - INFO - HTTP request to /ic/api/integration/v1/projects/ZZ_TEST/integrations completed in 0.09s (Status: 200)
2026-09-18 11:45:10,027 - httpx - INFO - HTTP Request: GET https://design.integration.ap-singapore-1.ocp.oraclecloud.com/ic/api/integration/v1/projects/OUTL-BA-ODM_MDM/integrations?limit=100&integrationInstance=ap-ccs-oic-uat-axhknnpmgslz-si "HTTP/1.1 200 OK"
2026-09-18 11:45:10,029 - mcp_server.oic_client - INFO - HTTP request to /ic/api/integration/v1/projects/OUTL-BA-ODM_MDM/integrations completed in 0.13s (Status: 200)
2026-09-18 11:45:10,600 - httpx - INFO - HTTP Request: GET https://design.integration.ap-singapore-1.ocp.oraclecloud.com/ic/api/integration/v1/projects/ORCL-BA-MNT_OFS_SYNC/integrations?limit=100&integrationInstance=ap-ccs-oic-uat-axhknnpmgslz-si "HTTP/1.1 200 OK"
2026-09-18 11:45:10,604 - mcp_server.oic_client - INFO - HTTP request to /ic/api/integration/v1/projects/ORCL-BA-MNT_OFS_SYNC/integrations completed in 0.57s (Status: 200)
2026-09-18 11:45:10,754 - httpx - INFO - HTTP Request: GET https://design.integration.ap-singapore-1.ocp.oraclecloud.com/ic/api/integration/v1/projects/ORCL-BA-B2BSVC_OFS_WO_SYNC/integrations?limit=100&integrationInstance=ap-ccs-oic-uat-axhknnpmgslz-si "HTTP/1.1 200 OK"
2026-09-18 11:45:10,757 - mcp_server.oic_client - INFO - HTTP request to /ic/api/integration/v1/projects/ORCL-BA-B2BSVC_OFS_WO_SYNC/integrations completed in 0.14s (Status: 200)
2026-09-18 11:45:10,758 - mcp_server.oic_client - INFO - Calling list_integrations - only_activated: None, limit: None, page: None
2026-09-18 11:45:11,011 - httpx - INFO - HTTP Request: GET https://design.integration.ap-singapore-1.ocp.oraclecloud.com/ic/api/integration/v1/integrations?integrationInstance=ap-ccs-oic-uat-axhknnpmgslz-si "HTTP/1.1 200 OK"
2026-09-18 11:45:11,014 - mcp_server.oic_client - INFO - HTTP request to /ic/api/integration/v1/integrations completed in 0.26s (Status: 200)
2026-09-18 11:45:11,017 - mcp_server.oic_client - INFO - list_integrations returned 63 items, total: 63, hasMore: False in 0.26s
2026-09-18 11:45:11,018 - mcp_server.oic_client - INFO - Fetching page 1/50
2026-09-18 11:45:11,018 - mcp_server.oic_client - INFO - Calling list_integrations - only_activated: None, limit: 100, page: 1
2026-09-18 11:45:11,242 - httpx - INFO - HTTP Request: GET https://design.integration.ap-singapore-1.ocp.oraclecloud.com/ic/api/integration/v1/integrations?limit=100&page=1&integrationInstance=ap-ccs-oic-uat-axhknnpmgslz-si "HTTP/1.1 200 OK"
2026-09-18 11:45:11,245 - mcp_server.oic_client - INFO - HTTP request to /ic/api/integration/v1/integrations completed in 0.23s (Status: 200)
2026-09-18 11:45:11,247 - mcp_server.oic_client - INFO - list_integrations returned 63 items, total: 63, hasMore: False in 0.23s
2026-09-18 11:45:11,247 - mcp_server.oic_client - INFO - Page 1: API returned 63 items, totalResults: 63, hasMore: False
2026-09-18 11:45:11,248 - mcp_server.oic_client - INFO - Page 1: found 63 items, 0 new unique, total so far: 168 in 0.23s
2026-09-18 11:45:11,248 - mcp_server.oic_client - INFO - No new unique integrations on page 1. Consecutive empty pages: 1
2026-09-18 11:45:11,248 - mcp_server.oic_client - INFO - Reached total results limit: 168 >= 63
2026-09-18 11:45:11,249 - mcp_server.oic_client - INFO - list_all_integrations completed: fetched 168 unique integrations from 0 pages in 2.85s
2026-09-18 11:45:11,250 - mcp_server.oic_client - INFO - Found latest version for APDU_DXI_WACS_COSTESTI: 01.00.0010 in 2.85s
2026-09-18 11:45:11,364 - httpx - INFO - HTTP Request: GET https://design.integration.ap-singapore-1.ocp.oraclecloud.com/ic/api/integration/v1/integrations/APDU_DXI_WACS_COSTESTI%7C01.00.0010?integrationInstance=ap-ccs-oic-uat-axhknnpmgslz-si "HTTP/1.1 404 Not Found"
2026-09-18 11:45:11,368 - mcp_server.oic_client - INFO - HTTP request to /ic/api/integration/v1/integrations/APDU_DXI_WACS_COSTESTI%7C01.00.0010 completed in 0.12s (Status: 404)
2026-09-18 11:45:11,369 - mcp_server.main - ERROR - Tool deep_flow_outline failed after 2.97s: Client error '404 Not Found' for url 'https://design.integration.ap-singapore-1.ocp.oraclecloud.com/ic/api/integration/v1/integrations/APDU_DXI_WACS_COSTESTI%7C01.00.0010?integrationInstance=ap-ccs-oic-uat-axhknnpmgslz-si'
For more information check: https://developer.mozilla.org/en-US/docs/Web/HTTP/Status/404
2026-09-18 11:45:16,976 - mcp_server.main - INFO - Received MCP request: tools/call (ID: 5)
2026-09-18 11:45:16,977 - mcp_server.main - INFO - Executing tool: get_integration_simple
2026-09-18 11:45:16,978 - mcp_server.tools - INFO - Tool _call_get_integration_simple called with params: {'identifier': 'APDU_DXI_WACS_COSTESTI'}
2026-09-18 11:45:17,263 - httpx - INFO - HTTP Request: GET https://design.integration.ap-singapore-1.ocp.oraclecloud.com/ic/api/integration/v1/integrations/APDU_DXI_WACS_COSTESTI?integrationInstance=ap-ccs-oic-uat-axhknnpmgslz-si "HTTP/1.1 404 Not Found"
2026-09-18 11:45:17,265 - mcp_server.oic_client - INFO - HTTP request to /ic/api/integration/v1/integrations/APDU_DXI_WACS_COSTESTI completed in 0.28s (Status: 404)
2026-09-18 11:45:17,265 - mcp_server.main - ERROR - Tool get_integration_simple failed after 0.29s: Client error '404 Not Found' for url 'https://design.integration.ap-singapore-1.ocp.oraclecloud.com/ic/api/integration/v1/integrations/APDU_DXI_WACS_COSTESTI?integrationInstance=ap-ccs-oic-uat-axhknnpmgslz-si'
For more information check: https://developer.mozilla.org/en-US/docs/Web/HTTP/Status/404
2026-09-18 11:45:24,854 - mcp_server.main - INFO - Received MCP request: tools/call (ID: 6)
2026-09-18 11:45:24,855 - mcp_server.main - INFO - Executing tool: get_project_integration
2026-09-18 11:45:25,943 - httpx - INFO - HTTP Request: GET https://design.integration.ap-singapore-1.ocp.oraclecloud.com/ic/api/integration/v1/projects/APDU_WACS_DXI_GIS/integrations/APDU_DXI_WACS_COSTESTI%7C01.00.0010?integrationInstance=ap-ccs-oic-uat-axhknnpmgslz-si "HTTP/1.1 200 OK"
2026-09-18 11:45:25,945 - mcp_server.oic_client - INFO - HTTP request to /ic/api/integration/v1/projects/APDU_WACS_DXI_GIS/integrations/APDU_DXI_WACS_COSTESTI%7C01.00.0010 completed in 1.09s (Status: 200)
2026-09-18 11:45:25,945 - mcp_server.main - INFO - Tool get_project_integration executed successfully in 1.09s
2026-09-18 11:45:25,947 - mcp_server.main - INFO - Tool get_project_integration request completed in 1.09s total
2026-09-18 11:45:37,445 - mcp_server.main - INFO - Received MCP request: tools/call (ID: 7)
2026-09-18 11:45:37,446 - mcp_server.main - INFO - Executing tool: export_integration
2026-09-18 11:45:37,752 - httpx - INFO - HTTP Request: GET https://design.integration.ap-singapore-1.ocp.oraclecloud.com/ic/api/integration/v1/integrations/APDU_DXI_WACS_COSTESTI%7C01.00.0010/archive?integrationInstance=ap-ccs-oic-uat-axhknnpmgslz-si "HTTP/1.1 406 Not Acceptable"
2026-09-18 11:45:37,755 - mcp_server.oic_client - INFO - HTTP request to /ic/api/integration/v1/integrations/APDU_DXI_WACS_COSTESTI%7C01.00.0010/archive completed in 0.31s (Status: 406)
2026-09-18 11:45:37,755 - mcp_server.main - ERROR - Tool export_integration failed after 0.31s: Client error '406 Not Acceptable' for url 'https://design.integration.ap-singapore-1.ocp.oraclecloud.com/ic/api/integration/v1/integrations/APDU_DXI_WACS_COSTESTI%7C01.00.0010/archive?integrationInstance=ap-ccs-oic-uat-axhknnpmgslz-si'
For more information check: https://developer.mozilla.org/en-US/docs/Web/HTTP/Status/406
2026-09-18 11:45:56,134 - mcp_server.main - INFO - Received MCP request: tools/call (ID: 8)
2026-09-18 11:45:56,134 - mcp_server.main - INFO - Executing tool: summarize_integration_with_steps
2026-09-18 11:45:56,135 - mcp_server.oic_client - INFO - Getting integration: APDU_DXI_WACS_COSTESTI, version: 01.00.0010
2026-09-18 11:45:56,457 - httpx - INFO - HTTP Request: GET https://design.integration.ap-singapore-1.ocp.oraclecloud.com/ic/api/integration/v1/integrations/APDU_DXI_WACS_COSTESTI%7C01.00.0010?integrationInstance=ap-ccs-oic-uat-axhknnpmgslz-si "HTTP/1.1 404 Not Found"
2026-09-18 11:45:56,462 - mcp_server.oic_client - INFO - HTTP request to /ic/api/integration/v1/integrations/APDU_DXI_WACS_COSTESTI%7C01.00.0010 completed in 0.32s (Status: 404)
2026-09-18 11:45:56,463 - mcp_server.main - ERROR - Tool summarize_integration_with_steps failed after 0.33s: Client error '404 Not Found' for url 'https://design.integration.ap-singapore-1.ocp.oraclecloud.com/ic/api/integration/v1/integrations/APDU_DXI_WACS_COSTESTI%7C01.00.0010?integrationInstance=ap-ccs-oic-uat-axhknnpmgslz-si'
For more information check: https://developer.mozilla.org/en-US/docs/Web/HTTP/Status/404
2026-09-18 11:47:04,259 - mcp_server.main - INFO - Received MCP request: tools/call (ID: 9)
2026-09-18 11:47:04,260 - mcp_server.main - INFO - Executing tool: get_project_integration
2026-09-18 11:47:05,026 - httpx - INFO - HTTP Request: GET https://design.integration.ap-singapore-1.ocp.oraclecloud.com/ic/api/integration/v1/projects/APDU_WACS_DXI_GIS/integrations/APDU_OFSC_DXI_REQUES_COSTES%7C01.00.0005?integrationInstance=ap-ccs-oic-uat-axhknnpmgslz-si "HTTP/1.1 200 OK"
2026-09-18 11:47:05,029 - mcp_server.oic_client - INFO - HTTP request to /ic/api/integration/v1/projects/APDU_WACS_DXI_GIS/integrations/APDU_OFSC_DXI_REQUES_COSTES%7C01.00.0005 completed in 0.77s (Status: 200)
2026-09-18 11:47:05,030 - mcp_server.main - INFO - Tool get_project_integration executed successfully in 0.77s
2026-09-18 11:47:05,031 - mcp_server.main - INFO - Tool get_project_integration request completed in 0.77s total
2026-09-18 11:47:06,746 - mcp_server.main - INFO - Received MCP request: tools/call (ID: 10)
2026-09-18 11:47:06,746 - mcp_server.main - INFO - Executing tool: get_project_integration
2026-09-18 11:47:07,181 - httpx - INFO - HTTP Request: GET https://design.integration.ap-singapore-1.ocp.oraclecloud.com/ic/api/integration/v1/projects/APDU_WACS_DXI_GIS/integrations/APDU_DXI_OFSC_COSTESTI%7C01.00.0021?integrationInstance=ap-ccs-oic-uat-axhknnpmgslz-si "HTTP/1.1 200 OK"
2026-09-18 11:47:07,185 - mcp_server.oic_client - INFO - HTTP request to /ic/api/integration/v1/projects/APDU_WACS_DXI_GIS/integrations/APDU_DXI_OFSC_COSTESTI%7C01.00.0021 completed in 0.44s (Status: 200)
2026-09-18 11:47:07,186 - mcp_server.main - INFO - Tool get_project_integration executed successfully in 0.44s
2026-09-18 11:47:07,187 - mcp_server.main - INFO - Tool get_project_integration request completed in 0.44s total
2026-09-18 11:48:24,714 - mcp_server.main - INFO - Received MCP request: tools/call (ID: 11)
2026-09-18 11:48:24,715 - mcp_server.main - INFO - Executing tool: fetch_raw_path
2026-09-18 11:48:25,082 - httpx - INFO - HTTP Request: GET https://design.integration.ap-singapore-1.ocp.oraclecloud.com/ic/api/integration/v1/projects/APDU_WACS_DXI_GIS/integrations/APDU_DXI_WACS_COSTESTI%7C01.00.0010/archive?integrationInstance=ap-ccs-oic-uat-axhknnpmgslz-si "HTTP/1.1 406 Not Acceptable"
2026-09-18 11:48:25,084 - mcp_server.oic_client - INFO - HTTP request to /ic/api/integration/v1/projects/APDU_WACS_DXI_GIS/integrations/APDU_DXI_WACS_COSTESTI%7C01.00.0010/archive completed in 0.37s (Status: 406)
2026-09-18 11:48:25,085 - mcp_server.main - ERROR - Tool fetch_raw_path failed after 0.37s: Client error '406 Not Acceptable' for url 'https://design.integration.ap-singapore-1.ocp.oraclecloud.com/ic/api/integration/v1/projects/APDU_WACS_DXI_GIS/integrations/APDU_DXI_WACS_COSTESTI%7C01.00.0010/archive?integrationInstance=ap-ccs-oic-uat-axhknnpmgslz-si'
For more information check: https://developer.mozilla.org/en-US/docs/Web/HTTP/Status/406
2026-09-18 11:49:00,267 - mcp_server.main - INFO - Received MCP request: tools/call (ID: 12)
2026-09-18 11:49:00,267 - mcp_server.main - INFO - Executing tool: deep_flow_outline
2026-09-18 11:49:00,269 - mcp_server.oic_client - INFO - Getting integration: ORACL_UTILI_CCS_TO_GL_CALLB, version: 01.00.0000
2026-09-18 11:49:00,914 - httpx - INFO - HTTP Request: GET https://design.integration.ap-singapore-1.ocp.oraclecloud.com/ic/api/integration/v1/integrations/ORACL_UTILI_CCS_TO_GL_CALLB%7C01.00.0000?integrationInstance=ap-ccs-oic-uat-axhknnpmgslz-si "HTTP/1.1 200 OK"
2026-09-18 11:49:00,916 - mcp_server.oic_client - INFO - HTTP request to /ic/api/integration/v1/integrations/ORACL_UTILI_CCS_TO_GL_CALLB%7C01.00.0000 completed in 0.65s (Status: 200)
2026-09-18 11:49:00,917 - mcp_server.oic_client - INFO - get_integration completed for ORACL_UTILI_CCS_TO_GL_CALLB in 0.65s
2026-09-18 11:49:00,919 - mcp_server.main - INFO - Tool deep_flow_outline executed successfully in 0.65s
2026-09-18 11:49:00,919 - mcp_server.main - INFO - Tool deep_flow_outline request completed in 0.65s total
2026-09-18 12:43:29,812 - __main__ - INFO - WebSocket connection disconnected
ected
2026-09-18 12:43:29,815 - __main__ - INFO - WebSocket connection disconnected
2026-09-18 12:43:29,817 - mcp_server.main - INFO - WebSocket connection disconnected
2026-09-18 12:43:45,055 - __main__ - INFO - WebSocket connection accepted (subprotocol='mcp')
2026-09-18 12:43:45,056 - __main__ - INFO - WebSocket connection accepted (subprotocol='mcp')
2026-09-18 12:43:45,061 - mcp_server.main - INFO - WebSocket connection accepted (subprotocol='mcp')
2026-09-18 12:43:45,070 - mcp_server.main - INFO - WebSocket connection accepted (subprotocol='mcp')
2026-09-18 12:43:45,075 - __main__ - INFO - Received MCP request: initialize (ID: 0)
2026-09-18 12:43:45,076 - __main__ - INFO - Processing initialize request
2026-09-18 12:43:45,077 - mcp_server.main - INFO - Received MCP request: initialize (ID: 0)
2026-09-18 12:43:45,077 - __main__ - INFO - Initialize request completed
2026-09-18 12:43:45,078 - mcp_server.main - INFO - Processing initialize request
2026-09-18 12:43:45,078 - mcp_server.main - INFO - Initialize request completed
2026-09-18 12:43:45,082 - __main__ - INFO - Received MCP request: notifications/initialized (ID: None)
2026-09-18 12:43:45,087 - __main__ - ERROR - Unknown method: notifications/initialized
2026-09-18 12:43:45,087 - mcp_server.main - INFO - Received MCP request: notifications/initialized (ID: None)
2026-09-18 12:43:45,088 - mcp_server.main - ERROR - Unknown method: notifications/initialized
2026-09-18 12:43:45,089 - __main__ - INFO - Received MCP request: tools/list (ID: 1)
2026-09-18 12:43:45,090 - __main__ - INFO - Processing tools/list request
2026-09-18 12:43:45,090 - mcp_server.main - INFO - Received MCP request: tools/list (ID: 1)
2026-09-18 12:43:45,090 - mcp_server.main - INFO - Processing tools/list request
2026-09-18 12:43:45,094 - mcp_server.main - INFO - Tools list request completed
2026-09-18 12:43:45,094 - __main__ - INFO - Tools list request completed
2026-09-18 12:43:45,096 - mcp_server.main - INFO - WebSocket connection disconnected
2026-09-18 12:43:45,098 - __main__ - INFO - WebSocket connection disconnected
2026-09-18 12:43:46,077 - mcp_server.main - INFO - WebSocket connection accepted (subprotocol='mcp')
2026-09-18 12:43:46,170 - __main__ - INFO - WebSocket connection accepted (subprotocol='mcp')
2026-09-18 12:43:46,214 - mcp_server.main - INFO - Received MCP request: initialize (ID: 0)
2026-09-18 12:43:46,214 - __main__ - INFO - Received MCP request: initialize (ID: 0)
2026-09-18 12:43:46,214 - mcp_server.main - INFO - Processing initialize request
2026-09-18 12:43:46,215 - __main__ - INFO - Initialize request completed
2026-09-18 12:43:46,216 - mcp_server.main - INFO - Initialize request completed
2026-09-18 12:43:46,322 - __main__ - INFO - Received MCP request: notifications/initialized (ID: None)
2026-09-18 12:43:46,323 - __main__ - ERROR - Unknown method: notifications/initialized
2026-09-18 12:43:46,347 - __main__ - INFO - Received MCP request: tools/list (ID: 1)
2026-09-18 12:43:46,347 - mcp_server.main - INFO - Received MCP request: notifications/initialized (ID: None)
2026-09-18 12:43:46,347 - __main__ - INFO - Processing tools/list request
2026-09-18 12:43:46,347 - mcp_server.main - ERROR - Unknown method: notifications/initialized
2026-09-18 12:43:46,350 - __main__ - INFO - Tools list request completed
2026-09-18 12:43:46,376 - mcp_server.main - INFO - Received MCP request: tools/list (ID: 1)
2026-09-18 12:43:46,376 - mcp_server.main - INFO - Processing tools/list request
2026-09-18 12:43:46,379 - mcp_server.main - INFO - Tools list request completed
2026-09-21 13:50:27,854 - mcp_server.main - INFO - WebSocket connection disconnected
